game_id,season,week,game_date,team,side,actual_primary_qb_id,actual_primary_qb_name,actual_primary_qb_attempts,projected_qb_id,projected_qb_name,cutoff_utc,snapshot_utc,depth_chart_qb_id,depth_chart_qb_name,previous_available,depth_available,previous_correct,depth_correct
2025_01_ARI_NO,2025,1,2025-09-07,ARI,away,00-0035228,Kyler Murray,29,,,2025-09-07T00:00:00.000000+0000,2025-09-06T07:13:36.000000+0000,00-0035228,Kyler Murray,false,true,false,true
2025_01_TB_ATL,2025,1,2025-09-07,ATL,home,00-0039917,Michael Penix Jr.,42,,,2025-09-07T00:00:00.000000+0000,2025-09-06T07:13:36.000000+0000,00-0039917,Michael Penix Jr.,false,true,false,true
2025_01_BAL_BUF,2025,1,2025-09-07,BAL,away,00-0034796,Lamar Jackson,19,,,2025-09-07T00:00:00.000000+0000,2025-09-06T07:13:36.000000+0000,00-0034796,Lamar Jackson,false,true,false,true
2025_01_BAL_BUF,2025,1,2025-09-07,BUF,home,00-0034857,Josh Allen,46,,,2025-09-07T00:00:00.000000+0000,2025-09-06T07:13:36.000000+0000,00-0034857,Josh Allen,false,true,false,true
2025_01_CAR_JAX,2025,1,2025-09-07,CAR,away,00-0039150,Bryce Young,35,,,2025-09-07T00:00:00.000000+0000,2025-09-06T07:13:36.000000+0000,00-0039150,Bryce Young,false,true,false,true
2025_01_MIN_CHI,2025,1,2025-09-08,CHI,home,00-0039918,Caleb Williams,35,,,2025-09-08T00:00:00.000000+0000,2025-09-07T07:14:53.000000+0000,00-0039918,Caleb Williams,false,true,false,true
2025_01_CIN_CLE,2025,1,2025-09-07,CIN,away,00-0036442,Joe Burrow,23,,,2025-09-07T00:00:00.000000+0000,2025-09-06T07:13:36.000000+0000,00-0036442,Joe Burrow,false,true,false,true
2025_01_CIN_CLE,2025,1,2025-09-07,CLE,home,00-0026158,Joe Flacco,45,,,2025-09-07T00:00:00.000000+0000,2025-09-06T07:13:36.000000+0000,00-0026158,Joe Flacco,false,true,false,true
2025_01_DAL_PHI,2025,1,2025-09-04,DAL,away,00-0033077,Dak Prescott,34,,,2025-09-04T00:00:00.000000+0000,2025-09-03T07:14:41.000000+0000,00-0033077,Dak Prescott,false,true,false,true
2025_01_TEN_DEN,2025,1,2025-09-07,DEN,home,00-0039732,Bo Nix,40,,,2025-09-07T00:00:00.000000+0000,2025-09-06T07:13:36.000000+0000,00-0039732,Bo Nix,false,true,false,true
2025_01_DET_GB,2025,1,2025-09-07,DET,away,00-0033106,Jared Goff,39,,,2025-09-07T00:00:00.000000+0000,2025-09-06T07:13:36.000000+0000,00-0033106,Jared Goff,false,true,false,true
2025_01_DET_GB,2025,1,2025-09-07,GB,home,00-0036264,Jordan Love,22,,,2025-09-07T00:00:00.000000+0000,2025-09-06T07:13:36.000000+0000,00-0036264,Jordan Love,false,true,false,true
2025_01_HOU_LA,2025,1,2025-09-07,HOU,away,00-0039163,C.J. Stroud,27,,,2025-09-07T00:00:00.000000+0000,2025-09-06T07:13:36.000000+0000,00-0039163,C.J. Stroud,false,true,false,true
2025_01_MIA_IND,2025,1,2025-09-07,IND,home,00-0035710,Daniel Jones,29,,,2025-09-07T00:00:00.000000+0000,2025-09-06T07:13:36.000000+0000,00-0035710,Daniel Jones,false,true,false,true
2025_01_CAR_JAX,2025,1,2025-09-07,JAX,home,00-0036971,Trevor Lawrence,31,,,2025-09-07T00:00:00.000000+0000,2025-09-06T07:13:36.000000+0000,00-0036971,Trevor Lawrence,false,true,false,true
2025_01_KC_LAC,2025,1,2025-09-05,KC,away,00-0033873,Patrick Mahomes,39,,,2025-09-05T00:00:00.000000+0000,2025-09-04T07:21:47.000000+0000,00-0033873,Patrick Mahomes,false,true,false,true
2025_01_HOU_LA,2025,1,2025-09-07,LA,home,00-0026498,Matthew Stafford,29,,,2025-09-07T00:00:00.000000+0000,2025-09-06T07:13:36.000000+0000,00-0026498,Matthew Stafford,false,true,false,true
2025_01_KC_LAC,2025,1,2025-09-05,LAC,home,00-0036355,Justin Herbert,34,,,2025-09-05T00:00:00.000000+0000,2025-09-04T07:21:47.000000+0000,00-0036355,Justin Herbert,false,true,false,true
2025_01_LV_NE,2025,1,2025-09-07,LV,away,00-0030565,Geno Smith,34,,,2025-09-07T00:00:00.000000+0000,2025-09-06T07:13:36.000000+0000,00-0030565,Geno Smith,false,true,false,true
2025_01_MIA_IND,2025,1,2025-09-07,MIA,away,00-0036212,Tua Tagovailoa,23,,,2025-09-07T00:00:00.000000+0000,2025-09-06T07:13:36.000000+0000,00-0036212,Tua Tagovailoa,false,true,false,true
2025_01_MIN_CHI,2025,1,2025-09-08,MIN,away,00-0039923,J.J. McCarthy,20,,,2025-09-08T00:00:00.000000+0000,2025-09-07T07:14:53.000000+0000,00-0039923,J.J. McCarthy,false,true,false,true
2025_01_LV_NE,2025,1,2025-09-07,NE,home,00-0039851,Drake Maye,46,,,2025-09-07T00:00:00.000000+0000,2025-09-06T07:13:36.000000+0000,00-0039851,Drake Maye,false,true,false,true
2025_01_ARI_NO,2025,1,2025-09-07,NO,home,00-0039376,Spencer Rattler,46,,,2025-09-07T00:00:00.000000+0000,2025-09-06T07:13:36.000000+0000,00-0039376,Spencer Rattler,false,true,false,true
2025_01_NYG_WAS,2025,1,2025-09-07,NYG,away,00-0029263,Russell Wilson,37,,,2025-09-07T00:00:00.000000+0000,2025-09-06T07:13:36.000000+0000,00-0029263,Russell Wilson,false,true,false,true
2025_01_PIT_NYJ,2025,1,2025-09-07,NYJ,home,00-0036945,Justin Fields,22,,,2025-09-07T00:00:00.000000+0000,2025-09-06T07:13:36.000000+0000,00-0036945,Justin Fields,false,true,false,true
2025_01_DAL_PHI,2025,1,2025-09-04,PHI,home,00-0036389,Jalen Hurts,23,,,2025-09-04T00:00:00.000000+0000,2025-09-03T07:14:41.000000+0000,00-0036389,Jalen Hurts,false,true,false,true
2025_01_PIT_NYJ,2025,1,2025-09-07,PIT,away,00-0023459,Aaron Rodgers,30,,,2025-09-07T00:00:00.000000+0000,2025-09-06T07:13:36.000000+0000,00-0023459,Aaron Rodgers,false,true,false,true
2025_01_SF_SEA,2025,1,2025-09-07,SEA,home,00-0034869,Sam Darnold,23,,,2025-09-07T00:00:00.000000+0000,2025-09-06T07:13:36.000000+0000,00-0034869,Sam Darnold,false,true,false,true
2025_01_SF_SEA,2025,1,2025-09-07,SF,away,00-0037834,Brock Purdy,35,,,2025-09-07T00:00:00.000000+0000,2025-09-06T07:13:36.000000+0000,00-0037834,Brock Purdy,false,true,false,true
2025_01_TB_ATL,2025,1,2025-09-07,TB,away,00-0034855,Baker Mayfield,32,,,2025-09-07T00:00:00.000000+0000,2025-09-06T07:13:36.000000+0000,00-0034855,Baker Mayfield,false,true,false,true
2025_01_TEN_DEN,2025,1,2025-09-07,TEN,away,00-0040676,Cam Ward,28,,,2025-09-07T00:00:00.000000+0000,2025-09-06T07:13:36.000000+0000,00-0040676,Cam Ward,false,true,false,true
2025_01_NYG_WAS,2025,1,2025-09-07,WAS,home,00-0039910,Jayden Daniels,30,,,2025-09-07T00:00:00.000000+0000,2025-09-06T07:13:36.000000+0000,00-0039910,Jayden Daniels,false,true,false,true
2025_02_CAR_ARI,2025,2,2025-09-14,ARI,home,00-0035228,Kyler Murray,25,00-0035228,Kyler Murray,2025-09-14T00:00:00.000000+0000,2025-09-13T07:12:47.000000+0000,00-0035228,Kyler Murray,true,true,true,true
2025_02_ATL_MIN,2025,2,2025-09-14,ATL,away,00-0039917,Michael Penix Jr.,21,00-0039917,Michael Penix Jr.,2025-09-14T00:00:00.000000+0000,2025-09-13T07:12:47.000000+0000,00-0039917,Michael Penix Jr.,true,true,true,true
2025_02_CLE_BAL,2025,2,2025-09-14,BAL,home,00-0034796,Lamar Jackson,29,00-0034796,Lamar Jackson,2025-09-14T00:00:00.000000+0000,2025-09-13T07:12:47.000000+0000,00-0034796,Lamar Jackson,true,true,true,true
2025_02_BUF_NYJ,2025,2,2025-09-14,BUF,away,00-0034857,Josh Allen,25,00-0034857,Josh Allen,2025-09-14T00:00:00.000000+0000,2025-09-13T07:12:47.000000+0000,00-0034857,Josh Allen,true,true,true,true
2025_02_CAR_ARI,2025,2,2025-09-14,CAR,away,00-0039150,Bryce Young,55,00-0039150,Bryce Young,2025-09-14T00:00:00.000000+0000,2025-09-13T07:12:47.000000+0000,00-0039150,Bryce Young,true,true,true,true
2025_02_CHI_DET,2025,2,2025-09-14,CHI,away,00-0039918,Caleb Williams,30,00-0039918,Caleb Williams,2025-09-14T00:00:00.000000+0000,2025-09-13T07:12:47.000000+0000,00-0039918,Caleb Williams,true,true,true,true
2025_02_JAX_CIN,2025,2,2025-09-14,CIN,home,00-0035100,Jake Browning,32,00-0036442,Joe Burrow,2025-09-14T00:00:00.000000+0000,2025-09-13T07:12:47.000000+0000,00-0036442,Joe Burrow,true,true,false,false
2025_02_CLE_BAL,2025,2,2025-09-14,CLE,away,00-0026158,Joe Flacco,45,00-0026158,Joe Flacco,2025-09-14T00:00:00.000000+0000,2025-09-13T07:12:47.000000+0000,00-0026158,Joe Flacco,true,true,true,true
2025_02_NYG_DAL,2025,2,2025-09-14,DAL,home,00-0033077,Dak Prescott,52,00-0033077,Dak Prescott,2025-09-14T00:00:00.000000+0000,2025-09-13T07:12:47.000000+0000,00-0033077,Dak Prescott,true,true,true,true
2025_02_DEN_IND,2025,2,2025-09-14,DEN,away,00-0039732,Bo Nix,30,00-0039732,Bo Nix,2025-09-14T00:00:00.000000+0000,2025-09-13T07:12:47.000000+0000,00-0039732,Bo Nix,true,true,true,true
2025_02_CHI_DET,2025,2,2025-09-14,DET,home,00-0033106,Jared Goff,28,00-0033106,Jared Goff,2025-09-14T00:00:00.000000+0000,2025-09-13T07:12:47.000000+0000,00-0033106,Jared Goff,true,true,true,true
2025_02_WAS_GB,2025,2,2025-09-11,GB,home,00-0036264,Jordan Love,31,00-0036264,Jordan Love,2025-09-11T00:00:00.000000+0000,2025-09-10T07:14:58.000000+0000,00-0036264,Jordan Love,true,true,true,true
2025_02_TB_HOU,2025,2,2025-09-15,HOU,home,00-0039163,C.J. Stroud,24,00-0039163,C.J. Stroud,2025-09-15T00:00:00.000000+0000,2025-09-14T07:13:24.000000+0000,00-0039163,C.J. Stroud,true,true,true,true
2025_02_DEN_IND,2025,2,2025-09-14,IND,home,00-0035710,Daniel Jones,34,00-0035710,Daniel Jones,2025-09-14T00:00:00.000000+0000,2025-09-13T07:12:47.000000+0000,00-0035710,Daniel Jones,true,true,true,true
2025_02_JAX_CIN,2025,2,2025-09-14,JAX,away,00-0036971,Trevor Lawrence,42,00-0036971,Trevor Lawrence,2025-09-14T00:00:00.000000+0000,2025-09-13T07:12:47.000000+0000,00-0036971,Trevor Lawrence,true,true,true,true
2025_02_PHI_KC,2025,2,2025-09-14,KC,home,00-0033873,Patrick Mahomes,29,00-0033873,Patrick Mahomes,2025-09-14T00:00:00.000000+0000,2025-09-13T07:12:47.000000+0000,00-0033873,Patrick Mahomes,true,true,true,true
2025_02_LA_TEN,2025,2,2025-09-14,LA,away,00-0026498,Matthew Stafford,33,00-0026498,Matthew Stafford,2025-09-14T00:00:00.000000+0000,2025-09-13T07:12:47.000000+0000,00-0026498,Matthew Stafford,true,true,true,true
2025_02_LAC_LV,2025,2,2025-09-15,LAC,away,00-0036355,Justin Herbert,27,00-0036355,Justin Herbert,2025-09-15T00:00:00.000000+0000,2025-09-14T07:13:24.000000+0000,00-0036355,Justin Herbert,true,true,true,true
2025_02_LAC_LV,2025,2,2025-09-15,LV,home,00-0030565,Geno Smith,43,00-0030565,Geno Smith,2025-09-15T00:00:00.000000+0000,2025-09-14T07:13:24.000000+0000,00-0030565,Geno Smith,true,true,true,true
2025_02_NE_MIA,2025,2,2025-09-14,MIA,home,00-0036212,Tua Tagovailoa,32,00-0036212,Tua Tagovailoa,2025-09-14T00:00:00.000000+0000,2025-09-13T07:12:47.000000+0000,00-0036212,Tua Tagovailoa,true,true,true,true
2025_02_ATL_MIN,2025,2,2025-09-14,MIN,home,00-0039923,J.J. McCarthy,21,00-0039923,J.J. McCarthy,2025-09-14T00:00:00.000000+0000,2025-09-13T07:12:47.000000+0000,00-0039923,J.J. McCarthy,true,true,true,true
2025_02_NE_MIA,2025,2,2025-09-14,NE,away,00-0039851,Drake Maye,23,00-0039851,Drake Maye,2025-09-14T00:00:00.000000+0000,2025-09-13T07:12:47.000000+0000,00-0039851,Drake Maye,true,true,true,true
2025_02_SF_NO,2025,2,2025-09-14,NO,home,00-0039376,Spencer Rattler,34,00-0039376,Spencer Rattler,2025-09-14T00:00:00.000000+0000,2025-09-13T07:12:47.000000+0000,00-0039376,Spencer Rattler,true,true,true,true
2025_02_NYG_DAL,2025,2,2025-09-14,NYG,away,00-0029263,Russell Wilson,41,00-0029263,Russell Wilson,2025-09-14T00:00:00.000000+0000,2025-09-13T07:12:47.000000+0000,00-0029263,Russell Wilson,true,true,true,true
2025_02_PHI_KC,2025,2,2025-09-14,PHI,away,00-0036389,Jalen Hurts,22,00-0036389,Jalen Hurts,2025-09-14T00:00:00.000000+0000,2025-09-13T07:12:47.000000+0000,00-0036389,Jalen Hurts,true,true,true,true
2025_02_SEA_PIT,2025,2,2025-09-14,PIT,home,00-0023459,Aaron Rodgers,33,00-0023459,Aaron Rodgers,2025-09-14T00:00:00.000000+0000,2025-09-13T07:12:47.000000+0000,00-0023459,Aaron Rodgers,true,true,true,true
2025_02_SEA_PIT,2025,2,2025-09-14,SEA,away,00-0034869,Sam Darnold,33,00-0034869,Sam Darnold,2025-09-14T00:00:00.000000+0000,2025-09-13T07:12:47.000000+0000,00-0034869,Sam Darnold,true,true,true,true
2025_02_SF_NO,2025,2,2025-09-14,SF,away,00-0036972,Mac Jones,39,00-0037834,Brock Purdy,2025-09-14T00:00:00.000000+0000,2025-09-13T07:12:47.000000+0000,00-0037834,Brock Purdy,true,true,false,false
2025_02_TB_HOU,2025,2,2025-09-15,TB,away,00-0034855,Baker Mayfield,38,00-0034855,Baker Mayfield,2025-09-15T00:00:00.000000+0000,2025-09-14T07:13:24.000000+0000,00-0034855,Baker Mayfield,true,true,true,true
2025_02_LA_TEN,2025,2,2025-09-14,TEN,home,00-0040676,Cam Ward,33,00-0040676,Cam Ward,2025-09-14T00:00:00.000000+0000,2025-09-13T07:12:47.000000+0000,00-0040676,Cam Ward,true,true,true,true
2025_02_WAS_GB,2025,2,2025-09-11,WAS,away,00-0039910,Jayden Daniels,42,00-0039910,Jayden Daniels,2025-09-11T00:00:00.000000+0000,2025-09-10T07:14:58.000000+0000,00-0039910,Jayden Daniels,true,true,true,true
2025_03_ARI_SF,2025,3,2025-09-21,ARI,away,00-0035228,Kyler Murray,35,00-0035228,Kyler Murray,2025-09-21T00:00:00.000000+0000,2025-09-20T07:13:32.000000+0000,00-0035228,Kyler Murray,true,true,true,true
2025_03_ATL_CAR,2025,3,2025-09-21,ATL,away,00-0039917,Michael Penix Jr.,36,00-0039917,Michael Penix Jr.,2025-09-21T00:00:00.000000+0000,2025-09-20T07:13:32.000000+0000,00-0039917,Michael Penix Jr.,true,true,true,true
2025_03_DET_BAL,2025,3,2025-09-22,BAL,home,00-0034796,Lamar Jackson,27,00-0034796,Lamar Jackson,2025-09-22T00:00:00.000000+0000,2025-09-21T07:13:06.000000+0000,00-0034796,Lamar Jackson,true,true,true,true
2025_03_MIA_BUF,2025,3,2025-09-18,BUF,home,00-0034857,Josh Allen,28,00-0034857,Josh Allen,2025-09-18T00:00:00.000000+0000,2025-09-17T07:14:22.000000+0000,00-0034857,Josh Allen,true,true,true,true
2025_03_ATL_CAR,2025,3,2025-09-21,CAR,home,00-0039150,Bryce Young,24,00-0039150,Bryce Young,2025-09-21T00:00:00.000000+0000,2025-09-20T07:13:32.000000+0000,00-0039150,Bryce Young,true,true,true,true
2025_03_DAL_CHI,2025,3,2025-09-21,CHI,home,00-0039918,Caleb Williams,28,00-0039918,Caleb Williams,2025-09-21T00:00:00.000000+0000,2025-09-20T07:13:32.000000+0000,00-0039918,Caleb Williams,true,true,true,true
2025_03_CIN_MIN,2025,3,2025-09-21,CIN,away,00-0035100,Jake Browning,27,00-0035100,Jake Browning,2025-09-21T00:00:00.000000+0000,2025-09-20T07:13:32.000000+0000,00-0035100,Jake Browning,true,true,true,true
2025_03_GB_CLE,2025,3,2025-09-21,CLE,home,00-0026158,Joe Flacco,36,00-0026158,Joe Flacco,2025-09-21T00:00:00.000000+0000,2025-09-20T07:13:32.000000+0000,00-0026158,Joe Flacco,true,true,true,true
2025_03_DAL_CHI,2025,3,2025-09-21,DAL,away,00-0033077,Dak Prescott,40,00-0033077,Dak Prescott,2025-09-21T00:00:00.000000+0000,2025-09-20T07:13:32.000000+0000,00-0033077,Dak Prescott,true,true,true,true
2025_03_DEN_LAC,2025,3,2025-09-21,DEN,away,00-0039732,Bo Nix,25,00-0039732,Bo Nix,2025-09-21T00:00:00.000000+0000,2025-09-20T07:13:32.000000+0000,00-0039732,Bo Nix,true,true,true,true
2025_03_DET_BAL,2025,3,2025-09-22,DET,away,00-0033106,Jared Goff,28,00-0033106,Jared Goff,2025-09-22T00:00:00.000000+0000,2025-09-21T07:13:06.000000+0000,00-0033106,Jared Goff,true,true,true,true
2025_03_GB_CLE,2025,3,2025-09-21,GB,away,00-0036264,Jordan Love,25,00-0036264,Jordan Love,2025-09-21T00:00:00.000000+0000,2025-09-20T07:13:32.000000+0000,00-0036264,Jordan Love,true,true,true,true
2025_03_HOU_JAX,2025,3,2025-09-21,HOU,away,00-0039163,C.J. Stroud,38,00-0039163,C.J. Stroud,2025-09-21T00:00:00.000000+0000,2025-09-20T07:13:32.000000+0000,00-0039163,C.J. Stroud,true,true,true,true
2025_03_IND_TEN,2025,3,2025-09-21,IND,away,00-0035710,Daniel Jones,25,00-0035710,Daniel Jones,2025-09-21T00:00:00.000000+0000,2025-09-20T07:13:32.000000+0000,00-0035710,Daniel Jones,true,true,true,true
2025_03_HOU_JAX,2025,3,2025-09-21,JAX,home,00-0036971,Trevor Lawrence,40,00-0036971,Trevor Lawrence,2025-09-21T00:00:00.000000+0000,2025-09-20T07:13:32.000000+0000,00-0036971,Trevor Lawrence,true,true,true,true
2025_03_KC_NYG,2025,3,2025-09-21,KC,away,00-0033873,Patrick Mahomes,37,00-0033873,Patrick Mahomes,2025-09-21T00:00:00.000000+0000,2025-09-20T07:13:32.000000+0000,00-0033873,Patrick Mahomes,true,true,true,true
2025_03_LA_PHI,2025,3,2025-09-21,LA,away,00-0026498,Matthew Stafford,33,00-0026498,Matthew Stafford,2025-09-21T00:00:00.000000+0000,2025-09-20T07:13:32.000000+0000,00-0026498,Matthew Stafford,true,true,true,true
2025_03_DEN_LAC,2025,3,2025-09-21,LAC,home,00-0036355,Justin Herbert,47,00-0036355,Justin Herbert,2025-09-21T00:00:00.000000+0000,2025-09-20T07:13:32.000000+0000,00-0036355,Justin Herbert,true,true,true,true
2025_03_LV_WAS,2025,3,2025-09-21,LV,away,00-0030565,Geno Smith,29,00-0030565,Geno Smith,2025-09-21T00:00:00.000000+0000,2025-09-20T07:13:32.000000+0000,00-0030565,Geno Smith,true,true,true,true
2025_03_MIA_BUF,2025,3,2025-09-18,MIA,away,00-0036212,Tua Tagovailoa,34,00-0036212,Tua Tagovailoa,2025-09-18T00:00:00.000000+0000,2025-09-17T07:14:22.000000+0000,00-0036212,Tua Tagovailoa,true,true,true,true
2025_03_CIN_MIN,2025,3,2025-09-21,MIN,home,00-0032950,Carson Wentz,20,00-0039923,J.J. McCarthy,2025-09-21T00:00:00.000000+0000,2025-09-20T07:13:32.000000+0000,00-0039923,J.J. McCarthy,true,true,false,false
2025_03_PIT_NE,2025,3,2025-09-21,NE,home,00-0039851,Drake Maye,37,00-0039851,Drake Maye,2025-09-21T00:00:00.000000+0000,2025-09-20T07:13:32.000000+0000,00-0039851,Drake Maye,true,true,true,true
2025_03_NO_SEA,2025,3,2025-09-21,NO,away,00-0039376,Spencer Rattler,39,00-0039376,Spencer Rattler,2025-09-21T00:00:00.000000+0000,2025-09-20T07:13:32.000000+0000,00-0039376,Spencer Rattler,true,true,true,true
2025_03_KC_NYG,2025,3,2025-09-21,NYG,home,00-0029263,Russell Wilson,32,00-0029263,Russell Wilson,2025-09-21T00:00:00.000000+0000,2025-09-20T07:13:32.000000+0000,00-0029263,Russell Wilson,true,true,true,true
2025_03_NYJ_TB,2025,3,2025-09-21,NYJ,away,00-0028118,Tyrod Taylor,36,,,2025-09-21T00:00:00.000000+0000,2025-09-20T07:13:32.000000+0000,00-0036945,Justin Fields,false,true,false,false
2025_03_LA_PHI,2025,3,2025-09-21,PHI,home,00-0036389,Jalen Hurts,32,00-0036389,Jalen Hurts,2025-09-21T00:00:00.000000+0000,2025-09-20T07:13:32.000000+0000,00-0036389,Jalen Hurts,true,true,true,true
2025_03_PIT_NE,2025,3,2025-09-21,PIT,away,00-0023459,Aaron Rodgers,23,00-0023459,Aaron Rodgers,2025-09-21T00:00:00.000000+0000,2025-09-20T07:13:32.000000+0000,00-0023459,Aaron Rodgers,true,true,true,true
2025_03_NO_SEA,2025,3,2025-09-21,SEA,home,00-0034869,Sam Darnold,18,00-0034869,Sam Darnold,2025-09-21T00:00:00.000000+0000,2025-09-20T07:13:32.000000+0000,00-0034869,Sam Darnold,true,true,true,true
2025_03_ARI_SF,2025,3,2025-09-21,SF,home,00-0036972,Mac Jones,41,00-0036972,Mac Jones,2025-09-21T00:00:00.000000+0000,2025-09-20T07:13:32.000000+0000,00-0037834,Brock Purdy,true,true,true,false
2025_03_NYJ_TB,2025,3,2025-09-21,TB,home,00-0034855,Baker Mayfield,29,00-0034855,Baker Mayfield,2025-09-21T00:00:00.000000+0000,2025-09-20T07:13:32.000000+0000,00-0034855,Baker Mayfield,true,true,true,true
2025_03_IND_TEN,2025,3,2025-09-21,TEN,home,00-0040676,Cam Ward,38,00-0040676,Cam Ward,2025-09-21T00:00:00.000000+0000,2025-09-20T07:13:32.000000+0000,00-0040676,Cam Ward,true,true,true,true
2025_03_LV_WAS,2025,3,2025-09-21,WAS,home,00-0032268,Marcus Mariota,21,00-0039910,Jayden Daniels,2025-09-21T00:00:00.000000+0000,2025-09-20T07:13:32.000000+0000,00-0039910,Jayden Daniels,true,true,false,false
2025_04_SEA_ARI,2025,4,2025-09-25,ARI,home,00-0035228,Kyler Murray,41,00-0035228,Kyler Murray,2025-09-25T00:00:00.000000+0000,2025-09-24T07:15:30.000000+0000,00-0035228,Kyler Murray,true,true,true,true
2025_04_WAS_ATL,2025,4,2025-09-28,ATL,home,00-0039917,Michael Penix Jr.,26,00-0039917,Michael Penix Jr.,2025-09-28T00:00:00.000000+0000,2025-09-27T07:12:39.000000+0000,00-0039917,Michael Penix Jr.,true,true,true,true
2025_04_BAL_KC,2025,4,2025-09-28,BAL,away,00-0034796,Lamar Jackson,20,00-0034796,Lamar Jackson,2025-09-28T00:00:00.000000+0000,2025-09-27T07:12:39.000000+0000,00-0034796,Lamar Jackson,true,true,true,true
2025_04_NO_BUF,2025,4,2025-09-28,BUF,home,00-0034857,Josh Allen,22,00-0034857,Josh Allen,2025-09-28T00:00:00.000000+0000,2025-09-27T07:12:39.000000+0000,00-0034857,Josh Allen,true,true,true,true
2025_04_CAR_NE,2025,4,2025-09-28,CAR,away,00-0039150,Bryce Young,30,00-0039150,Bryce Young,2025-09-28T00:00:00.000000+0000,2025-09-27T07:12:39.000000+0000,00-0039150,Bryce Young,true,true,true,true
2025_04_CHI_LV,2025,4,2025-09-28,CHI,away,00-0039918,Caleb Williams,37,00-0039918,Caleb Williams,2025-09-28T00:00:00.000000+0000,2025-09-27T07:12:39.000000+0000,00-0039918,Caleb Williams,true,true,true,true
2025_04_CIN_DEN,2025,4,2025-09-29,CIN,away,00-0035100,Jake Browning,25,00-0035100,Jake Browning,2025-09-29T00:00:00.000000+0000,2025-09-28T07:13:09.000000+0000,00-0035100,Jake Browning,true,true,true,true
2025_04_CLE_DET,2025,4,2025-09-28,CLE,away,00-0026158,Joe Flacco,34,00-0026158,Joe Flacco,2025-09-28T00:00:00.000000+0000,2025-09-27T07:12:39.000000+0000,00-0026158,Joe Flacco,true,true,true,true
2025_04_GB_DAL,2025,4,2025-09-28,DAL,home,00-0033077,Dak Prescott,40,00-0033077,Dak Prescott,2025-09-28T00:00:00.000000+0000,2025-09-27T07:12:39.000000+0000,00-0033077,Dak Prescott,true,true,true,true
2025_04_CIN_DEN,2025,4,2025-09-29,DEN,home,00-0039732,Bo Nix,42,00-0039732,Bo Nix,2025-09-29T00:00:00.000000+0000,2025-09-28T07:13:09.000000+0000,00-0039732,Bo Nix,true,true,true,true
2025_04_CLE_DET,2025,4,2025-09-28,DET,home,00-0033106,Jared Goff,27,00-0033106,Jared Goff,2025-09-28T00:00:00.000000+0000,2025-09-27T07:12:39.000000+0000,00-0033106,Jared Goff,true,true,true,true
2025_04_GB_DAL,2025,4,2025-09-28,GB,away,00-0036264,Jordan Love,43,00-0036264,Jordan Love,2025-09-28T00:00:00.000000+0000,2025-09-27T07:12:39.000000+0000,00-0036264,Jordan Love,true,true,true,true
2025_04_TEN_HOU,2025,4,2025-09-28,HOU,home,00-0039163,C.J. Stroud,28,00-0039163,C.J. Stroud,2025-09-28T00:00:00.000000+0000,2025-09-27T07:12:39.000000+0000,00-0039163,C.J. Stroud,true,true,true,true
2025_04_IND_LA,2025,4,2025-09-28,IND,away,00-0035710,Daniel Jones,33,00-0035710,Daniel Jones,2025-09-28T00:00:00.000000+0000,2025-09-27T07:12:39.000000+0000,00-0035710,Daniel Jones,true,true,true,true
2025_04_JAX_SF,2025,4,2025-09-28,JAX,away,00-0036971,Trevor Lawrence,31,00-0036971,Trevor Lawrence,2025-09-28T00:00:00.000000+0000,2025-09-27T07:12:39.000000+0000,00-0036971,Trevor Lawrence,true,true,true,true
2025_04_BAL_KC,2025,4,2025-09-28,KC,home,00-0033873,Patrick Mahomes,37,00-0033873,Patrick Mahomes,2025-09-28T00:00:00.000000+0000,2025-09-27T07:12:39.000000+0000,00-0033873,Patrick Mahomes,true,true,true,true
2025_04_IND_LA,2025,4,2025-09-28,LA,home,00-0026498,Matthew Stafford,41,00-0026498,Matthew Stafford,2025-09-28T00:00:00.000000+0000,2025-09-27T07:12:39.000000+0000,00-0026498,Matthew Stafford,true,true,true,true
2025_04_LAC_NYG,2025,4,2025-09-28,LAC,away,00-0036355,Justin Herbert,41,00-0036355,Justin Herbert,2025-09-28T00:00:00.000000+0000,2025-09-27T07:12:39.000000+0000,00-0036355,Justin Herbert,true,true,true,true
2025_04_CHI_LV,2025,4,2025-09-28,LV,home,00-0030565,Geno Smith,21,00-0030565,Geno Smith,2025-09-28T00:00:00.000000+0000,2025-09-27T07:12:39.000000+0000,00-0030565,Geno Smith,true,true,true,true
2025_04_NYJ_MIA,2025,4,2025-09-29,MIA,home,00-0036212,Tua Tagovailoa,25,00-0036212,Tua Tagovailoa,2025-09-29T00:00:00.000000+0000,2025-09-28T07:13:09.000000+0000,00-0036212,Tua Tagovailoa,true,true,true,true
2025_04_MIN_PIT,2025,4,2025-09-28,MIN,away,00-0032950,Carson Wentz,46,00-0032950,Carson Wentz,2025-09-28T00:00:00.000000+0000,2025-09-27T07:12:39.000000+0000,00-0039923,J.J. McCarthy,true,true,true,false
2025_04_CAR_NE,2025,4,2025-09-28,NE,home,00-0039851,Drake Maye,17,00-0039851,Drake Maye,2025-09-28T00:00:00.000000+0000,2025-09-27T07:12:39.000000+0000,00-0039851,Drake Maye,true,true,true,true
2025_04_NO_BUF,2025,4,2025-09-28,NO,away,00-0039376,Spencer Rattler,27,00-0039376,Spencer Rattler,2025-09-28T00:00:00.000000+0000,2025-09-27T07:12:39.000000+0000,00-0039376,Spencer Rattler,true,true,true,true
2025_04_LAC_NYG,2025,4,2025-09-28,NYG,home,00-0040691,Jaxson Dart,20,00-0029263,Russell Wilson,2025-09-28T00:00:00.000000+0000,2025-09-27T07:12:39.000000+0000,00-0040691,Jaxson Dart,true,true,false,true
2025_04_NYJ_MIA,2025,4,2025-09-29,NYJ,away,00-0036945,Justin Fields,27,00-0028118,Tyrod Taylor,2025-09-29T00:00:00.000000+0000,2025-09-28T07:13:09.000000+0000,00-0036945,Justin Fields,true,true,false,true
2025_04_PHI_TB,2025,4,2025-09-28,PHI,away,00-0036389,Jalen Hurts,24,00-0036389,Jalen Hurts,2025-09-28T00:00:00.000000+0000,2025-09-27T07:12:39.000000+0000,00-0036389,Jalen Hurts,true,true,true,true
2025_04_MIN_PIT,2025,4,2025-09-28,PIT,home,00-0023459,Aaron Rodgers,22,00-0023459,Aaron Rodgers,2025-09-28T00:00:00.000000+0000,2025-09-27T07:12:39.000000+0000,00-0023459,Aaron Rodgers,true,true,true,true
2025_04_SEA_ARI,2025,4,2025-09-25,SEA,away,00-0034869,Sam Darnold,26,00-0034869,Sam Darnold,2025-09-25T00:00:00.000000+0000,2025-09-24T07:15:30.000000+0000,00-0034869,Sam Darnold,true,true,true,true
2025_04_JAX_SF,2025,4,2025-09-28,SF,home,00-0037834,Brock Purdy,38,00-0036972,Mac Jones,2025-09-28T00:00:00.000000+0000,2025-09-27T07:12:39.000000+0000,00-0037834,Brock Purdy,true,true,false,true
2025_04_PHI_TB,2025,4,2025-09-28,TB,home,00-0034855,Baker Mayfield,40,00-0034855,Baker Mayfield,2025-09-28T00:00:00.000000+0000,2025-09-27T07:12:39.000000+0000,00-0034855,Baker Mayfield,true,true,true,true
2025_04_TEN_HOU,2025,4,2025-09-28,TEN,away,00-0040676,Cam Ward,26,00-0040676,Cam Ward,2025-09-28T00:00:00.000000+0000,2025-09-27T07:12:39.000000+0000,00-0040676,Cam Ward,true,true,true,true
2025_04_WAS_ATL,2025,4,2025-09-28,WAS,away,00-0032268,Marcus Mariota,27,00-0032268,Marcus Mariota,2025-09-28T00:00:00.000000+0000,2025-09-27T07:12:39.000000+0000,00-0039910,Jayden Daniels,true,true,true,false
2025_05_TEN_ARI,2025,5,2025-10-05,ARI,home,00-0035228,Kyler Murray,31,00-0035228,Kyler Murray,2025-10-05T00:00:00.000000+0000,2025-10-04T07:13:03.000000+0000,00-0035228,Kyler Murray,true,true,true,true
2025_05_HOU_BAL,2025,5,2025-10-05,BAL,home,00-0033662,Cooper Rush,20,00-0034796,Lamar Jackson,2025-10-05T00:00:00.000000+0000,2025-10-04T07:13:03.000000+0000,00-0034796,Lamar Jackson,true,true,false,false
2025_05_NE_BUF,2025,5,2025-10-05,BUF,home,00-0034857,Josh Allen,31,00-0034857,Josh Allen,2025-10-05T00:00:00.000000+0000,2025-10-04T07:13:03.000000+0000,00-0034857,Josh Allen,true,true,true,true
2025_05_MIA_CAR,2025,5,2025-10-05,CAR,home,00-0039150,Bryce Young,30,00-0039150,Bryce Young,2025-10-05T00:00:00.000000+0000,2025-10-04T07:13:03.000000+0000,00-0039150,Bryce Young,true,true,true,true
2025_05_DET_CIN,2025,5,2025-10-05,CIN,home,00-0035100,Jake Browning,40,00-0035100,Jake Browning,2025-10-05T00:00:00.000000+0000,2025-10-04T07:13:03.000000+0000,00-0035100,Jake Browning,true,true,true,true
2025_05_MIN_CLE,2025,5,2025-10-05,CLE,home,00-0040704,Dillon Gabriel,33,00-0026158,Joe Flacco,2025-10-05T00:00:00.000000+0000,2025-10-04T07:13:03.000000+0000,00-0040704,Dillon Gabriel,true,true,false,true
2025_05_DAL_NYJ,2025,5,2025-10-05,DAL,away,00-0033077,Dak Prescott,29,00-0033077,Dak Prescott,2025-10-05T00:00:00.000000+0000,2025-10-04T07:13:03.000000+0000,00-0033077,Dak Prescott,true,true,true,true
2025_05_DEN_PHI,2025,5,2025-10-05,DEN,away,00-0039732,Bo Nix,39,00-0039732,Bo Nix,2025-10-05T00:00:00.000000+0000,2025-10-04T07:13:03.000000+0000,00-0039732,Bo Nix,true,true,true,true
2025_05_DET_CIN,2025,5,2025-10-05,DET,away,00-0033106,Jared Goff,23,00-0033106,Jared Goff,2025-10-05T00:00:00.000000+0000,2025-10-04T07:13:03.000000+0000,00-0033106,Jared Goff,true,true,true,true
2025_05_HOU_BAL,2025,5,2025-10-05,HOU,away,00-0039163,C.J. Stroud,27,00-0039163,C.J. Stroud,2025-10-05T00:00:00.000000+0000,2025-10-04T07:13:03.000000+0000,00-0039163,C.J. Stroud,true,true,true,true
2025_05_LV_IND,2025,5,2025-10-05,IND,home,00-0035710,Daniel Jones,29,00-0035710,Daniel Jones,2025-10-05T00:00:00.000000+0000,2025-10-04T07:13:03.000000+0000,00-0035710,Daniel Jones,true,true,true,true
2025_05_KC_JAX,2025,5,2025-10-06,JAX,home,00-0036971,Trevor Lawrence,25,00-0036971,Trevor Lawrence,2025-10-06T00:00:00.000000+0000,2025-10-05T07:13:01.000000+0000,00-0036971,Trevor Lawrence,true,true,true,true
2025_05_KC_JAX,2025,5,2025-10-06,KC,away,00-0033873,Patrick Mahomes,41,00-0033873,Patrick Mahomes,2025-10-06T00:00:00.000000+0000,2025-10-05T07:13:01.000000+0000,00-0033873,Patrick Mahomes,true,true,true,true
2025_05_SF_LA,2025,5,2025-10-02,LA,home,00-0026498,Matthew Stafford,47,00-0026498,Matthew Stafford,2025-10-02T00:00:00.000000+0000,2025-10-01T07:18:16.000000+0000,00-0026498,Matthew Stafford,true,true,true,true
2025_05_WAS_LAC,2025,5,2025-10-05,LAC,home,00-0036355,Justin Herbert,29,00-0036355,Justin Herbert,2025-10-05T00:00:00.000000+0000,2025-10-04T07:13:03.000000+0000,00-0036355,Justin Herbert,true,true,true,true
2025_05_LV_IND,2025,5,2025-10-05,LV,away,00-0030565,Geno Smith,36,00-0030565,Geno Smith,2025-10-05T00:00:00.000000+0000,2025-10-04T07:13:03.000000+0000,00-0030565,Geno Smith,true,true,true,true
2025_05_MIA_CAR,2025,5,2025-10-05,MIA,away,00-0036212,Tua Tagovailoa,36,00-0036212,Tua Tagovailoa,2025-10-05T00:00:00.000000+0000,2025-10-04T07:13:03.000000+0000,00-0036212,Tua Tagovailoa,true,true,true,true
2025_05_MIN_CLE,2025,5,2025-10-05,MIN,away,00-0032950,Carson Wentz,34,00-0032950,Carson Wentz,2025-10-05T00:00:00.000000+0000,2025-10-04T07:13:03.000000+0000,00-0039923,J.J. McCarthy,true,true,true,false
2025_05_NE_BUF,2025,5,2025-10-05,NE,away,00-0039851,Drake Maye,30,00-0039851,Drake Maye,2025-10-05T00:00:00.000000+0000,2025-10-04T07:13:03.000000+0000,00-0039851,Drake Maye,true,true,true,true
2025_05_NYG_NO,2025,5,2025-10-05,NO,home,00-0039376,Spencer Rattler,31,00-0039376,Spencer Rattler,2025-10-05T00:00:00.000000+0000,2025-10-04T07:13:03.000000+0000,00-0039376,Spencer Rattler,true,true,true,true
2025_05_NYG_NO,2025,5,2025-10-05,NYG,away,00-0040691,Jaxson Dart,40,00-0040691,Jaxson Dart,2025-10-05T00:00:00.000000+0000,2025-10-04T07:13:03.000000+0000,00-0040691,Jaxson Dart,true,true,true,true
2025_05_DAL_NYJ,2025,5,2025-10-05,NYJ,home,00-0036945,Justin Fields,46,00-0036945,Justin Fields,2025-10-05T00:00:00.000000+0000,2025-10-04T07:13:03.000000+0000,00-0036945,Justin Fields,true,true,true,true
2025_05_DEN_PHI,2025,5,2025-10-05,PHI,home,00-0036389,Jalen Hurts,38,00-0036389,Jalen Hurts,2025-10-05T00:00:00.000000+0000,2025-10-04T07:13:03.000000+0000,00-0036389,Jalen Hurts,true,true,true,true
2025_05_TB_SEA,2025,5,2025-10-05,SEA,home,00-0034869,Sam Darnold,34,00-0034869,Sam Darnold,2025-10-05T00:00:00.000000+0000,2025-10-04T07:13:03.000000+0000,00-0034869,Sam Darnold,true,true,true,true
2025_05_SF_LA,2025,5,2025-10-02,SF,away,00-0036972,Mac Jones,49,00-0037834,Brock Purdy,2025-10-02T00:00:00.000000+0000,2025-10-01T07:18:16.000000+0000,00-0037834,Brock Purdy,true,true,false,false
2025_05_TB_SEA,2025,5,2025-10-05,TB,away,00-0034855,Baker Mayfield,33,00-0034855,Baker Mayfield,2025-10-05T00:00:00.000000+0000,2025-10-04T07:13:03.000000+0000,00-0034855,Baker Mayfield,true,true,true,true
2025_05_TEN_ARI,2025,5,2025-10-05,TEN,away,00-0040676,Cam Ward,39,00-0040676,Cam Ward,2025-10-05T00:00:00.000000+0000,2025-10-04T07:13:03.000000+0000,00-0040676,Cam Ward,true,true,true,true
2025_05_WAS_LAC,2025,5,2025-10-05,WAS,away,00-0039910,Jayden Daniels,26,00-0032268,Marcus Mariota,2025-10-05T00:00:00.000000+0000,2025-10-04T07:13:03.000000+0000,00-0039910,Jayden Daniels,true,true,false,true
2025_06_ARI_IND,2025,6,2025-10-12,ARI,away,00-0033119,Jacoby Brissett,44,00-0035228,Kyler Murray,2025-10-12T00:00:00.000000+0000,2025-10-11T07:13:37.000000+0000,00-0035228,Kyler Murray,true,true,false,false
2025_06_BUF_ATL,2025,6,2025-10-13,ATL,home,00-0039917,Michael Penix Jr.,32,00-0039917,Michael Penix Jr.,2025-10-13T00:00:00.000000+0000,2025-10-12T07:13:37.000000+0000,00-0039917,Michael Penix Jr.,true,true,true,true
2025_06_LA_BAL,2025,6,2025-10-12,BAL,home,00-0033662,Cooper Rush,19,00-0033662,Cooper Rush,2025-10-12T00:00:00.000000+0000,2025-10-11T07:13:37.000000+0000,00-0034796,Lamar Jackson,true,true,true,false
2025_06_BUF_ATL,2025,6,2025-10-13,BUF,away,00-0034857,Josh Allen,26,00-0034857,Josh Allen,2025-10-13T00:00:00.000000+0000,2025-10-12T07:13:37.000000+0000,00-0034857,Josh Allen,true,true,true,true
2025_06_DAL_CAR,2025,6,2025-10-12,CAR,home,00-0039150,Bryce Young,25,00-0039150,Bryce Young,2025-10-12T00:00:00.000000+0000,2025-10-11T07:13:37.000000+0000,00-0039150,Bryce Young,true,true,true,true
2025_06_CHI_WAS,2025,6,2025-10-13,CHI,away,00-0039918,Caleb Williams,29,00-0039918,Caleb Williams,2025-10-13T00:00:00.000000+0000,2025-10-12T07:13:37.000000+0000,00-0039918,Caleb Williams,true,true,true,true
2025_06_CIN_GB,2025,6,2025-10-12,CIN,away,00-0026158,Joe Flacco,45,00-0035100,Jake Browning,2025-10-12T00:00:00.000000+0000,2025-10-11T07:13:37.000000+0000,00-0026158,Joe Flacco,true,true,false,true
2025_06_CLE_PIT,2025,6,2025-10-12,CLE,away,00-0040704,Dillon Gabriel,52,00-0040704,Dillon Gabriel,2025-10-12T00:00:00.000000+0000,2025-10-11T07:13:37.000000+0000,00-0040704,Dillon Gabriel,true,true,true,true
2025_06_DAL_CAR,2025,6,2025-10-12,DAL,away,00-0033077,Dak Prescott,34,00-0033077,Dak Prescott,2025-10-12T00:00:00.000000+0000,2025-10-11T07:13:37.000000+0000,00-0033077,Dak Prescott,true,true,true,true
2025_06_DEN_NYJ,2025,6,2025-10-12,DEN,away,00-0039732,Bo Nix,30,00-0039732,Bo Nix,2025-10-12T00:00:00.000000+0000,2025-10-11T07:13:37.000000+0000,00-0039732,Bo Nix,true,true,true,true
2025_06_DET_KC,2025,6,2025-10-12,DET,away,00-0033106,Jared Goff,29,00-0033106,Jared Goff,2025-10-12T00:00:00.000000+0000,2025-10-11T07:13:37.000000+0000,00-0033106,Jared Goff,true,true,true,true
2025_06_CIN_GB,2025,6,2025-10-12,GB,home,00-0036264,Jordan Love,26,00-0036264,Jordan Love,2025-10-12T00:00:00.000000+0000,2025-10-11T07:13:37.000000+0000,00-0036264,Jordan Love,true,true,true,true
2025_06_ARI_IND,2025,6,2025-10-12,IND,home,00-0035710,Daniel Jones,30,00-0035710,Daniel Jones,2025-10-12T00:00:00.000000+0000,2025-10-11T07:13:37.000000+0000,00-0035710,Daniel Jones,true,true,true,true
2025_06_SEA_JAX,2025,6,2025-10-12,JAX,home,00-0036971,Trevor Lawrence,42,00-0036971,Trevor Lawrence,2025-10-12T00:00:00.000000+0000,2025-10-11T07:13:37.000000+0000,00-0036971,Trevor Lawrence,true,true,true,true
2025_06_DET_KC,2025,6,2025-10-12,KC,home,00-0033873,Patrick Mahomes,30,00-0033873,Patrick Mahomes,2025-10-12T00:00:00.000000+0000,2025-10-11T07:13:37.000000+0000,00-0033873,Patrick Mahomes,true,true,true,true
2025_06_LA_BAL,2025,6,2025-10-12,LA,away,00-0026498,Matthew Stafford,26,00-0026498,Matthew Stafford,2025-10-12T00:00:00.000000+0000,2025-10-11T07:13:37.000000+0000,00-0026498,Matthew Stafford,true,true,true,true
2025_06_LAC_MIA,2025,6,2025-10-12,LAC,away,00-0036355,Justin Herbert,38,00-0036355,Justin Herbert,2025-10-12T00:00:00.000000+0000,2025-10-11T07:13:37.000000+0000,00-0036355,Justin Herbert,true,true,true,true
2025_06_TEN_LV,2025,6,2025-10-12,LV,home,00-0030565,Geno Smith,23,00-0030565,Geno Smith,2025-10-12T00:00:00.000000+0000,2025-10-11T07:13:37.000000+0000,00-0030565,Geno Smith,true,true,true,true
2025_06_LAC_MIA,2025,6,2025-10-12,MIA,home,00-0036212,Tua Tagovailoa,32,00-0036212,Tua Tagovailoa,2025-10-12T00:00:00.000000+0000,2025-10-11T07:13:37.000000+0000,00-0036212,Tua Tagovailoa,true,true,true,true
2025_06_NE_NO,2025,6,2025-10-12,NE,away,00-0039851,Drake Maye,26,00-0039851,Drake Maye,2025-10-12T00:00:00.000000+0000,2025-10-11T07:13:37.000000+0000,00-0039851,Drake Maye,true,true,true,true
2025_06_NE_NO,2025,6,2025-10-12,NO,home,00-0039376,Spencer Rattler,26,00-0039376,Spencer Rattler,2025-10-12T00:00:00.000000+0000,2025-10-11T07:13:37.000000+0000,00-0039376,Spencer Rattler,true,true,true,true
2025_06_PHI_NYG,2025,6,2025-10-09,NYG,home,00-0040691,Jaxson Dart,25,00-0040691,Jaxson Dart,2025-10-09T00:00:00.000000+0000,2025-10-08T07:14:41.000000+0000,00-0040691,Jaxson Dart,true,true,true,true
2025_06_DEN_NYJ,2025,6,2025-10-12,NYJ,home,00-0036945,Justin Fields,17,00-0036945,Justin Fields,2025-10-12T00:00:00.000000+0000,2025-10-11T07:13:37.000000+0000,00-0036945,Justin Fields,true,true,true,true
2025_06_PHI_NYG,2025,6,2025-10-09,PHI,away,00-0036389,Jalen Hurts,33,00-0036389,Jalen Hurts,2025-10-09T00:00:00.000000+0000,2025-10-08T07:14:41.000000+0000,00-0036389,Jalen Hurts,true,true,true,true
2025_06_CLE_PIT,2025,6,2025-10-12,PIT,home,00-0023459,Aaron Rodgers,30,00-0023459,Aaron Rodgers,2025-10-12T00:00:00.000000+0000,2025-10-11T07:13:37.000000+0000,00-0023459,Aaron Rodgers,true,true,true,true
2025_06_SEA_JAX,2025,6,2025-10-12,SEA,away,00-0034869,Sam Darnold,27,00-0034869,Sam Darnold,2025-10-12T00:00:00.000000+0000,2025-10-11T07:13:37.000000+0000,00-0034869,Sam Darnold,true,true,true,true
2025_06_SF_TB,2025,6,2025-10-12,SF,away,00-0036972,Mac Jones,39,00-0036972,Mac Jones,2025-10-12T00:00:00.000000+0000,2025-10-11T07:13:37.000000+0000,00-0037834,Brock Purdy,true,true,true,false
2025_06_SF_TB,2025,6,2025-10-12,TB,home,00-0034855,Baker Mayfield,23,00-0034855,Baker Mayfield,2025-10-12T00:00:00.000000+0000,2025-10-11T07:13:37.000000+0000,00-0034855,Baker Mayfield,true,true,true,true
2025_06_TEN_LV,2025,6,2025-10-12,TEN,away,00-0040676,Cam Ward,38,00-0040676,Cam Ward,2025-10-12T00:00:00.000000+0000,2025-10-11T07:13:37.000000+0000,00-0040676,Cam Ward,true,true,true,true
2025_06_CHI_WAS,2025,6,2025-10-13,WAS,home,00-0039910,Jayden Daniels,26,00-0039910,Jayden Daniels,2025-10-13T00:00:00.000000+0000,2025-10-12T07:13:37.000000+0000,00-0039910,Jayden Daniels,true,true,true,true
2025_07_GB_ARI,2025,7,2025-10-19,ARI,home,00-0033119,Jacoby Brissett,36,00-0033119,Jacoby Brissett,2025-10-19T00:00:00.000000+0000,2025-10-18T07:13:57.000000+0000,00-0035228,Kyler Murray,true,true,true,false
2025_07_ATL_SF,2025,7,2025-10-19,ATL,away,00-0039917,Michael Penix Jr.,38,00-0039917,Michael Penix Jr.,2025-10-19T00:00:00.000000+0000,2025-10-18T07:13:57.000000+0000,00-0039917,Michael Penix Jr.,true,true,true,true
2025_07_CAR_NYJ,2025,7,2025-10-19,CAR,away,00-0039150,Bryce Young,25,00-0039150,Bryce Young,2025-10-19T00:00:00.000000+0000,2025-10-18T07:13:57.000000+0000,00-0039150,Bryce Young,true,true,true,true
2025_07_NO_CHI,2025,7,2025-10-19,CHI,home,00-0039918,Caleb Williams,26,00-0039918,Caleb Williams,2025-10-19T00:00:00.000000+0000,2025-10-18T07:13:57.000000+0000,00-0039918,Caleb Williams,true,true,true,true
2025_07_PIT_CIN,2025,7,2025-10-16,CIN,home,00-0026158,Joe Flacco,47,00-0026158,Joe Flacco,2025-10-16T00:00:00.000000+0000,2025-10-15T07:17:51.000000+0000,00-0026158,Joe Flacco,true,true,true,true
2025_07_MIA_CLE,2025,7,2025-10-19,CLE,home,00-0040704,Dillon Gabriel,18,00-0040704,Dillon Gabriel,2025-10-19T00:00:00.000000+0000,2025-10-18T07:13:57.000000+0000,00-0040704,Dillon Gabriel,true,true,true,true
2025_07_WAS_DAL,2025,7,2025-10-19,DAL,home,00-0033077,Dak Prescott,30,00-0033077,Dak Prescott,2025-10-19T00:00:00.000000+0000,2025-10-18T07:13:57.000000+0000,00-0033077,Dak Prescott,true,true,true,true
2025_07_NYG_DEN,2025,7,2025-10-19,DEN,home,00-0039732,Bo Nix,50,00-0039732,Bo Nix,2025-10-19T00:00:00.000000+0000,2025-10-18T07:13:57.000000+0000,00-0039732,Bo Nix,true,true,true,true
2025_07_TB_DET,2025,7,2025-10-20,DET,home,00-0033106,Jared Goff,29,00-0033106,Jared Goff,2025-10-20T00:00:00.000000+0000,2025-10-19T07:13:17.000000+0000,00-0033106,Jared Goff,true,true,true,true
2025_07_GB_ARI,2025,7,2025-10-19,GB,away,00-0036264,Jordan Love,29,00-0036264,Jordan Love,2025-10-19T00:00:00.000000+0000,2025-10-18T07:13:57.000000+0000,00-0036264,Jordan Love,true,true,true,true
2025_07_HOU_SEA,2025,7,2025-10-20,HOU,away,00-0039163,C.J. Stroud,49,00-0039163,C.J. Stroud,2025-10-20T00:00:00.000000+0000,2025-10-19T07:13:17.000000+0000,00-0039163,C.J. Stroud,true,true,true,true
2025_07_IND_LAC,2025,7,2025-10-19,IND,away,00-0035710,Daniel Jones,34,00-0035710,Daniel Jones,2025-10-19T00:00:00.000000+0000,2025-10-18T07:13:57.000000+0000,00-0035710,Daniel Jones,true,true,true,true
2025_07_LA_JAX,2025,7,2025-10-19,JAX,home,00-0036971,Trevor Lawrence,48,00-0036971,Trevor Lawrence,2025-10-19T00:00:00.000000+0000,2025-10-18T07:13:57.000000+0000,00-0036971,Trevor Lawrence,true,true,true,true
2025_07_LV_KC,2025,7,2025-10-19,KC,home,00-0033873,Patrick Mahomes,35,00-0033873,Patrick Mahomes,2025-10-19T00:00:00.000000+0000,2025-10-18T07:13:57.000000+0000,00-0033873,Patrick Mahomes,true,true,true,true
2025_07_LA_JAX,2025,7,2025-10-19,LA,away,00-0026498,Matthew Stafford,33,00-0026498,Matthew Stafford,2025-10-19T00:00:00.000000+0000,2025-10-18T07:13:57.000000+0000,00-0026498,Matthew Stafford,true,true,true,true
2025_07_IND_LAC,2025,7,2025-10-19,LAC,home,00-0036355,Justin Herbert,55,00-0036355,Justin Herbert,2025-10-19T00:00:00.000000+0000,2025-10-18T07:13:57.000000+0000,00-0036355,Justin Herbert,true,true,true,true
2025_07_LV_KC,2025,7,2025-10-19,LV,away,00-0030565,Geno Smith,16,00-0030565,Geno Smith,2025-10-19T00:00:00.000000+0000,2025-10-18T07:13:57.000000+0000,00-0030565,Geno Smith,true,true,true,true
2025_07_MIA_CLE,2025,7,2025-10-19,MIA,away,00-0036212,Tua Tagovailoa,23,00-0036212,Tua Tagovailoa,2025-10-19T00:00:00.000000+0000,2025-10-18T07:13:57.000000+0000,00-0036212,Tua Tagovailoa,true,true,true,true
2025_07_PHI_MIN,2025,7,2025-10-19,MIN,home,00-0032950,Carson Wentz,42,00-0032950,Carson Wentz,2025-10-19T00:00:00.000000+0000,2025-10-18T07:13:57.000000+0000,00-0039923,J.J. McCarthy,true,true,true,false
2025_07_NE_TEN,2025,7,2025-10-19,NE,away,00-0039851,Drake Maye,23,00-0039851,Drake Maye,2025-10-19T00:00:00.000000+0000,2025-10-18T07:13:57.000000+0000,00-0039851,Drake Maye,true,true,true,true
2025_07_NO_CHI,2025,7,2025-10-19,NO,away,00-0039376,Spencer Rattler,32,00-0039376,Spencer Rattler,2025-10-19T00:00:00.000000+0000,2025-10-18T07:13:57.000000+0000,00-0039376,Spencer Rattler,true,true,true,true
2025_07_NYG_DEN,2025,7,2025-10-19,NYG,away,00-0040691,Jaxson Dart,33,00-0040691,Jaxson Dart,2025-10-19T00:00:00.000000+0000,2025-10-18T07:13:57.000000+0000,00-0040691,Jaxson Dart,true,true,true,true
2025_07_CAR_NYJ,2025,7,2025-10-19,NYJ,home,00-0028118,Tyrod Taylor,22,00-0036945,Justin Fields,2025-10-19T00:00:00.000000+0000,2025-10-18T07:13:57.000000+0000,00-0036945,Justin Fields,true,true,false,false
2025_07_PHI_MIN,2025,7,2025-10-19,PHI,away,00-0036389,Jalen Hurts,23,00-0036389,Jalen Hurts,2025-10-19T00:00:00.000000+0000,2025-10-18T07:13:57.000000+0000,00-0036389,Jalen Hurts,true,true,true,true
2025_07_PIT_CIN,2025,7,2025-10-16,PIT,away,00-0023459,Aaron Rodgers,34,00-0023459,Aaron Rodgers,2025-10-16T00:00:00.000000+0000,2025-10-15T07:17:51.000000+0000,00-0023459,Aaron Rodgers,true,true,true,true
2025_07_HOU_SEA,2025,7,2025-10-20,SEA,home,00-0034869,Sam Darnold,31,00-0034869,Sam Darnold,2025-10-20T00:00:00.000000+0000,2025-10-19T07:13:17.000000+0000,00-0034869,Sam Darnold,true,true,true,true
2025_07_ATL_SF,2025,7,2025-10-19,SF,home,00-0036972,Mac Jones,26,00-0036972,Mac Jones,2025-10-19T00:00:00.000000+0000,2025-10-18T07:13:57.000000+0000,00-0037834,Brock Purdy,true,true,true,false
2025_07_TB_DET,2025,7,2025-10-20,TB,away,00-0034855,Baker Mayfield,50,00-0034855,Baker Mayfield,2025-10-20T00:00:00.000000+0000,2025-10-19T07:13:17.000000+0000,00-0034855,Baker Mayfield,true,true,true,true
2025_07_NE_TEN,2025,7,2025-10-19,TEN,home,00-0040676,Cam Ward,34,00-0040676,Cam Ward,2025-10-19T00:00:00.000000+0000,2025-10-18T07:13:57.000000+0000,00-0040676,Cam Ward,true,true,true,true
2025_07_WAS_DAL,2025,7,2025-10-19,WAS,away,00-0039910,Jayden Daniels,22,00-0039910,Jayden Daniels,2025-10-19T00:00:00.000000+0000,2025-10-18T07:13:57.000000+0000,00-0039910,Jayden Daniels,true,true,true,true
2025_08_MIA_ATL,2025,8,2025-10-26,ATL,home,00-0029604,Kirk Cousins,31,00-0039917,Michael Penix Jr.,2025-10-26T00:00:00.000000+0000,2025-10-25T07:13:57.000000+0000,00-0039917,Michael Penix Jr.,true,true,false,false
2025_08_CHI_BAL,2025,8,2025-10-26,BAL,home,00-0035993,Tyler Huntley,22,00-0033662,Cooper Rush,2025-10-26T00:00:00.000000+0000,2025-10-25T07:13:57.000000+0000,00-0034796,Lamar Jackson,true,true,false,false
2025_08_BUF_CAR,2025,8,2025-10-26,BUF,away,00-0034857,Josh Allen,19,00-0034857,Josh Allen,2025-10-26T00:00:00.000000+0000,2025-10-25T07:13:57.000000+0000,00-0034857,Josh Allen,true,true,true,true
2025_08_BUF_CAR,2025,8,2025-10-26,CAR,home,00-0027973,Andy Dalton,24,00-0039150,Bryce Young,2025-10-26T00:00:00.000000+0000,2025-10-25T07:13:57.000000+0000,00-0039150,Bryce Young,true,true,false,false
2025_08_CHI_BAL,2025,8,2025-10-26,CHI,away,00-0039918,Caleb Williams,38,00-0039918,Caleb Williams,2025-10-26T00:00:00.000000+0000,2025-10-25T07:13:57.000000+0000,00-0039918,Caleb Williams,true,true,true,true
2025_08_NYJ_CIN,2025,8,2025-10-26,CIN,home,00-0026158,Joe Flacco,34,00-0026158,Joe Flacco,2025-10-26T00:00:00.000000+0000,2025-10-25T07:13:57.000000+0000,00-0026158,Joe Flacco,true,true,true,true
2025_08_CLE_NE,2025,8,2025-10-26,CLE,away,00-0040704,Dillon Gabriel,35,00-0040704,Dillon Gabriel,2025-10-26T00:00:00.000000+0000,2025-10-25T07:13:57.000000+0000,00-0040704,Dillon Gabriel,true,true,true,true
2025_08_DAL_DEN,2025,8,2025-10-26,DAL,away,00-0033077,Dak Prescott,31,00-0033077,Dak Prescott,2025-10-26T00:00:00.000000+0000,2025-10-25T07:13:57.000000+0000,00-0033077,Dak Prescott,true,true,true,true
2025_08_DAL_DEN,2025,8,2025-10-26,DEN,home,00-0039732,Bo Nix,29,00-0039732,Bo Nix,2025-10-26T00:00:00.000000+0000,2025-10-25T07:13:57.000000+0000,00-0039732,Bo Nix,true,true,true,true
2025_08_GB_PIT,2025,8,2025-10-26,GB,away,00-0036264,Jordan Love,37,00-0036264,Jordan Love,2025-10-26T00:00:00.000000+0000,2025-10-25T07:13:57.000000+0000,00-0036264,Jordan Love,true,true,true,true
2025_08_SF_HOU,2025,8,2025-10-26,HOU,home,00-0039163,C.J. Stroud,39,00-0039163,C.J. Stroud,2025-10-26T00:00:00.000000+0000,2025-10-25T07:13:57.000000+0000,00-0039163,C.J. Stroud,true,true,true,true
2025_08_TEN_IND,2025,8,2025-10-26,IND,home,00-0035710,Daniel Jones,29,00-0035710,Daniel Jones,2025-10-26T00:00:00.000000+0000,2025-10-25T07:13:57.000000+0000,00-0035710,Daniel Jones,true,true,true,true
2025_08_WAS_KC,2025,8,2025-10-27,KC,home,00-0033873,Patrick Mahomes,34,00-0033873,Patrick Mahomes,2025-10-27T00:00:00.000000+0000,2025-10-26T07:13:18.000000+0000,00-0033873,Patrick Mahomes,true,true,true,true
2025_08_MIN_LAC,2025,8,2025-10-23,LAC,home,00-0036355,Justin Herbert,25,00-0036355,Justin Herbert,2025-10-23T00:00:00.000000+0000,2025-10-22T07:15:03.000000+0000,00-0036355,Justin Herbert,true,true,true,true
2025_08_MIA_ATL,2025,8,2025-10-26,MIA,away,00-0036212,Tua Tagovailoa,26,00-0036212,Tua Tagovailoa,2025-10-26T00:00:00.000000+0000,2025-10-25T07:13:57.000000+0000,00-0036212,Tua Tagovailoa,true,true,true,true
2025_08_MIN_LAC,2025,8,2025-10-23,MIN,away,00-0032950,Carson Wentz,27,00-0032950,Carson Wentz,2025-10-23T00:00:00.000000+0000,2025-10-22T07:15:03.000000+0000,00-0039923,J.J. McCarthy,true,true,true,false
2025_08_CLE_NE,2025,8,2025-10-26,NE,home,00-0039851,Drake Maye,24,00-0039851,Drake Maye,2025-10-26T00:00:00.000000+0000,2025-10-25T07:13:57.000000+0000,00-0039851,Drake Maye,true,true,true,true
2025_08_TB_NO,2025,8,2025-10-26,NO,home,00-0040743,Tyler Shough,30,00-0039376,Spencer Rattler,2025-10-26T00:00:00.000000+0000,2025-10-25T07:13:57.000000+0000,00-0039376,Spencer Rattler,true,true,false,false
2025_08_NYG_PHI,2025,8,2025-10-26,NYG,away,00-0040691,Jaxson Dart,24,00-0040691,Jaxson Dart,2025-10-26T00:00:00.000000+0000,2025-10-25T07:13:57.000000+0000,00-0040691,Jaxson Dart,true,true,true,true
2025_08_NYJ_CIN,2025,8,2025-10-26,NYJ,away,00-0036945,Justin Fields,32,00-0028118,Tyrod Taylor,2025-10-26T00:00:00.000000+0000,2025-10-25T07:13:57.000000+0000,00-0036945,Justin Fields,true,true,false,true
2025_08_NYG_PHI,2025,8,2025-10-26,PHI,home,00-0036389,Jalen Hurts,20,00-0036389,Jalen Hurts,2025-10-26T00:00:00.000000+0000,2025-10-25T07:13:57.000000+0000,00-0036389,Jalen Hurts,true,true,true,true
2025_08_GB_PIT,2025,8,2025-10-26,PIT,home,00-0023459,Aaron Rodgers,36,00-0023459,Aaron Rodgers,2025-10-26T00:00:00.000000+0000,2025-10-25T07:13:57.000000+0000,00-0023459,Aaron Rodgers,true,true,true,true
2025_08_SF_HOU,2025,8,2025-10-26,SF,away,00-0036972,Mac Jones,32,00-0036972,Mac Jones,2025-10-26T00:00:00.000000+0000,2025-10-25T07:13:57.000000+0000,00-0037834,Brock Purdy,true,true,true,false
2025_08_TB_NO,2025,8,2025-10-26,TB,away,00-0034855,Baker Mayfield,24,00-0034855,Baker Mayfield,2025-10-26T00:00:00.000000+0000,2025-10-25T07:13:57.000000+0000,00-0034855,Baker Mayfield,true,true,true,true
2025_08_TEN_IND,2025,8,2025-10-26,TEN,away,00-0040676,Cam Ward,38,00-0040676,Cam Ward,2025-10-26T00:00:00.000000+0000,2025-10-25T07:13:57.000000+0000,00-0040676,Cam Ward,true,true,true,true
2025_08_WAS_KC,2025,8,2025-10-27,WAS,away,00-0032268,Marcus Mariota,30,00-0039910,Jayden Daniels,2025-10-27T00:00:00.000000+0000,2025-10-26T07:13:18.000000+0000,00-0039910,Jayden Daniels,true,true,false,false
2025_09_ARI_DAL,2025,9,2025-11-03,ARI,away,00-0033119,Jacoby Brissett,31,00-0033119,Jacoby Brissett,2025-11-03T00:00:00.000000+0000,2025-11-02T07:13:47.000000+0000,00-0035228,Kyler Murray,true,true,true,false
2025_09_ATL_NE,2025,9,2025-11-02,ATL,away,00-0039917,Michael Penix Jr.,37,00-0029604,Kirk Cousins,2025-11-02T00:00:00.000000+0000,2025-11-01T07:15:59.000000+0000,00-0039917,Michael Penix Jr.,true,true,false,true
2025_09_BAL_MIA,2025,9,2025-10-30,BAL,away,00-0034796,Lamar Jackson,23,00-0035993,Tyler Huntley,2025-10-30T00:00:00.000000+0000,2025-10-29T07:15:39.000000+0000,00-0034796,Lamar Jackson,true,true,false,true
2025_09_KC_BUF,2025,9,2025-11-02,BUF,home,00-0034857,Josh Allen,26,00-0034857,Josh Allen,2025-11-02T00:00:00.000000+0000,2025-11-01T07:15:59.000000+0000,00-0034857,Josh Allen,true,true,true,true
2025_09_CAR_GB,2025,9,2025-11-02,CAR,away,00-0039150,Bryce Young,20,00-0027973,Andy Dalton,2025-11-02T00:00:00.000000+0000,2025-11-01T07:15:59.000000+0000,00-0039150,Bryce Young,true,true,false,true
2025_09_CHI_CIN,2025,9,2025-11-02,CHI,away,00-0039918,Caleb Williams,34,00-0039918,Caleb Williams,2025-11-02T00:00:00.000000+0000,2025-11-01T07:15:59.000000+0000,00-0039918,Caleb Williams,true,true,true,true
2025_09_CHI_CIN,2025,9,2025-11-02,CIN,home,00-0026158,Joe Flacco,47,00-0026158,Joe Flacco,2025-11-02T00:00:00.000000+0000,2025-11-01T07:15:59.000000+0000,00-0026158,Joe Flacco,true,true,true,true
2025_09_ARI_DAL,2025,9,2025-11-03,DAL,home,00-0033077,Dak Prescott,39,00-0033077,Dak Prescott,2025-11-03T00:00:00.000000+0000,2025-11-02T07:13:47.000000+0000,00-0033077,Dak Prescott,true,true,true,true
2025_09_DEN_HOU,2025,9,2025-11-02,DEN,away,00-0039732,Bo Nix,37,00-0039732,Bo Nix,2025-11-02T00:00:00.000000+0000,2025-11-01T07:15:59.000000+0000,00-0039732,Bo Nix,true,true,true,true
2025_09_MIN_DET,2025,9,2025-11-02,DET,home,00-0033106,Jared Goff,37,00-0033106,Jared Goff,2025-11-02T00:00:00.000000+0000,2025-11-01T07:15:59.000000+0000,00-0033106,Jared Goff,true,true,true,true
2025_09_CAR_GB,2025,9,2025-11-02,GB,home,00-0036264,Jordan Love,37,00-0036264,Jordan Love,2025-11-02T00:00:00.000000+0000,2025-11-01T07:15:59.000000+0000,00-0036264,Jordan Love,true,true,true,true
2025_09_DEN_HOU,2025,9,2025-11-02,HOU,home,00-0036898,Davis Mills,30,00-0039163,C.J. Stroud,2025-11-02T00:00:00.000000+0000,2025-11-01T07:15:59.000000+0000,00-0039163,C.J. Stroud,true,true,false,false
2025_09_IND_PIT,2025,9,2025-11-02,IND,away,00-0035710,Daniel Jones,50,00-0035710,Daniel Jones,2025-11-02T00:00:00.000000+0000,2025-11-01T07:15:59.000000+0000,00-0035710,Daniel Jones,true,true,true,true
2025_09_JAX_LV,2025,9,2025-11-02,JAX,away,00-0036971,Trevor Lawrence,34,00-0036971,Trevor Lawrence,2025-11-02T00:00:00.000000+0000,2025-11-01T07:15:59.000000+0000,00-0036971,Trevor Lawrence,true,true,true,true
2025_09_KC_BUF,2025,9,2025-11-02,KC,away,00-0033873,Patrick Mahomes,34,00-0033873,Patrick Mahomes,2025-11-02T00:00:00.000000+0000,2025-11-01T07:15:59.000000+0000,00-0033873,Patrick Mahomes,true,true,true,true
2025_09_NO_LA,2025,9,2025-11-02,LA,home,00-0026498,Matthew Stafford,32,00-0026498,Matthew Stafford,2025-11-02T00:00:00.000000+0000,2025-11-01T07:15:59.000000+0000,00-0026498,Matthew Stafford,true,true,true,true
2025_09_LAC_TEN,2025,9,2025-11-02,LAC,away,00-0036355,Justin Herbert,29,00-0036355,Justin Herbert,2025-11-02T00:00:00.000000+0000,2025-11-01T07:15:59.000000+0000,00-0036355,Justin Herbert,true,true,true,true
2025_09_JAX_LV,2025,9,2025-11-02,LV,home,00-0030565,Geno Smith,39,00-0030565,Geno Smith,2025-11-02T00:00:00.000000+0000,2025-11-01T07:15:59.000000+0000,00-0030565,Geno Smith,true,true,true,true
2025_09_BAL_MIA,2025,9,2025-10-30,MIA,home,00-0036212,Tua Tagovailoa,40,00-0036212,Tua Tagovailoa,2025-10-30T00:00:00.000000+0000,2025-10-29T07:15:39.000000+0000,00-0036212,Tua Tagovailoa,true,true,true,true
2025_09_MIN_DET,2025,9,2025-11-02,MIN,away,00-0039923,J.J. McCarthy,25,00-0032950,Carson Wentz,2025-11-02T00:00:00.000000+0000,2025-11-01T07:15:59.000000+0000,00-0039923,J.J. McCarthy,true,true,false,true
2025_09_ATL_NE,2025,9,2025-11-02,NE,home,00-0039851,Drake Maye,29,00-0039851,Drake Maye,2025-11-02T00:00:00.000000+0000,2025-11-01T07:15:59.000000+0000,00-0039851,Drake Maye,true,true,true,true
2025_09_NO_LA,2025,9,2025-11-02,NO,away,00-0040743,Tyler Shough,24,00-0040743,Tyler Shough,2025-11-02T00:00:00.000000+0000,2025-11-01T07:15:59.000000+0000,00-0040743,Tyler Shough,true,true,true,true
2025_09_SF_NYG,2025,9,2025-11-02,NYG,home,00-0040691,Jaxson Dart,33,00-0040691,Jaxson Dart,2025-11-02T00:00:00.000000+0000,2025-11-01T07:15:59.000000+0000,00-0040691,Jaxson Dart,true,true,true,true
2025_09_IND_PIT,2025,9,2025-11-02,PIT,home,00-0023459,Aaron Rodgers,35,00-0023459,Aaron Rodgers,2025-11-02T00:00:00.000000+0000,2025-11-01T07:15:59.000000+0000,00-0023459,Aaron Rodgers,true,true,true,true
2025_09_SEA_WAS,2025,9,2025-11-02,SEA,away,00-0034869,Sam Darnold,24,00-0034869,Sam Darnold,2025-11-02T00:00:00.000000+0000,2025-11-01T07:15:59.000000+0000,00-0034869,Sam Darnold,true,true,true,true
2025_09_SF_NYG,2025,9,2025-11-02,SF,away,00-0036972,Mac Jones,24,00-0036972,Mac Jones,2025-11-02T00:00:00.000000+0000,2025-11-01T07:15:59.000000+0000,00-0037834,Brock Purdy,true,true,true,false
2025_09_LAC_TEN,2025,9,2025-11-02,TEN,home,00-0040676,Cam Ward,21,00-0040676,Cam Ward,2025-11-02T00:00:00.000000+0000,2025-11-01T07:15:59.000000+0000,00-0040676,Cam Ward,true,true,true,true
2025_09_SEA_WAS,2025,9,2025-11-02,WAS,home,00-0039910,Jayden Daniels,22,00-0032268,Marcus Mariota,2025-11-02T00:00:00.000000+0000,2025-11-01T07:15:59.000000+0000,00-0039910,Jayden Daniels,true,true,false,true
2025_10_ARI_SEA,2025,10,2025-11-09,ARI,away,00-0033119,Jacoby Brissett,44,00-0033119,Jacoby Brissett,2025-11-09T00:00:00.000000+0000,2025-11-08T07:13:45.000000+0000,00-0033119,Jacoby Brissett,true,true,true,true
2025_10_ATL_IND,2025,10,2025-11-09,ATL,away,00-0039917,Michael Penix Jr.,28,00-0039917,Michael Penix Jr.,2025-11-09T00:00:00.000000+0000,2025-11-08T07:13:45.000000+0000,00-0039917,Michael Penix Jr.,true,true,true,true
2025_10_BAL_MIN,2025,10,2025-11-09,BAL,away,00-0034796,Lamar Jackson,29,00-0034796,Lamar Jackson,2025-11-09T00:00:00.000000+0000,2025-11-08T07:13:45.000000+0000,00-0034796,Lamar Jackson,true,true,true,true
2025_10_BUF_MIA,2025,10,2025-11-09,BUF,away,00-0034857,Josh Allen,40,00-0034857,Josh Allen,2025-11-09T00:00:00.000000+0000,2025-11-08T07:13:45.000000+0000,00-0034857,Josh Allen,true,true,true,true
2025_10_NO_CAR,2025,10,2025-11-09,CAR,home,00-0039150,Bryce Young,25,00-0039150,Bryce Young,2025-11-09T00:00:00.000000+0000,2025-11-08T07:13:45.000000+0000,00-0039150,Bryce Young,true,true,true,true
2025_10_NYG_CHI,2025,10,2025-11-09,CHI,home,00-0039918,Caleb Williams,36,00-0039918,Caleb Williams,2025-11-09T00:00:00.000000+0000,2025-11-08T07:13:45.000000+0000,00-0039918,Caleb Williams,true,true,true,true
2025_10_CLE_NYJ,2025,10,2025-11-09,CLE,away,00-0040704,Dillon Gabriel,32,00-0040704,Dillon Gabriel,2025-11-09T00:00:00.000000+0000,2025-11-08T07:13:45.000000+0000,00-0040704,Dillon Gabriel,true,true,true,true
2025_10_LV_DEN,2025,10,2025-11-06,DEN,home,00-0039732,Bo Nix,28,00-0039732,Bo Nix,2025-11-06T00:00:00.000000+0000,2025-11-05T07:15:57.000000+0000,00-0039732,Bo Nix,true,true,true,true
2025_10_DET_WAS,2025,10,2025-11-09,DET,away,00-0033106,Jared Goff,33,00-0033106,Jared Goff,2025-11-09T00:00:00.000000+0000,2025-11-08T07:13:45.000000+0000,00-0033106,Jared Goff,true,true,true,true
2025_10_PHI_GB,2025,10,2025-11-10,GB,home,00-0036264,Jordan Love,36,00-0036264,Jordan Love,2025-11-10T00:00:00.000000+0000,2025-11-09T07:13:57.000000+0000,00-0036264,Jordan Love,true,true,true,true
2025_10_JAX_HOU,2025,10,2025-11-09,HOU,home,00-0036898,Davis Mills,45,00-0036898,Davis Mills,2025-11-09T00:00:00.000000+0000,2025-11-08T07:13:45.000000+0000,00-0039163,C.J. Stroud,true,true,true,false
2025_10_ATL_IND,2025,10,2025-11-09,IND,home,00-0035710,Daniel Jones,26,00-0035710,Daniel Jones,2025-11-09T00:00:00.000000+0000,2025-11-08T07:13:45.000000+0000,00-0035710,Daniel Jones,true,true,true,true
2025_10_JAX_HOU,2025,10,2025-11-09,JAX,away,00-0036971,Trevor Lawrence,23,00-0036971,Trevor Lawrence,2025-11-09T00:00:00.000000+0000,2025-11-08T07:13:45.000000+0000,00-0036971,Trevor Lawrence,true,true,true,true
2025_10_LA_SF,2025,10,2025-11-09,LA,away,00-0026498,Matthew Stafford,36,00-0026498,Matthew Stafford,2025-11-09T00:00:00.000000+0000,2025-11-08T07:13:45.000000+0000,00-0026498,Matthew Stafford,true,true,true,true
2025_10_PIT_LAC,2025,10,2025-11-09,LAC,home,00-0036355,Justin Herbert,33,00-0036355,Justin Herbert,2025-11-09T00:00:00.000000+0000,2025-11-08T07:13:45.000000+0000,00-0036355,Justin Herbert,true,true,true,true
2025_10_LV_DEN,2025,10,2025-11-06,LV,away,00-0030565,Geno Smith,26,00-0030565,Geno Smith,2025-11-06T00:00:00.000000+0000,2025-11-05T07:15:57.000000+0000,00-0030565,Geno Smith,true,true,true,true
2025_10_BUF_MIA,2025,10,2025-11-09,MIA,home,00-0036212,Tua Tagovailoa,21,00-0036212,Tua Tagovailoa,2025-11-09T00:00:00.000000+0000,2025-11-08T07:13:45.000000+0000,00-0036212,Tua Tagovailoa,true,true,true,true
2025_10_BAL_MIN,2025,10,2025-11-09,MIN,home,00-0039923,J.J. McCarthy,42,00-0039923,J.J. McCarthy,2025-11-09T00:00:00.000000+0000,2025-11-08T07:13:45.000000+0000,00-0039923,J.J. McCarthy,true,true,true,true
2025_10_NE_TB,2025,10,2025-11-09,NE,away,00-0039851,Drake Maye,31,00-0039851,Drake Maye,2025-11-09T00:00:00.000000+0000,2025-11-08T07:13:45.000000+0000,00-0039851,Drake Maye,true,true,true,true
2025_10_NO_CAR,2025,10,2025-11-09,NO,away,00-0040743,Tyler Shough,27,00-0040743,Tyler Shough,2025-11-09T00:00:00.000000+0000,2025-11-08T07:13:45.000000+0000,00-0040743,Tyler Shough,true,true,true,true
2025_10_NYG_CHI,2025,10,2025-11-09,NYG,away,00-0040691,Jaxson Dart,29,00-0040691,Jaxson Dart,2025-11-09T00:00:00.000000+0000,2025-11-08T07:13:45.000000+0000,00-0040691,Jaxson Dart,true,true,true,true
2025_10_PHI_GB,2025,10,2025-11-10,PHI,away,00-0036389,Jalen Hurts,26,00-0036389,Jalen Hurts,2025-11-10T00:00:00.000000+0000,2025-11-09T07:13:57.000000+0000,00-0036389,Jalen Hurts,true,true,true,true
2025_10_PIT_LAC,2025,10,2025-11-09,PIT,away,00-0023459,Aaron Rodgers,31,00-0023459,Aaron Rodgers,2025-11-09T00:00:00.000000+0000,2025-11-08T07:13:45.000000+0000,00-0023459,Aaron Rodgers,true,true,true,true
2025_10_LA_SF,2025,10,2025-11-09,SF,home,00-0036972,Mac Jones,39,00-0036972,Mac Jones,2025-11-09T00:00:00.000000+0000,2025-11-08T07:13:45.000000+0000,00-0037834,Brock Purdy,true,true,true,false
2025_10_NE_TB,2025,10,2025-11-09,TB,home,00-0034855,Baker Mayfield,43,00-0034855,Baker Mayfield,2025-11-09T00:00:00.000000+0000,2025-11-08T07:13:45.000000+0000,00-0034855,Baker Mayfield,true,true,true,true
2025_10_DET_WAS,2025,10,2025-11-09,WAS,home,00-0032268,Marcus Mariota,22,00-0039910,Jayden Daniels,2025-11-09T00:00:00.000000+0000,2025-11-08T07:13:45.000000+0000,00-0032268,Marcus Mariota,true,true,false,true
2025_11_SF_ARI,2025,11,2025-11-16,ARI,home,00-0033119,Jacoby Brissett,57,00-0033119,Jacoby Brissett,2025-11-16T00:00:00.000000+0000,2025-11-15T07:13:28.000000+0000,00-0033119,Jacoby Brissett,true,true,true,true
2025_11_CAR_ATL,2025,11,2025-11-16,ATL,home,00-0039917,Michael Penix Jr.,16,00-0039917,Michael Penix Jr.,2025-11-16T00:00:00.000000+0000,2025-11-15T07:13:28.000000+0000,00-0039917,Michael Penix Jr.,true,true,true,true
2025_11_BAL_CLE,2025,11,2025-11-16,BAL,away,00-0034796,Lamar Jackson,25,00-0034796,Lamar Jackson,2025-11-16T00:00:00.000000+0000,2025-11-15T07:13:28.000000+0000,00-0034796,Lamar Jackson,true,true,true,true
2025_11_TB_BUF,2025,11,2025-11-16,BUF,home,00-0034857,Josh Allen,30,00-0034857,Josh Allen,2025-11-16T00:00:00.000000+0000,2025-11-15T07:13:28.000000+0000,00-0034857,Josh Allen,true,true,true,true
2025_11_CAR_ATL,2025,11,2025-11-16,CAR,away,00-0039150,Bryce Young,45,00-0039150,Bryce Young,2025-11-16T00:00:00.000000+0000,2025-11-15T07:13:28.000000+0000,00-0039150,Bryce Young,true,true,true,true
2025_11_CHI_MIN,2025,11,2025-11-16,CHI,away,00-0039918,Caleb Williams,32,00-0039918,Caleb Williams,2025-11-16T00:00:00.000000+0000,2025-11-15T07:13:28.000000+0000,00-0039918,Caleb Williams,true,true,true,true
2025_11_CIN_PIT,2025,11,2025-11-16,CIN,away,00-0026158,Joe Flacco,40,00-0026158,Joe Flacco,2025-11-16T00:00:00.000000+0000,2025-11-15T07:13:28.000000+0000,00-0026158,Joe Flacco,true,true,true,true
2025_11_BAL_CLE,2025,11,2025-11-16,CLE,home,00-0040668,Shedeur Sanders,16,00-0040704,Dillon Gabriel,2025-11-16T00:00:00.000000+0000,2025-11-15T07:13:28.000000+0000,00-0040704,Dillon Gabriel,true,true,false,false
2025_11_DAL_LV,2025,11,2025-11-17,DAL,away,00-0033077,Dak Prescott,33,00-0033077,Dak Prescott,2025-11-17T00:00:00.000000+0000,2025-11-16T07:14:40.000000+0000,00-0033077,Dak Prescott,true,true,true,true
2025_11_KC_DEN,2025,11,2025-11-16,DEN,home,00-0039732,Bo Nix,37,00-0039732,Bo Nix,2025-11-16T00:00:00.000000+0000,2025-11-15T07:13:28.000000+0000,00-0039732,Bo Nix,true,true,true,true
2025_11_DET_PHI,2025,11,2025-11-16,DET,away,00-0033106,Jared Goff,37,00-0033106,Jared Goff,2025-11-16T00:00:00.000000+0000,2025-11-15T07:13:28.000000+0000,00-0033106,Jared Goff,true,true,true,true
2025_11_GB_NYG,2025,11,2025-11-16,GB,away,00-0036264,Jordan Love,24,00-0036264,Jordan Love,2025-11-16T00:00:00.000000+0000,2025-11-15T07:13:28.000000+0000,00-0036264,Jordan Love,true,true,true,true
2025_11_HOU_TEN,2025,11,2025-11-16,HOU,away,00-0036898,Davis Mills,41,00-0036898,Davis Mills,2025-11-16T00:00:00.000000+0000,2025-11-15T07:13:28.000000+0000,00-0039163,C.J. Stroud,true,true,true,false
2025_11_LAC_JAX,2025,11,2025-11-16,JAX,home,00-0036971,Trevor Lawrence,22,00-0036971,Trevor Lawrence,2025-11-16T00:00:00.000000+0000,2025-11-15T07:13:28.000000+0000,00-0036971,Trevor Lawrence,true,true,true,true
2025_11_KC_DEN,2025,11,2025-11-16,KC,away,00-0033873,Patrick Mahomes,45,00-0033873,Patrick Mahomes,2025-11-16T00:00:00.000000+0000,2025-11-15T07:13:28.000000+0000,00-0033873,Patrick Mahomes,true,true,true,true
2025_11_SEA_LA,2025,11,2025-11-16,LA,home,00-0026498,Matthew Stafford,28,00-0026498,Matthew Stafford,2025-11-16T00:00:00.000000+0000,2025-11-15T07:13:28.000000+0000,00-0026498,Matthew Stafford,true,true,true,true
2025_11_LAC_JAX,2025,11,2025-11-16,LAC,away,00-0036355,Justin Herbert,18,00-0036355,Justin Herbert,2025-11-16T00:00:00.000000+0000,2025-11-15T07:13:28.000000+0000,00-0036355,Justin Herbert,true,true,true,true
2025_11_DAL_LV,2025,11,2025-11-17,LV,home,00-0030565,Geno Smith,42,00-0030565,Geno Smith,2025-11-17T00:00:00.000000+0000,2025-11-16T07:14:40.000000+0000,00-0030565,Geno Smith,true,true,true,true
2025_11_WAS_MIA,2025,11,2025-11-16,MIA,home,00-0036212,Tua Tagovailoa,20,00-0036212,Tua Tagovailoa,2025-11-16T00:00:00.000000+0000,2025-11-15T07:13:28.000000+0000,00-0036212,Tua Tagovailoa,true,true,true,true
2025_11_CHI_MIN,2025,11,2025-11-16,MIN,home,00-0039923,J.J. McCarthy,32,00-0039923,J.J. McCarthy,2025-11-16T00:00:00.000000+0000,2025-11-15T07:13:28.000000+0000,00-0039923,J.J. McCarthy,true,true,true,true
2025_11_NYJ_NE,2025,11,2025-11-13,NE,home,00-0039851,Drake Maye,34,00-0039851,Drake Maye,2025-11-13T00:00:00.000000+0000,2025-11-12T07:15:26.000000+0000,00-0039851,Drake Maye,true,true,true,true
2025_11_GB_NYG,2025,11,2025-11-16,NYG,home,00-0031503,Jameis Winston,29,00-0040691,Jaxson Dart,2025-11-16T00:00:00.000000+0000,2025-11-15T07:13:28.000000+0000,00-0040691,Jaxson Dart,true,true,false,false
2025_11_NYJ_NE,2025,11,2025-11-13,NYJ,away,00-0036945,Justin Fields,26,,,2025-11-13T00:00:00.000000+0000,2025-11-12T07:15:26.000000+0000,00-0036945,Justin Fields,false,true,false,true
2025_11_DET_PHI,2025,11,2025-11-16,PHI,home,00-0036389,Jalen Hurts,28,00-0036389,Jalen Hurts,2025-11-16T00:00:00.000000+0000,2025-11-15T07:13:28.000000+0000,00-0036389,Jalen Hurts,true,true,true,true
2025_11_CIN_PIT,2025,11,2025-11-16,PIT,home,00-0034771,Mason Rudolph,16,00-0023459,Aaron Rodgers,2025-11-16T00:00:00.000000+0000,2025-11-15T07:13:28.000000+0000,00-0023459,Aaron Rodgers,true,true,false,false
2025_11_SEA_LA,2025,11,2025-11-16,SEA,away,00-0034869,Sam Darnold,44,,,2025-11-16T00:00:00.000000+0000,2025-11-15T07:13:28.000000+0000,00-0034869,Sam Darnold,false,true,false,true
2025_11_SF_ARI,2025,11,2025-11-16,SF,away,00-0037834,Brock Purdy,26,00-0036972,Mac Jones,2025-11-16T00:00:00.000000+0000,2025-11-15T07:13:28.000000+0000,00-0037834,Brock Purdy,true,true,false,true
2025_11_TB_BUF,2025,11,2025-11-16,TB,away,00-0034855,Baker Mayfield,28,00-0034855,Baker Mayfield,2025-11-16T00:00:00.000000+0000,2025-11-15T07:13:28.000000+0000,00-0034855,Baker Mayfield,true,true,true,true
2025_11_HOU_TEN,2025,11,2025-11-16,TEN,home,00-0040676,Cam Ward,37,00-0040676,Cam Ward,2025-11-16T00:00:00.000000+0000,2025-11-15T07:13:28.000000+0000,00-0040676,Cam Ward,true,true,true,true
2025_11_WAS_MIA,2025,11,2025-11-16,WAS,away,00-0032268,Marcus Mariota,30,00-0032268,Marcus Mariota,2025-11-16T00:00:00.000000+0000,2025-11-15T07:13:28.000000+0000,00-0039910,Jayden Daniels,true,true,true,false
2025_12_JAX_ARI,2025,12,2025-11-23,ARI,home,00-0033119,Jacoby Brissett,49,00-0033119,Jacoby Brissett,2025-11-23T00:00:00.000000+0000,2025-11-22T07:14:24.000000+0000,00-0033119,Jacoby Brissett,true,true,true,true
2025_12_ATL_NO,2025,12,2025-11-23,ATL,away,00-0029604,Kirk Cousins,23,00-0039917,Michael Penix Jr.,2025-11-23T00:00:00.000000+0000,2025-11-22T07:14:24.000000+0000,00-0029604,Kirk Cousins,true,true,false,true
2025_12_NYJ_BAL,2025,12,2025-11-23,BAL,home,00-0034796,Lamar Jackson,23,00-0034796,Lamar Jackson,2025-11-23T00:00:00.000000+0000,2025-11-22T07:14:24.000000+0000,00-0034796,Lamar Jackson,true,true,true,true
2025_12_BUF_HOU,2025,12,2025-11-20,BUF,away,00-0034857,Josh Allen,34,00-0034857,Josh Allen,2025-11-20T00:00:00.000000+0000,2025-11-19T07:15:43.000000+0000,00-0034857,Josh Allen,true,true,true,true
2025_12_CAR_SF,2025,12,2025-11-24,CAR,away,00-0039150,Bryce Young,29,00-0039150,Bryce Young,2025-11-24T00:00:00.000000+0000,2025-11-23T07:14:24.000000+0000,00-0039150,Bryce Young,true,true,true,true
2025_12_PIT_CHI,2025,12,2025-11-23,CHI,home,00-0039918,Caleb Williams,35,00-0039918,Caleb Williams,2025-11-23T00:00:00.000000+0000,2025-11-22T07:14:24.000000+0000,00-0039918,Caleb Williams,true,true,true,true
2025_12_NE_CIN,2025,12,2025-11-23,CIN,home,00-0026158,Joe Flacco,37,00-0026158,Joe Flacco,2025-11-23T00:00:00.000000+0000,2025-11-22T07:14:24.000000+0000,00-0026158,Joe Flacco,true,true,true,true
2025_12_CLE_LV,2025,12,2025-11-23,CLE,away,00-0040668,Shedeur Sanders,20,00-0040668,Shedeur Sanders,2025-11-23T00:00:00.000000+0000,2025-11-22T07:14:24.000000+0000,00-0040704,Dillon Gabriel,true,true,true,false
2025_12_PHI_DAL,2025,12,2025-11-23,DAL,home,00-0033077,Dak Prescott,36,00-0033077,Dak Prescott,2025-11-23T00:00:00.000000+0000,2025-11-22T07:14:24.000000+0000,00-0033077,Dak Prescott,true,true,true,true
2025_12_NYG_DET,2025,12,2025-11-23,DET,home,00-0033106,Jared Goff,42,00-0033106,Jared Goff,2025-11-23T00:00:00.000000+0000,2025-11-22T07:14:24.000000+0000,00-0033106,Jared Goff,true,true,true,true
2025_12_MIN_GB,2025,12,2025-11-23,GB,home,00-0036264,Jordan Love,21,00-0036264,Jordan Love,2025-11-23T00:00:00.000000+0000,2025-11-22T07:14:24.000000+0000,00-0036264,Jordan Love,true,true,true,true
2025_12_BUF_HOU,2025,12,2025-11-20,HOU,home,00-0036898,Davis Mills,30,00-0036898,Davis Mills,2025-11-20T00:00:00.000000+0000,2025-11-19T07:15:43.000000+0000,00-0039163,C.J. Stroud,true,true,true,false
2025_12_IND_KC,2025,12,2025-11-23,IND,away,00-0035710,Daniel Jones,31,00-0035710,Daniel Jones,2025-11-23T00:00:00.000000+0000,2025-11-22T07:14:24.000000+0000,00-0035710,Daniel Jones,true,true,true,true
2025_12_JAX_ARI,2025,12,2025-11-23,JAX,away,00-0036971,Trevor Lawrence,30,00-0036971,Trevor Lawrence,2025-11-23T00:00:00.000000+0000,2025-11-22T07:14:24.000000+0000,00-0036971,Trevor Lawrence,true,true,true,true
2025_12_IND_KC,2025,12,2025-11-23,KC,home,00-0033873,Patrick Mahomes,46,00-0033873,Patrick Mahomes,2025-11-23T00:00:00.000000+0000,2025-11-22T07:14:24.000000+0000,00-0033873,Patrick Mahomes,true,true,true,true
2025_12_TB_LA,2025,12,2025-11-23,LA,home,00-0026498,Matthew Stafford,35,00-0026498,Matthew Stafford,2025-11-23T00:00:00.000000+0000,2025-11-22T07:14:24.000000+0000,00-0026498,Matthew Stafford,true,true,true,true
2025_12_CLE_LV,2025,12,2025-11-23,LV,home,00-0030565,Geno Smith,44,00-0030565,Geno Smith,2025-11-23T00:00:00.000000+0000,2025-11-22T07:14:24.000000+0000,00-0030565,Geno Smith,true,true,true,true
2025_12_MIN_GB,2025,12,2025-11-23,MIN,away,00-0039923,J.J. McCarthy,19,00-0039923,J.J. McCarthy,2025-11-23T00:00:00.000000+0000,2025-11-22T07:14:24.000000+0000,00-0039923,J.J. McCarthy,true,true,true,true
2025_12_NE_CIN,2025,12,2025-11-23,NE,away,00-0039851,Drake Maye,35,00-0039851,Drake Maye,2025-11-23T00:00:00.000000+0000,2025-11-22T07:14:24.000000+0000,00-0039851,Drake Maye,true,true,true,true
2025_12_ATL_NO,2025,12,2025-11-23,NO,home,00-0040743,Tyler Shough,43,00-0040743,Tyler Shough,2025-11-23T00:00:00.000000+0000,2025-11-22T07:14:24.000000+0000,00-0040743,Tyler Shough,true,true,true,true
2025_12_NYG_DET,2025,12,2025-11-23,NYG,away,00-0031503,Jameis Winston,36,00-0031503,Jameis Winston,2025-11-23T00:00:00.000000+0000,2025-11-22T07:14:24.000000+0000,00-0040691,Jaxson Dart,true,true,true,false
2025_12_NYJ_BAL,2025,12,2025-11-23,NYJ,away,00-0028118,Tyrod Taylor,28,00-0036945,Justin Fields,2025-11-23T00:00:00.000000+0000,2025-11-22T07:14:24.000000+0000,00-0028118,Tyrod Taylor,true,true,false,true
2025_12_PHI_DAL,2025,12,2025-11-23,PHI,away,00-0036389,Jalen Hurts,39,00-0036389,Jalen Hurts,2025-11-23T00:00:00.000000+0000,2025-11-22T07:14:24.000000+0000,00-0036389,Jalen Hurts,true,true,true,true
2025_12_PIT_CHI,2025,12,2025-11-23,PIT,away,00-0034771,Mason Rudolph,31,00-0034771,Mason Rudolph,2025-11-23T00:00:00.000000+0000,2025-11-22T07:14:24.000000+0000,00-0023459,Aaron Rodgers,true,true,true,false
2025_12_SEA_TEN,2025,12,2025-11-23,SEA,away,00-0034869,Sam Darnold,26,00-0034869,Sam Darnold,2025-11-23T00:00:00.000000+0000,2025-11-22T07:14:24.000000+0000,00-0034869,Sam Darnold,true,true,true,true
2025_12_CAR_SF,2025,12,2025-11-24,SF,home,00-0037834,Brock Purdy,32,00-0037834,Brock Purdy,2025-11-24T00:00:00.000000+0000,2025-11-23T07:14:24.000000+0000,00-0037834,Brock Purdy,true,true,true,true
2025_12_TB_LA,2025,12,2025-11-23,TB,away,00-0034855,Baker Mayfield,19,00-0034855,Baker Mayfield,2025-11-23T00:00:00.000000+0000,2025-11-22T07:14:24.000000+0000,00-0034855,Baker Mayfield,true,true,true,true
2025_12_SEA_TEN,2025,12,2025-11-23,TEN,home,00-0040676,Cam Ward,42,00-0040676,Cam Ward,2025-11-23T00:00:00.000000+0000,2025-11-22T07:14:24.000000+0000,00-0040676,Cam Ward,true,true,true,true
2025_13_ARI_TB,2025,13,2025-11-30,ARI,away,00-0033119,Jacoby Brissett,40,00-0033119,Jacoby Brissett,2025-11-30T00:00:00.000000+0000,2025-11-29T07:14:22.000000+0000,00-0033119,Jacoby Brissett,true,true,true,true
2025_13_ATL_NYJ,2025,13,2025-11-30,ATL,away,00-0029604,Kirk Cousins,33,00-0029604,Kirk Cousins,2025-11-30T00:00:00.000000+0000,2025-11-29T07:14:22.000000+0000,00-0029604,Kirk Cousins,true,true,true,true
2025_13_CIN_BAL,2025,13,2025-11-27,BAL,home,00-0034796,Lamar Jackson,32,00-0034796,Lamar Jackson,2025-11-27T00:00:00.000000+0000,2025-11-26T07:16:02.000000+0000,00-0034796,Lamar Jackson,true,true,true,true
2025_13_BUF_PIT,2025,13,2025-11-30,BUF,away,00-0034857,Josh Allen,23,00-0034857,Josh Allen,2025-11-30T00:00:00.000000+0000,2025-11-29T07:14:22.000000+0000,00-0034857,Josh Allen,true,true,true,true
2025_13_LA_CAR,2025,13,2025-11-30,CAR,home,00-0039150,Bryce Young,20,00-0039150,Bryce Young,2025-11-30T00:00:00.000000+0000,2025-11-29T07:14:22.000000+0000,00-0039150,Bryce Young,true,true,true,true
2025_13_CHI_PHI,2025,13,2025-11-28,CHI,away,00-0039918,Caleb Williams,36,00-0039918,Caleb Williams,2025-11-28T00:00:00.000000+0000,2025-11-27T07:17:01.000000+0000,00-0039918,Caleb Williams,true,true,true,true
2025_13_CIN_BAL,2025,13,2025-11-27,CIN,away,00-0036442,Joe Burrow,46,00-0026158,Joe Flacco,2025-11-27T00:00:00.000000+0000,2025-11-26T07:16:02.000000+0000,00-0036442,Joe Burrow,true,true,false,true
2025_13_SF_CLE,2025,13,2025-11-30,CLE,home,00-0040668,Shedeur Sanders,25,00-0040668,Shedeur Sanders,2025-11-30T00:00:00.000000+0000,2025-11-29T07:14:22.000000+0000,00-0040668,Shedeur Sanders,true,true,true,true
2025_13_KC_DAL,2025,13,2025-11-27,DAL,home,00-0033077,Dak Prescott,39,00-0033077,Dak Prescott,2025-11-27T00:00:00.000000+0000,2025-11-26T07:16:02.000000+0000,00-0033077,Dak Prescott,true,true,true,true
2025_13_DEN_WAS,2025,13,2025-11-30,DEN,away,00-0039732,Bo Nix,45,00-0039732,Bo Nix,2025-11-30T00:00:00.000000+0000,2025-11-29T07:14:22.000000+0000,00-0039732,Bo Nix,true,true,true,true
2025_13_GB_DET,2025,13,2025-11-27,DET,home,00-0033106,Jared Goff,26,00-0033106,Jared Goff,2025-11-27T00:00:00.000000+0000,2025-11-26T07:16:02.000000+0000,00-0033106,Jared Goff,true,true,true,true
2025_13_GB_DET,2025,13,2025-11-27,GB,away,00-0036264,Jordan Love,30,00-0036264,Jordan Love,2025-11-27T00:00:00.000000+0000,2025-11-26T07:16:02.000000+0000,00-0036264,Jordan Love,true,true,true,true
2025_13_HOU_IND,2025,13,2025-11-30,HOU,away,00-0039163,C.J. Stroud,35,00-0036898,Davis Mills,2025-11-30T00:00:00.000000+0000,2025-11-29T07:14:22.000000+0000,00-0039163,C.J. Stroud,true,true,false,true
2025_13_HOU_IND,2025,13,2025-11-30,IND,home,00-0035710,Daniel Jones,27,00-0035710,Daniel Jones,2025-11-30T00:00:00.000000+0000,2025-11-29T07:14:22.000000+0000,00-0035710,Daniel Jones,true,true,true,true
2025_13_JAX_TEN,2025,13,2025-11-30,JAX,away,00-0036971,Trevor Lawrence,27,00-0036971,Trevor Lawrence,2025-11-30T00:00:00.000000+0000,2025-11-29T07:14:22.000000+0000,00-0036971,Trevor Lawrence,true,true,true,true
2025_13_KC_DAL,2025,13,2025-11-27,KC,away,00-0033873,Patrick Mahomes,34,00-0033873,Patrick Mahomes,2025-11-27T00:00:00.000000+0000,2025-11-26T07:16:02.000000+0000,00-0033873,Patrick Mahomes,true,true,true,true
2025_13_LA_CAR,2025,13,2025-11-30,LA,away,00-0026498,Matthew Stafford,28,00-0026498,Matthew Stafford,2025-11-30T00:00:00.000000+0000,2025-11-29T07:14:22.000000+0000,00-0026498,Matthew Stafford,true,true,true,true
2025_13_LV_LAC,2025,13,2025-11-30,LAC,home,00-0036355,Justin Herbert,20,00-0036355,Justin Herbert,2025-11-30T00:00:00.000000+0000,2025-11-29T07:14:22.000000+0000,00-0036355,Justin Herbert,true,true,true,true
2025_13_LV_LAC,2025,13,2025-11-30,LV,away,00-0030565,Geno Smith,23,00-0030565,Geno Smith,2025-11-30T00:00:00.000000+0000,2025-11-29T07:14:22.000000+0000,00-0030565,Geno Smith,true,true,true,true
2025_13_NO_MIA,2025,13,2025-11-30,MIA,home,00-0036212,Tua Tagovailoa,23,00-0036212,Tua Tagovailoa,2025-11-30T00:00:00.000000+0000,2025-11-29T07:14:22.000000+0000,00-0036212,Tua Tagovailoa,true,true,true,true
2025_13_MIN_SEA,2025,13,2025-11-30,MIN,away,00-0040494,Max Brosmer,30,00-0039923,J.J. McCarthy,2025-11-30T00:00:00.000000+0000,2025-11-29T07:14:22.000000+0000,00-0039923,J.J. McCarthy,true,true,false,false
2025_13_NYG_NE,2025,13,2025-12-01,NE,home,00-0039851,Drake Maye,31,00-0039851,Drake Maye,2025-12-01T00:00:00.000000+0000,2025-11-30T07:13:58.000000+0000,00-0039851,Drake Maye,true,true,true,true
2025_13_NO_MIA,2025,13,2025-11-30,NO,away,00-0040743,Tyler Shough,38,00-0040743,Tyler Shough,2025-11-30T00:00:00.000000+0000,2025-11-29T07:14:22.000000+0000,00-0040743,Tyler Shough,true,true,true,true
2025_13_NYG_NE,2025,13,2025-12-01,NYG,away,00-0040691,Jaxson Dart,24,00-0031503,Jameis Winston,2025-12-01T00:00:00.000000+0000,2025-11-30T07:13:58.000000+0000,00-0040691,Jaxson Dart,true,true,false,true
2025_13_ATL_NYJ,2025,13,2025-11-30,NYJ,home,00-0028118,Tyrod Taylor,33,00-0028118,Tyrod Taylor,2025-11-30T00:00:00.000000+0000,2025-11-29T07:14:22.000000+0000,00-0028118,Tyrod Taylor,true,true,true,true
2025_13_CHI_PHI,2025,13,2025-11-28,PHI,home,00-0036389,Jalen Hurts,34,00-0036389,Jalen Hurts,2025-11-28T00:00:00.000000+0000,2025-11-27T07:17:01.000000+0000,00-0036389,Jalen Hurts,true,true,true,true
2025_13_BUF_PIT,2025,13,2025-11-30,PIT,home,00-0023459,Aaron Rodgers,21,00-0034771,Mason Rudolph,2025-11-30T00:00:00.000000+0000,2025-11-29T07:14:22.000000+0000,00-0023459,Aaron Rodgers,true,true,false,true
2025_13_MIN_SEA,2025,13,2025-11-30,SEA,home,00-0034869,Sam Darnold,26,00-0034869,Sam Darnold,2025-11-30T00:00:00.000000+0000,2025-11-29T07:14:22.000000+0000,00-0034869,Sam Darnold,true,true,true,true
2025_13_SF_CLE,2025,13,2025-11-30,SF,away,00-0037834,Brock Purdy,29,00-0037834,Brock Purdy,2025-11-30T00:00:00.000000+0000,2025-11-29T07:14:22.000000+0000,00-0037834,Brock Purdy,true,true,true,true
2025_13_ARI_TB,2025,13,2025-11-30,TB,home,00-0034855,Baker Mayfield,28,00-0034855,Baker Mayfield,2025-11-30T00:00:00.000000+0000,2025-11-29T07:14:22.000000+0000,00-0034855,Baker Mayfield,true,true,true,true
2025_13_JAX_TEN,2025,13,2025-11-30,TEN,home,00-0040676,Cam Ward,38,00-0040676,Cam Ward,2025-11-30T00:00:00.000000+0000,2025-11-29T07:14:22.000000+0000,00-0040676,Cam Ward,true,true,true,true
2025_13_DEN_WAS,2025,13,2025-11-30,WAS,home,00-0032268,Marcus Mariota,50,00-0032268,Marcus Mariota,2025-11-30T00:00:00.000000+0000,2025-11-29T07:14:22.000000+0000,00-0039910,Jayden Daniels,true,true,true,false
2025_14_LA_ARI,2025,14,2025-12-07,ARI,home,00-0033119,Jacoby Brissett,44,00-0033119,Jacoby Brissett,2025-12-07T00:00:00.000000+0000,2025-12-06T07:14:40.000000+0000,00-0033119,Jacoby Brissett,true,true,true,true
2025_14_SEA_ATL,2025,14,2025-12-07,ATL,home,00-0029604,Kirk Cousins,30,00-0029604,Kirk Cousins,2025-12-07T00:00:00.000000+0000,2025-12-06T07:14:40.000000+0000,00-0029604,Kirk Cousins,true,true,true,true
2025_14_PIT_BAL,2025,14,2025-12-07,BAL,home,00-0034796,Lamar Jackson,35,00-0034796,Lamar Jackson,2025-12-07T00:00:00.000000+0000,2025-12-06T07:14:40.000000+0000,00-0034796,Lamar Jackson,true,true,true,true
2025_14_CIN_BUF,2025,14,2025-12-07,BUF,home,00-0034857,Josh Allen,28,00-0034857,Josh Allen,2025-12-07T00:00:00.000000+0000,2025-12-06T07:14:40.000000+0000,00-0034857,Josh Allen,true,true,true,true
2025_14_CHI_GB,2025,14,2025-12-07,CHI,away,00-0039918,Caleb Williams,35,00-0039918,Caleb Williams,2025-12-07T00:00:00.000000+0000,2025-12-06T07:14:40.000000+0000,00-0039918,Caleb Williams,true,true,true,true
2025_14_CIN_BUF,2025,14,2025-12-07,CIN,away,00-0036442,Joe Burrow,36,00-0036442,Joe Burrow,2025-12-07T00:00:00.000000+0000,2025-12-06T07:14:40.000000+0000,00-0036442,Joe Burrow,true,true,true,true
2025_14_TEN_CLE,2025,14,2025-12-07,CLE,home,00-0040668,Shedeur Sanders,42,00-0040668,Shedeur Sanders,2025-12-07T00:00:00.000000+0000,2025-12-06T07:14:40.000000+0000,00-0040668,Shedeur Sanders,true,true,true,true
2025_14_DAL_DET,2025,14,2025-12-04,DAL,away,00-0033077,Dak Prescott,47,00-0033077,Dak Prescott,2025-12-04T00:00:00.000000+0000,2025-12-03T07:17:49.000000+0000,00-0033077,Dak Prescott,true,true,true,true
2025_14_DEN_LV,2025,14,2025-12-07,DEN,away,00-0039732,Bo Nix,38,00-0039732,Bo Nix,2025-12-07T00:00:00.000000+0000,2025-12-06T07:14:40.000000+0000,00-0039732,Bo Nix,true,true,true,true
2025_14_DAL_DET,2025,14,2025-12-04,DET,home,00-0033106,Jared Goff,34,00-0033106,Jared Goff,2025-12-04T00:00:00.000000+0000,2025-12-03T07:17:49.000000+0000,00-0033106,Jared Goff,true,true,true,true
2025_14_CHI_GB,2025,14,2025-12-07,GB,home,00-0036264,Jordan Love,25,00-0036264,Jordan Love,2025-12-07T00:00:00.000000+0000,2025-12-06T07:14:40.000000+0000,00-0036264,Jordan Love,true,true,true,true
2025_14_HOU_KC,2025,14,2025-12-07,HOU,away,00-0039163,C.J. Stroud,31,00-0039163,C.J. Stroud,2025-12-07T00:00:00.000000+0000,2025-12-06T07:14:40.000000+0000,00-0039163,C.J. Stroud,true,true,true,true
2025_14_IND_JAX,2025,14,2025-12-07,IND,away,00-0040206,Riley Leonard,29,00-0035710,Daniel Jones,2025-12-07T00:00:00.000000+0000,2025-12-06T07:14:40.000000+0000,00-0035710,Daniel Jones,true,true,false,false
2025_14_IND_JAX,2025,14,2025-12-07,JAX,home,00-0036971,Trevor Lawrence,30,00-0036971,Trevor Lawrence,2025-12-07T00:00:00.000000+0000,2025-12-06T07:14:40.000000+0000,00-0036971,Trevor Lawrence,true,true,true,true
2025_14_HOU_KC,2025,14,2025-12-07,KC,home,00-0033873,Patrick Mahomes,33,00-0033873,Patrick Mahomes,2025-12-07T00:00:00.000000+0000,2025-12-06T07:14:40.000000+0000,00-0033873,Patrick Mahomes,true,true,true,true
2025_14_LA_ARI,2025,14,2025-12-07,LA,away,00-0026498,Matthew Stafford,31,00-0026498,Matthew Stafford,2025-12-07T00:00:00.000000+0000,2025-12-06T07:14:40.000000+0000,00-0026498,Matthew Stafford,true,true,true,true
2025_14_PHI_LAC,2025,14,2025-12-08,LAC,home,00-0036355,Justin Herbert,26,00-0036355,Justin Herbert,2025-12-08T00:00:00.000000+0000,2025-12-07T07:14:59.000000+0000,00-0036355,Justin Herbert,true,true,true,true
2025_14_DEN_LV,2025,14,2025-12-07,LV,home,00-0030565,Geno Smith,21,00-0030565,Geno Smith,2025-12-07T00:00:00.000000+0000,2025-12-06T07:14:40.000000+0000,00-0030565,Geno Smith,true,true,true,true
2025_14_MIA_NYJ,2025,14,2025-12-07,MIA,away,00-0036212,Tua Tagovailoa,21,00-0036212,Tua Tagovailoa,2025-12-07T00:00:00.000000+0000,2025-12-06T07:14:40.000000+0000,00-0036212,Tua Tagovailoa,true,true,true,true
2025_14_WAS_MIN,2025,14,2025-12-07,MIN,home,00-0039923,J.J. McCarthy,23,00-0040494,Max Brosmer,2025-12-07T00:00:00.000000+0000,2025-12-06T07:14:40.000000+0000,00-0039923,J.J. McCarthy,true,true,false,true
2025_14_NO_TB,2025,14,2025-12-07,NO,away,00-0040743,Tyler Shough,20,00-0040743,Tyler Shough,2025-12-07T00:00:00.000000+0000,2025-12-06T07:14:40.000000+0000,00-0040743,Tyler Shough,true,true,true,true
2025_14_MIA_NYJ,2025,14,2025-12-07,NYJ,home,00-0040398,Brady Cook,30,00-0028118,Tyrod Taylor,2025-12-07T00:00:00.000000+0000,2025-12-06T07:14:40.000000+0000,00-0028118,Tyrod Taylor,true,true,false,false
2025_14_PHI_LAC,2025,14,2025-12-08,PHI,away,00-0036389,Jalen Hurts,40,00-0036389,Jalen Hurts,2025-12-08T00:00:00.000000+0000,2025-12-07T07:14:59.000000+0000,00-0036389,Jalen Hurts,true,true,true,true
2025_14_PIT_BAL,2025,14,2025-12-07,PIT,away,00-0023459,Aaron Rodgers,34,00-0023459,Aaron Rodgers,2025-12-07T00:00:00.000000+0000,2025-12-06T07:14:40.000000+0000,00-0023459,Aaron Rodgers,true,true,true,true
2025_14_SEA_ATL,2025,14,2025-12-07,SEA,away,00-0034869,Sam Darnold,30,00-0034869,Sam Darnold,2025-12-07T00:00:00.000000+0000,2025-12-06T07:14:40.000000+0000,00-0034869,Sam Darnold,true,true,true,true
2025_14_NO_TB,2025,14,2025-12-07,TB,home,00-0034855,Baker Mayfield,30,00-0034855,Baker Mayfield,2025-12-07T00:00:00.000000+0000,2025-12-06T07:14:40.000000+0000,00-0034855,Baker Mayfield,true,true,true,true
2025_14_TEN_CLE,2025,14,2025-12-07,TEN,away,00-0040676,Cam Ward,28,00-0040676,Cam Ward,2025-12-07T00:00:00.000000+0000,2025-12-06T07:14:40.000000+0000,00-0040676,Cam Ward,true,true,true,true
2025_14_WAS_MIN,2025,14,2025-12-07,WAS,away,00-0039910,Jayden Daniels,20,00-0032268,Marcus Mariota,2025-12-07T00:00:00.000000+0000,2025-12-06T07:14:40.000000+0000,00-0039910,Jayden Daniels,true,true,false,true
2025_15_ARI_HOU,2025,15,2025-12-14,ARI,away,00-0033119,Jacoby Brissett,40,00-0033119,Jacoby Brissett,2025-12-14T00:00:00.000000+0000,2025-12-12T07:20:09.000000+0000,00-0033119,Jacoby Brissett,true,true,true,true
2025_15_ATL_TB,2025,15,2025-12-11,ATL,away,00-0029604,Kirk Cousins,44,00-0029604,Kirk Cousins,2025-12-11T00:00:00.000000+0000,2025-12-10T07:19:32.000000+0000,00-0029604,Kirk Cousins,true,true,true,true
2025_15_BUF_NE,2025,15,2025-12-14,BUF,away,00-0034857,Josh Allen,28,00-0034857,Josh Allen,2025-12-14T00:00:00.000000+0000,2025-12-12T07:20:09.000000+0000,00-0034857,Josh Allen,true,true,true,true
2025_15_CAR_NO,2025,15,2025-12-14,CAR,away,00-0039150,Bryce Young,24,00-0039150,Bryce Young,2025-12-14T00:00:00.000000+0000,2025-12-12T07:20:09.000000+0000,00-0039150,Bryce Young,true,true,true,true
2025_15_CLE_CHI,2025,15,2025-12-14,CHI,home,00-0039918,Caleb Williams,28,00-0039918,Caleb Williams,2025-12-14T00:00:00.000000+0000,2025-12-12T07:20:09.000000+0000,00-0039918,Caleb Williams,true,true,true,true
2025_15_BAL_CIN,2025,15,2025-12-14,CIN,home,00-0036442,Joe Burrow,39,00-0036442,Joe Burrow,2025-12-14T00:00:00.000000+0000,2025-12-12T07:20:09.000000+0000,00-0036442,Joe Burrow,true,true,true,true
2025_15_CLE_CHI,2025,15,2025-12-14,CLE,away,00-0040668,Shedeur Sanders,35,00-0040668,Shedeur Sanders,2025-12-14T00:00:00.000000+0000,2025-12-12T07:20:09.000000+0000,00-0040668,Shedeur Sanders,true,true,true,true
2025_15_MIN_DAL,2025,15,2025-12-14,DAL,home,00-0033077,Dak Prescott,38,00-0033077,Dak Prescott,2025-12-14T00:00:00.000000+0000,2025-12-12T07:20:09.000000+0000,00-0033077,Dak Prescott,true,true,true,true
2025_15_GB_DEN,2025,15,2025-12-14,DEN,home,00-0039732,Bo Nix,34,00-0039732,Bo Nix,2025-12-14T00:00:00.000000+0000,2025-12-12T07:20:09.000000+0000,00-0039732,Bo Nix,true,true,true,true
2025_15_DET_LA,2025,15,2025-12-14,DET,away,00-0033106,Jared Goff,41,00-0033106,Jared Goff,2025-12-14T00:00:00.000000+0000,2025-12-12T07:20:09.000000+0000,00-0033106,Jared Goff,true,true,true,true
2025_15_GB_DEN,2025,15,2025-12-14,GB,away,00-0036264,Jordan Love,40,00-0036264,Jordan Love,2025-12-14T00:00:00.000000+0000,2025-12-12T07:20:09.000000+0000,00-0036264,Jordan Love,true,true,true,true
2025_15_ARI_HOU,2025,15,2025-12-14,HOU,home,00-0039163,C.J. Stroud,29,00-0039163,C.J. Stroud,2025-12-14T00:00:00.000000+0000,2025-12-12T07:20:09.000000+0000,00-0039163,C.J. Stroud,true,true,true,true
2025_15_IND_SEA,2025,15,2025-12-14,IND,away,00-0022942,Philip Rivers,27,00-0040206,Riley Leonard,2025-12-14T00:00:00.000000+0000,2025-12-12T07:20:09.000000+0000,00-0040206,Riley Leonard,true,true,false,false
2025_15_NYJ_JAX,2025,15,2025-12-14,JAX,home,00-0036971,Trevor Lawrence,32,00-0036971,Trevor Lawrence,2025-12-14T00:00:00.000000+0000,2025-12-12T07:20:09.000000+0000,00-0036971,Trevor Lawrence,true,true,true,true
2025_15_LAC_KC,2025,15,2025-12-14,KC,home,00-0033873,Patrick Mahomes,28,00-0033873,Patrick Mahomes,2025-12-14T00:00:00.000000+0000,2025-12-12T07:20:09.000000+0000,00-0033873,Patrick Mahomes,true,true,true,true
2025_15_DET_LA,2025,15,2025-12-14,LA,home,00-0026498,Matthew Stafford,38,00-0026498,Matthew Stafford,2025-12-14T00:00:00.000000+0000,2025-12-12T07:20:09.000000+0000,00-0026498,Matthew Stafford,true,true,true,true
2025_15_LAC_KC,2025,15,2025-12-14,LAC,away,00-0036355,Justin Herbert,29,00-0036355,Justin Herbert,2025-12-14T00:00:00.000000+0000,2025-12-12T07:20:09.000000+0000,00-0036355,Justin Herbert,true,true,true,true
2025_15_LV_PHI,2025,15,2025-12-14,LV,away,00-0038102,Kenny Pickett,25,00-0030565,Geno Smith,2025-12-14T00:00:00.000000+0000,2025-12-12T07:20:09.000000+0000,00-0030565,Geno Smith,true,true,false,false
2025_15_MIA_PIT,2025,15,2025-12-15,MIA,away,00-0036212,Tua Tagovailoa,28,00-0036212,Tua Tagovailoa,2025-12-15T00:00:00.000000+0000,2025-12-14T07:15:09.000000+0000,00-0036212,Tua Tagovailoa,true,true,true,true
2025_15_MIN_DAL,2025,15,2025-12-14,MIN,away,00-0039923,J.J. McCarthy,24,00-0039923,J.J. McCarthy,2025-12-14T00:00:00.000000+0000,2025-12-12T07:20:09.000000+0000,00-0039923,J.J. McCarthy,true,true,true,true
2025_15_BUF_NE,2025,15,2025-12-14,NE,home,00-0039851,Drake Maye,23,00-0039851,Drake Maye,2025-12-14T00:00:00.000000+0000,2025-12-12T07:20:09.000000+0000,00-0039851,Drake Maye,true,true,true,true
2025_15_CAR_NO,2025,15,2025-12-14,NO,home,00-0040743,Tyler Shough,32,00-0040743,Tyler Shough,2025-12-14T00:00:00.000000+0000,2025-12-12T07:20:09.000000+0000,00-0040743,Tyler Shough,true,true,true,true
2025_15_WAS_NYG,2025,15,2025-12-14,NYG,home,00-0040691,Jaxson Dart,36,00-0040691,Jaxson Dart,2025-12-14T00:00:00.000000+0000,2025-12-12T07:20:09.000000+0000,00-0040691,Jaxson Dart,true,true,true,true
2025_15_NYJ_JAX,2025,15,2025-12-14,NYJ,away,00-0040398,Brady Cook,33,00-0040398,Brady Cook,2025-12-14T00:00:00.000000+0000,2025-12-12T07:20:09.000000+0000,00-0028118,Tyrod Taylor,true,true,true,false
2025_15_LV_PHI,2025,15,2025-12-14,PHI,home,00-0036389,Jalen Hurts,15,00-0036389,Jalen Hurts,2025-12-14T00:00:00.000000+0000,2025-12-12T07:20:09.000000+0000,00-0036389,Jalen Hurts,true,true,true,true
2025_15_MIA_PIT,2025,15,2025-12-15,PIT,home,00-0023459,Aaron Rodgers,27,00-0023459,Aaron Rodgers,2025-12-15T00:00:00.000000+0000,2025-12-14T07:15:09.000000+0000,00-0023459,Aaron Rodgers,true,true,true,true
2025_15_IND_SEA,2025,15,2025-12-14,SEA,home,00-0034869,Sam Darnold,36,00-0034869,Sam Darnold,2025-12-14T00:00:00.000000+0000,2025-12-12T07:20:09.000000+0000,00-0034869,Sam Darnold,true,true,true,true
2025_15_TEN_SF,2025,15,2025-12-14,SF,home,00-0037834,Brock Purdy,30,00-0037834,Brock Purdy,2025-12-14T00:00:00.000000+0000,2025-12-12T07:20:09.000000+0000,00-0037834,Brock Purdy,true,true,true,true
2025_15_ATL_TB,2025,15,2025-12-11,TB,home,00-0034855,Baker Mayfield,34,00-0034855,Baker Mayfield,2025-12-11T00:00:00.000000+0000,2025-12-10T07:19:32.000000+0000,00-0034855,Baker Mayfield,true,true,true,true
2025_15_TEN_SF,2025,15,2025-12-14,TEN,away,00-0040676,Cam Ward,29,00-0040676,Cam Ward,2025-12-14T00:00:00.000000+0000,2025-12-12T07:20:09.000000+0000,00-0040676,Cam Ward,true,true,true,true
2025_15_WAS_NYG,2025,15,2025-12-14,WAS,away,00-0032268,Marcus Mariota,19,00-0039910,Jayden Daniels,2025-12-14T00:00:00.000000+0000,2025-12-12T07:20:09.000000+0000,00-0039910,Jayden Daniels,true,true,false,false
2025_16_ATL_ARI,2025,16,2025-12-21,ARI,home,00-0033119,Jacoby Brissett,31,00-0033119,Jacoby Brissett,2025-12-21T00:00:00.000000+0000,2025-12-20T07:14:22.000000+0000,00-0033119,Jacoby Brissett,true,true,true,true
2025_16_ATL_ARI,2025,16,2025-12-21,ATL,away,00-0029604,Kirk Cousins,35,00-0029604,Kirk Cousins,2025-12-21T00:00:00.000000+0000,2025-12-20T07:14:22.000000+0000,00-0029604,Kirk Cousins,true,true,true,true
2025_16_BUF_CLE,2025,16,2025-12-21,BUF,away,00-0034857,Josh Allen,19,00-0034857,Josh Allen,2025-12-21T00:00:00.000000+0000,2025-12-20T07:14:22.000000+0000,00-0034857,Josh Allen,true,true,true,true
2025_16_TB_CAR,2025,16,2025-12-21,CAR,home,00-0039150,Bryce Young,32,00-0039150,Bryce Young,2025-12-21T00:00:00.000000+0000,2025-12-20T07:14:22.000000+0000,00-0039150,Bryce Young,true,true,true,true
2025_16_GB_CHI,2025,16,2025-12-20,CHI,home,00-0039918,Caleb Williams,34,00-0039918,Caleb Williams,2025-12-20T00:00:00.000000+0000,2025-12-19T07:18:40.000000+0000,00-0039918,Caleb Williams,true,true,true,true
2025_16_CIN_MIA,2025,16,2025-12-21,CIN,away,00-0036442,Joe Burrow,32,00-0036442,Joe Burrow,2025-12-21T00:00:00.000000+0000,2025-12-20T07:14:22.000000+0000,00-0036442,Joe Burrow,true,true,true,true
2025_16_BUF_CLE,2025,16,2025-12-21,CLE,home,00-0040668,Shedeur Sanders,29,00-0040668,Shedeur Sanders,2025-12-21T00:00:00.000000+0000,2025-12-20T07:14:22.000000+0000,00-0040668,Shedeur Sanders,true,true,true,true
2025_16_LAC_DAL,2025,16,2025-12-21,DAL,home,00-0033077,Dak Prescott,30,00-0033077,Dak Prescott,2025-12-21T00:00:00.000000+0000,2025-12-20T07:14:22.000000+0000,00-0033077,Dak Prescott,true,true,true,true
2025_16_JAX_DEN,2025,16,2025-12-21,DEN,home,00-0039732,Bo Nix,47,00-0039732,Bo Nix,2025-12-21T00:00:00.000000+0000,2025-12-20T07:14:22.000000+0000,00-0039732,Bo Nix,true,true,true,true
2025_16_PIT_DET,2025,16,2025-12-21,DET,home,00-0033106,Jared Goff,54,00-0033106,Jared Goff,2025-12-21T00:00:00.000000+0000,2025-12-20T07:14:22.000000+0000,00-0033106,Jared Goff,true,true,true,true
2025_16_LV_HOU,2025,16,2025-12-21,HOU,home,00-0039163,C.J. Stroud,35,00-0039163,C.J. Stroud,2025-12-21T00:00:00.000000+0000,2025-12-20T07:14:22.000000+0000,00-0039163,C.J. Stroud,true,true,true,true
2025_16_SF_IND,2025,16,2025-12-22,IND,home,00-0022942,Philip Rivers,35,00-0022942,Philip Rivers,2025-12-22T00:00:00.000000+0000,2025-12-21T07:15:28.000000+0000,00-0022942,Philip Rivers,true,true,true,true
2025_16_JAX_DEN,2025,16,2025-12-21,JAX,away,00-0036971,Trevor Lawrence,36,00-0036971,Trevor Lawrence,2025-12-21T00:00:00.000000+0000,2025-12-20T07:14:22.000000+0000,00-0036971,Trevor Lawrence,true,true,true,true
2025_16_KC_TEN,2025,16,2025-12-21,KC,away,00-0037324,Chris Oladokun,16,00-0033873,Patrick Mahomes,2025-12-21T00:00:00.000000+0000,2025-12-20T07:14:22.000000+0000,00-0035289,Gardner Minshew,true,true,false,false
2025_16_LA_SEA,2025,16,2025-12-18,LA,away,00-0026498,Matthew Stafford,49,00-0026498,Matthew Stafford,2025-12-18T00:00:00.000000+0000,2025-12-17T07:19:14.000000+0000,00-0026498,Matthew Stafford,true,true,true,true
2025_16_LAC_DAL,2025,16,2025-12-21,LAC,away,00-0036355,Justin Herbert,29,00-0036355,Justin Herbert,2025-12-21T00:00:00.000000+0000,2025-12-20T07:14:22.000000+0000,00-0036355,Justin Herbert,true,true,true,true
2025_16_LV_HOU,2025,16,2025-12-21,LV,away,00-0030565,Geno Smith,23,00-0038102,Kenny Pickett,2025-12-21T00:00:00.000000+0000,2025-12-20T07:14:22.000000+0000,00-0030565,Geno Smith,true,true,false,true
2025_16_CIN_MIA,2025,16,2025-12-21,MIA,home,00-0040234,Quinn Ewers,30,00-0036212,Tua Tagovailoa,2025-12-21T00:00:00.000000+0000,2025-12-20T07:14:22.000000+0000,00-0040234,Quinn Ewers,true,true,false,true
2025_16_NE_BAL,2025,16,2025-12-21,NE,away,00-0039851,Drake Maye,44,00-0039851,Drake Maye,2025-12-21T00:00:00.000000+0000,2025-12-20T07:14:22.000000+0000,00-0039851,Drake Maye,true,true,true,true
2025_16_NYJ_NO,2025,16,2025-12-21,NO,home,00-0040743,Tyler Shough,49,00-0040743,Tyler Shough,2025-12-21T00:00:00.000000+0000,2025-12-20T07:14:22.000000+0000,00-0040743,Tyler Shough,true,true,true,true
2025_16_NYJ_NO,2025,16,2025-12-21,NYJ,away,00-0040398,Brady Cook,35,00-0040398,Brady Cook,2025-12-21T00:00:00.000000+0000,2025-12-20T07:14:22.000000+0000,00-0040398,Brady Cook,true,true,true,true
2025_16_PHI_WAS,2025,16,2025-12-20,PHI,away,00-0036389,Jalen Hurts,30,00-0036389,Jalen Hurts,2025-12-20T00:00:00.000000+0000,2025-12-19T07:18:40.000000+0000,00-0036389,Jalen Hurts,true,true,true,true
2025_16_PIT_DET,2025,16,2025-12-21,PIT,away,00-0023459,Aaron Rodgers,41,00-0023459,Aaron Rodgers,2025-12-21T00:00:00.000000+0000,2025-12-20T07:14:22.000000+0000,00-0023459,Aaron Rodgers,true,true,true,true
2025_16_LA_SEA,2025,16,2025-12-18,SEA,home,00-0034869,Sam Darnold,34,00-0034869,Sam Darnold,2025-12-18T00:00:00.000000+0000,2025-12-17T07:19:14.000000+0000,00-0034869,Sam Darnold,true,true,true,true
2025_16_SF_IND,2025,16,2025-12-22,SF,away,00-0037834,Brock Purdy,34,00-0037834,Brock Purdy,2025-12-22T00:00:00.000000+0000,2025-12-21T07:15:28.000000+0000,00-0037834,Brock Purdy,true,true,true,true
2025_16_TB_CAR,2025,16,2025-12-21,TB,away,00-0034855,Baker Mayfield,26,00-0034855,Baker Mayfield,2025-12-21T00:00:00.000000+0000,2025-12-20T07:14:22.000000+0000,00-0034855,Baker Mayfield,true,true,true,true
2025_16_KC_TEN,2025,16,2025-12-21,TEN,home,00-0040676,Cam Ward,28,00-0040676,Cam Ward,2025-12-21T00:00:00.000000+0000,2025-12-20T07:14:22.000000+0000,00-0040676,Cam Ward,true,true,true,true
2025_17_ARI_CIN,2025,17,2025-12-28,ARI,away,00-0033119,Jacoby Brissett,37,00-0033119,Jacoby Brissett,2025-12-28T00:00:00.000000+0000,2025-12-27T07:15:20.000000+0000,00-0033119,Jacoby Brissett,true,true,true,true
2025_17_LA_ATL,2025,17,2025-12-29,ATL,home,00-0029604,Kirk Cousins,20,00-0029604,Kirk Cousins,2025-12-29T00:00:00.000000+0000,2025-12-28T07:16:35.000000+0000,00-0029604,Kirk Cousins,true,true,true,true
2025_17_BAL_GB,2025,17,2025-12-27,BAL,away,00-0035993,Tyler Huntley,20,,,2025-12-27T00:00:00.000000+0000,2025-12-26T07:18:41.000000+0000,00-0034796,Lamar Jackson,false,true,false,false
2025_17_PHI_BUF,2025,17,2025-12-28,BUF,home,00-0034857,Josh Allen,35,00-0034857,Josh Allen,2025-12-28T00:00:00.000000+0000,2025-12-27T07:15:20.000000+0000,00-0034857,Josh Allen,true,true,true,true
2025_17_SEA_CAR,2025,17,2025-12-28,CAR,home,00-0039150,Bryce Young,24,00-0039150,Bryce Young,2025-12-28T00:00:00.000000+0000,2025-12-27T07:15:20.000000+0000,00-0039150,Bryce Young,true,true,true,true
2025_17_CHI_SF,2025,17,2025-12-28,CHI,away,00-0039918,Caleb Williams,42,00-0039918,Caleb Williams,2025-12-28T00:00:00.000000+0000,2025-12-27T07:15:20.000000+0000,00-0039918,Caleb Williams,true,true,true,true
2025_17_ARI_CIN,2025,17,2025-12-28,CIN,home,00-0036442,Joe Burrow,31,00-0036442,Joe Burrow,2025-12-28T00:00:00.000000+0000,2025-12-27T07:15:20.000000+0000,00-0036442,Joe Burrow,true,true,true,true
2025_17_PIT_CLE,2025,17,2025-12-28,CLE,home,00-0040668,Shedeur Sanders,23,00-0040668,Shedeur Sanders,2025-12-28T00:00:00.000000+0000,2025-12-27T07:15:20.000000+0000,00-0040668,Shedeur Sanders,true,true,true,true
2025_17_DAL_WAS,2025,17,2025-12-25,DAL,away,00-0033077,Dak Prescott,37,00-0033077,Dak Prescott,2025-12-25T00:00:00.000000+0000,2025-12-24T07:20:26.000000+0000,00-0033077,Dak Prescott,true,true,true,true
2025_17_DEN_KC,2025,17,2025-12-25,DEN,away,00-0039732,Bo Nix,38,00-0039732,Bo Nix,2025-12-25T00:00:00.000000+0000,2025-12-24T07:20:26.000000+0000,00-0039732,Bo Nix,true,true,true,true
2025_17_DET_MIN,2025,17,2025-12-25,DET,away,00-0033106,Jared Goff,29,00-0033106,Jared Goff,2025-12-25T00:00:00.000000+0000,2025-12-24T07:20:26.000000+0000,00-0033106,Jared Goff,true,true,true,true
2025_17_BAL_GB,2025,17,2025-12-27,GB,home,00-0038128,Malik Willis,21,,,2025-12-27T00:00:00.000000+0000,2025-12-26T07:18:41.000000+0000,00-0036264,Jordan Love,false,true,false,false
2025_17_HOU_LAC,2025,17,2025-12-27,HOU,away,00-0039163,C.J. Stroud,28,00-0039163,C.J. Stroud,2025-12-27T00:00:00.000000+0000,2025-12-26T07:18:41.000000+0000,00-0039163,C.J. Stroud,true,true,true,true
2025_17_JAX_IND,2025,17,2025-12-28,IND,home,00-0022942,Philip Rivers,30,00-0022942,Philip Rivers,2025-12-28T00:00:00.000000+0000,2025-12-27T07:15:20.000000+0000,00-0022942,Philip Rivers,true,true,true,true
2025_17_JAX_IND,2025,17,2025-12-28,JAX,away,00-0036971,Trevor Lawrence,37,00-0036971,Trevor Lawrence,2025-12-28T00:00:00.000000+0000,2025-12-27T07:15:20.000000+0000,00-0036971,Trevor Lawrence,true,true,true,true
2025_17_DEN_KC,2025,17,2025-12-25,KC,home,00-0037324,Chris Oladokun,22,00-0037324,Chris Oladokun,2025-12-25T00:00:00.000000+0000,2025-12-24T07:20:26.000000+0000,00-0037324,Chris Oladokun,true,true,true,true
2025_17_LA_ATL,2025,17,2025-12-29,LA,away,00-0026498,Matthew Stafford,38,00-0026498,Matthew Stafford,2025-12-29T00:00:00.000000+0000,2025-12-28T07:16:35.000000+0000,00-0026498,Matthew Stafford,true,true,true,true
2025_17_HOU_LAC,2025,17,2025-12-27,LAC,home,00-0036355,Justin Herbert,32,00-0036355,Justin Herbert,2025-12-27T00:00:00.000000+0000,2025-12-26T07:18:41.000000+0000,00-0036355,Justin Herbert,true,true,true,true
2025_17_NYG_LV,2025,17,2025-12-28,LV,home,00-0030565,Geno Smith,28,00-0030565,Geno Smith,2025-12-28T00:00:00.000000+0000,2025-12-27T07:15:20.000000+0000,00-0030565,Geno Smith,true,true,true,true
2025_17_TB_MIA,2025,17,2025-12-28,MIA,home,00-0040234,Quinn Ewers,22,00-0040234,Quinn Ewers,2025-12-28T00:00:00.000000+0000,2025-12-27T07:15:20.000000+0000,00-0040234,Quinn Ewers,true,true,true,true
2025_17_DET_MIN,2025,17,2025-12-25,MIN,home,00-0040494,Max Brosmer,16,,,2025-12-25T00:00:00.000000+0000,2025-12-24T07:20:26.000000+0000,00-0039923,J.J. McCarthy,false,true,false,false
2025_17_NE_NYJ,2025,17,2025-12-28,NE,away,00-0039851,Drake Maye,21,00-0039851,Drake Maye,2025-12-28T00:00:00.000000+0000,2025-12-27T07:15:20.000000+0000,00-0039851,Drake Maye,true,true,true,true
2025_17_NO_TEN,2025,17,2025-12-28,NO,away,00-0040743,Tyler Shough,27,00-0040743,Tyler Shough,2025-12-28T00:00:00.000000+0000,2025-12-27T07:15:20.000000+0000,00-0040743,Tyler Shough,true,true,true,true
2025_17_NYG_LV,2025,17,2025-12-28,NYG,away,00-0040691,Jaxson Dart,30,,,2025-12-28T00:00:00.000000+0000,2025-12-27T07:15:20.000000+0000,00-0040691,Jaxson Dart,false,true,false,true
2025_17_NE_NYJ,2025,17,2025-12-28,NYJ,home,00-0040398,Brady Cook,33,00-0040398,Brady Cook,2025-12-28T00:00:00.000000+0000,2025-12-27T07:15:20.000000+0000,00-0040398,Brady Cook,true,true,true,true
2025_17_PHI_BUF,2025,17,2025-12-28,PHI,away,00-0036389,Jalen Hurts,27,00-0036389,Jalen Hurts,2025-12-28T00:00:00.000000+0000,2025-12-27T07:15:20.000000+0000,00-0036389,Jalen Hurts,true,true,true,true
2025_17_PIT_CLE,2025,17,2025-12-28,PIT,away,00-0023459,Aaron Rodgers,39,00-0023459,Aaron Rodgers,2025-12-28T00:00:00.000000+0000,2025-12-27T07:15:20.000000+0000,00-0023459,Aaron Rodgers,true,true,true,true
2025_17_SEA_CAR,2025,17,2025-12-28,SEA,away,00-0034869,Sam Darnold,27,00-0034869,Sam Darnold,2025-12-28T00:00:00.000000+0000,2025-12-27T07:15:20.000000+0000,00-0034869,Sam Darnold,true,true,true,true
2025_17_CHI_SF,2025,17,2025-12-28,SF,home,00-0037834,Brock Purdy,33,00-0037834,Brock Purdy,2025-12-28T00:00:00.000000+0000,2025-12-27T07:15:20.000000+0000,00-0037834,Brock Purdy,true,true,true,true
2025_17_TB_MIA,2025,17,2025-12-28,TB,away,00-0034855,Baker Mayfield,44,00-0034855,Baker Mayfield,2025-12-28T00:00:00.000000+0000,2025-12-27T07:15:20.000000+0000,00-0034855,Baker Mayfield,true,true,true,true
2025_17_NO_TEN,2025,17,2025-12-28,TEN,home,00-0040676,Cam Ward,40,00-0040676,Cam Ward,2025-12-28T00:00:00.000000+0000,2025-12-27T07:15:20.000000+0000,00-0040676,Cam Ward,true,true,true,true
2025_17_DAL_WAS,2025,17,2025-12-25,WAS,home,00-0026300,Josh Johnson,23,,,2025-12-25T00:00:00.000000+0000,2025-12-24T07:20:26.000000+0000,00-0032268,Marcus Mariota,false,true,false,false
2025_18_ARI_LA,2025,18,2026-01-04,ARI,away,00-0033119,Jacoby Brissett,31,00-0033119,Jacoby Brissett,2026-01-04T00:00:00.000000+0000,2026-01-03T07:16:02.000000+0000,00-0033119,Jacoby Brissett,true,true,true,true
2025_18_NO_ATL,2025,18,2026-01-04,ATL,home,00-0029604,Kirk Cousins,32,00-0029604,Kirk Cousins,2026-01-04T00:00:00.000000+0000,2026-01-03T07:16:02.000000+0000,00-0029604,Kirk Cousins,true,true,true,true
2025_18_BAL_PIT,2025,18,2026-01-04,BAL,away,00-0034796,Lamar Jackson,18,00-0035993,Tyler Huntley,2026-01-04T00:00:00.000000+0000,2026-01-03T07:16:02.000000+0000,00-0034796,Lamar Jackson,true,true,false,true
2025_18_NYJ_BUF,2025,18,2026-01-04,BUF,home,00-0033869,Mitchell Trubisky,29,00-0034857,Josh Allen,2026-01-04T00:00:00.000000+0000,2026-01-03T07:16:02.000000+0000,00-0034857,Josh Allen,true,true,false,false
2025_18_CAR_TB,2025,18,2026-01-03,CAR,away,00-0039150,Bryce Young,35,00-0039150,Bryce Young,2026-01-03T00:00:00.000000+0000,2026-01-02T07:21:01.000000+0000,00-0039150,Bryce Young,true,true,true,true
2025_18_DET_CHI,2025,18,2026-01-04,CHI,home,00-0039918,Caleb Williams,33,00-0039918,Caleb Williams,2026-01-04T00:00:00.000000+0000,2026-01-03T07:16:02.000000+0000,00-0039918,Caleb Williams,true,true,true,true
2025_18_CLE_CIN,2025,18,2026-01-04,CIN,home,00-0036442,Joe Burrow,39,00-0036442,Joe Burrow,2026-01-04T00:00:00.000000+0000,2026-01-03T07:16:02.000000+0000,00-0036442,Joe Burrow,true,true,true,true
2025_18_CLE_CIN,2025,18,2026-01-04,CLE,away,00-0040668,Shedeur Sanders,22,00-0040668,Shedeur Sanders,2026-01-04T00:00:00.000000+0000,2026-01-03T07:16:02.000000+0000,00-0040668,Shedeur Sanders,true,true,true,true
2025_18_LAC_DEN,2025,18,2026-01-04,DEN,home,00-0039732,Bo Nix,23,00-0039732,Bo Nix,2026-01-04T00:00:00.000000+0000,2026-01-03T07:16:02.000000+0000,00-0039732,Bo Nix,true,true,true,true
2025_18_DET_CHI,2025,18,2026-01-04,DET,away,00-0033106,Jared Goff,42,00-0033106,Jared Goff,2026-01-04T00:00:00.000000+0000,2026-01-03T07:16:02.000000+0000,00-0033106,Jared Goff,true,true,true,true
2025_18_IND_HOU,2025,18,2026-01-04,HOU,home,00-0039163,C.J. Stroud,23,00-0039163,C.J. Stroud,2026-01-04T00:00:00.000000+0000,2026-01-03T07:16:02.000000+0000,00-0039163,C.J. Stroud,true,true,true,true
2025_18_IND_HOU,2025,18,2026-01-04,IND,away,00-0040206,Riley Leonard,34,00-0022942,Philip Rivers,2026-01-04T00:00:00.000000+0000,2026-01-03T07:16:02.000000+0000,00-0040206,Riley Leonard,true,true,false,true
2025_18_TEN_JAX,2025,18,2026-01-04,JAX,home,00-0036971,Trevor Lawrence,30,00-0036971,Trevor Lawrence,2026-01-04T00:00:00.000000+0000,2026-01-03T07:16:02.000000+0000,00-0036971,Trevor Lawrence,true,true,true,true
2025_18_KC_LV,2025,18,2026-01-04,KC,away,00-0037324,Chris Oladokun,17,00-0037324,Chris Oladokun,2026-01-04T00:00:00.000000+0000,2026-01-03T07:16:02.000000+0000,00-0037324,Chris Oladokun,true,true,true,true
2025_18_ARI_LA,2025,18,2026-01-04,LA,home,00-0026498,Matthew Stafford,40,00-0026498,Matthew Stafford,2026-01-04T00:00:00.000000+0000,2026-01-03T07:16:02.000000+0000,00-0026498,Matthew Stafford,true,true,true,true
2025_18_LAC_DEN,2025,18,2026-01-04,LAC,away,00-0037012,Trey Lance,44,00-0036355,Justin Herbert,2026-01-04T00:00:00.000000+0000,2026-01-03T07:16:02.000000+0000,00-0036355,Justin Herbert,true,true,false,false
2025_18_KC_LV,2025,18,2026-01-04,LV,home,00-0038579,Aidan O'Connell,22,00-0030565,Geno Smith,2026-01-04T00:00:00.000000+0000,2026-01-03T07:16:02.000000+0000,00-0030565,Geno Smith,true,true,false,false
2025_18_MIA_NE,2025,18,2026-01-04,MIA,away,00-0040234,Quinn Ewers,23,00-0040234,Quinn Ewers,2026-01-04T00:00:00.000000+0000,2026-01-03T07:16:02.000000+0000,00-0040234,Quinn Ewers,true,true,true,true
2025_18_GB_MIN,2025,18,2026-01-04,MIN,home,00-0039923,J.J. McCarthy,23,00-0040494,Max Brosmer,2026-01-04T00:00:00.000000+0000,2026-01-03T07:16:02.000000+0000,00-0039923,J.J. McCarthy,true,true,false,true
2025_18_MIA_NE,2025,18,2026-01-04,NE,home,00-0039851,Drake Maye,18,00-0039851,Drake Maye,2026-01-04T00:00:00.000000+0000,2026-01-03T07:16:02.000000+0000,00-0039851,Drake Maye,true,true,true,true
2025_18_NO_ATL,2025,18,2026-01-04,NO,away,00-0040743,Tyler Shough,35,00-0040743,Tyler Shough,2026-01-04T00:00:00.000000+0000,2026-01-03T07:16:02.000000+0000,00-0040743,Tyler Shough,true,true,true,true
2025_18_DAL_NYG,2025,18,2026-01-04,NYG,home,00-0040691,Jaxson Dart,32,00-0040691,Jaxson Dart,2026-01-04T00:00:00.000000+0000,2026-01-03T07:16:02.000000+0000,00-0040691,Jaxson Dart,true,true,true,true
2025_18_NYJ_BUF,2025,18,2026-01-04,NYJ,away,00-0040398,Brady Cook,22,00-0040398,Brady Cook,2026-01-04T00:00:00.000000+0000,2026-01-03T07:16:02.000000+0000,00-0040398,Brady Cook,true,true,true,true
2025_18_WAS_PHI,2025,18,2026-01-04,PHI,home,00-0038400,Tanner McKee,40,00-0036389,Jalen Hurts,2026-01-04T00:00:00.000000+0000,2026-01-03T07:16:02.000000+0000,00-0036389,Jalen Hurts,true,true,false,false
2025_18_BAL_PIT,2025,18,2026-01-04,PIT,home,00-0023459,Aaron Rodgers,47,00-0023459,Aaron Rodgers,2026-01-04T00:00:00.000000+0000,2026-01-03T07:16:02.000000+0000,00-0023459,Aaron Rodgers,true,true,true,true
2025_18_SEA_SF,2025,18,2026-01-03,SEA,away,00-0034869,Sam Darnold,26,00-0034869,Sam Darnold,2026-01-03T00:00:00.000000+0000,2026-01-02T07:21:01.000000+0000,00-0034869,Sam Darnold,true,true,true,true
2025_18_SEA_SF,2025,18,2026-01-03,SF,home,00-0037834,Brock Purdy,27,00-0037834,Brock Purdy,2026-01-03T00:00:00.000000+0000,2026-01-02T07:21:01.000000+0000,00-0037834,Brock Purdy,true,true,true,true
2025_18_CAR_TB,2025,18,2026-01-03,TB,home,00-0034855,Baker Mayfield,22,00-0034855,Baker Mayfield,2026-01-03T00:00:00.000000+0000,2026-01-02T07:21:01.000000+0000,00-0034855,Baker Mayfield,true,true,true,true
2025_18_TEN_JAX,2025,18,2026-01-04,TEN,away,00-0032434,Brandon Allen,30,00-0040676,Cam Ward,2026-01-04T00:00:00.000000+0000,2026-01-03T07:16:02.000000+0000,00-0040676,Cam Ward,true,true,false,false
2025_18_WAS_PHI,2025,18,2026-01-04,WAS,away,00-0026300,Josh Johnson,22,00-0026300,Josh Johnson,2026-01-04T00:00:00.000000+0000,2026-01-03T07:16:02.000000+0000,00-0032268,Marcus Mariota,true,true,true,false
2026_01_ARI_LAC,2026,1,2026-09-13,ARI,away,00-0033119,Jacoby Brissett,37,,,2026-09-13T00:00:00.000000+0000,2026-09-12T11:36:06.000000+0000,00-0033119,Jacoby Brissett,false,true,false,true
2026_01_ATL_PIT,2026,1,2026-09-13,ATL,away,00-0033662,Cooper Rush,22,,,2026-09-13T00:00:00.000000+0000,2026-09-12T11:36:06.000000+0000,00-0036212,Tua Tagovailoa,false,true,false,false
2026_01_BAL_IND,2026,1,2026-09-13,BAL,away,00-0034796,Lamar Jackson,25,,,2026-09-13T00:00:00.000000+0000,2026-09-12T11:36:06.000000+0000,00-0034796,Lamar Jackson,false,true,false,true
2026_01_BUF_HOU,2026,1,2026-09-13,BUF,away,00-0034857,Josh Allen,29,,,2026-09-13T00:00:00.000000+0000,2026-09-12T11:36:06.000000+0000,00-0034857,Josh Allen,false,true,false,true
2026_01_CHI_CAR,2026,1,2026-09-13,CAR,home,00-0039150,Bryce Young,37,,,2026-09-13T00:00:00.000000+0000,2026-09-12T11:36:06.000000+0000,00-0039150,Bryce Young,false,true,false,true
2026_01_CHI_CAR,2026,1,2026-09-13,CHI,away,00-0039918,Caleb Williams,29,,,2026-09-13T00:00:00.000000+0000,2026-09-12T11:36:06.000000+0000,00-0039918,Caleb Williams,false,true,false,true
2026_01_TB_CIN,2026,1,2026-09-13,CIN,home,00-0036442,Joe Burrow,35,,,2026-09-13T00:00:00.000000+0000,2026-09-12T11:36:06.000000+0000,00-0036442,Joe Burrow,false,true,false,true
2026_01_CLE_JAX,2026,1,2026-09-13,CLE,away,00-0033537,Deshaun Watson,22,,,2026-09-13T00:00:00.000000+0000,2026-09-12T11:36:06.000000+0000,00-0033537,Deshaun Watson,false,true,false,true
2026_01_DAL_NYG,2026,1,2026-09-13,DAL,away,00-0033077,Dak Prescott,34,,,2026-09-13T00:00:00.000000+0000,2026-09-12T11:36:06.000000+0000,00-0033077,Dak Prescott,false,true,false,true
2026_01_DEN_KC,2026,1,2026-09-14,DEN,away,00-0039732,Bo Nix,28,,,2026-09-14T00:00:00.000000+0000,2026-09-13T12:42:08.000000+0000,00-0039732,Bo Nix,false,true,false,true
2026_01_NO_DET,2026,1,2026-09-13,DET,home,00-0033106,Jared Goff,39,,,2026-09-13T00:00:00.000000+0000,2026-09-12T11:36:06.000000+0000,00-0033106,Jared Goff,false,true,false,true
2026_01_GB_MIN,2026,1,2026-09-13,GB,away,00-0036264,Jordan Love,42,,,2026-09-13T00:00:00.000000+0000,2026-09-12T11:36:06.000000+0000,00-0036264,Jordan Love,false,true,false,true
2026_01_BUF_HOU,2026,1,2026-09-13,HOU,home,00-0039163,C.J. Stroud,38,,,2026-09-13T00:00:00.000000+0000,2026-09-12T11:36:06.000000+0000,00-0039163,C.J. Stroud,false,true,false,true
2026_01_BAL_IND,2026,1,2026-09-13,IND,home,00-0035710,Daniel Jones,31,,,2026-09-13T00:00:00.000000+0000,2026-09-12T11:36:06.000000+0000,00-0035710,Daniel Jones,false,true,false,true
2026_01_CLE_JAX,2026,1,2026-09-13,JAX,home,00-0036971,Trevor Lawrence,23,,,2026-09-13T00:00:00.000000+0000,2026-09-12T11:36:06.000000+0000,00-0036971,Trevor Lawrence,false,true,false,true
2026_01_DEN_KC,2026,1,2026-09-14,KC,home,00-0033873,Patrick Mahomes,27,,,2026-09-14T00:00:00.000000+0000,2026-09-13T12:42:08.000000+0000,00-0033873,Patrick Mahomes,false,true,false,true
2026_01_SF_LA,2026,1,2026-09-10,LA,home,00-0026498,Matthew Stafford,25,,,2026-09-10T00:00:00.000000+0000,2026-09-09T12:06:21.000000+0000,00-0026498,Matthew Stafford,false,true,false,true
2026_01_ARI_LAC,2026,1,2026-09-13,LAC,home,00-0036355,Justin Herbert,27,,,2026-09-13T00:00:00.000000+0000,2026-09-12T11:36:06.000000+0000,00-0036355,Justin Herbert,false,true,false,true
2026_01_MIA_LV,2026,1,2026-09-13,LV,home,00-0029604,Kirk Cousins,30,,,2026-09-13T00:00:00.000000+0000,2026-09-12T11:36:06.000000+0000,00-0029604,Kirk Cousins,false,true,false,true
2026_01_MIA_LV,2026,1,2026-09-13,MIA,away,00-0038128,Malik Willis,27,,,2026-09-13T00:00:00.000000+0000,2026-09-12T11:36:06.000000+0000,00-0038128,Malik Willis,false,true,false,true
2026_01_GB_MIN,2026,1,2026-09-13,MIN,home,00-0032950,Carson Wentz,19,,,2026-09-13T00:00:00.000000+0000,2026-09-12T11:36:06.000000+0000,00-0035228,Kyler Murray,false,true,false,false
2026_01_NE_SEA,2026,1,2026-09-09,NE,away,00-0039851,Drake Maye,33,,,2026-09-09T00:00:00.000000+0000,2026-09-08T11:56:57.000000+0000,00-0039851,Drake Maye,false,true,false,true
2026_01_NO_DET,2026,1,2026-09-13,NO,away,00-0040743,Tyler Shough,56,,,2026-09-13T00:00:00.000000+0000,2026-09-12T11:36:06.000000+0000,00-0040743,Tyler Shough,false,true,false,true
2026_01_DAL_NYG,2026,1,2026-09-13,NYG,home,00-0040691,Jaxson Dart,29,,,2026-09-13T00:00:00.000000+0000,2026-09-12T11:36:06.000000+0000,00-0040691,Jaxson Dart,false,true,false,true
2026_01_NYJ_TEN,2026,1,2026-09-13,NYJ,away,00-0030565,Geno Smith,24,,,2026-09-13T00:00:00.000000+0000,2026-09-12T11:36:06.000000+0000,00-0030565,Geno Smith,false,true,false,true
2026_01_WAS_PHI,2026,1,2026-09-13,PHI,home,00-0036389,Jalen Hurts,25,,,2026-09-13T00:00:00.000000+0000,2026-09-12T11:36:06.000000+0000,00-0036389,Jalen Hurts,false,true,false,true
2026_01_ATL_PIT,2026,1,2026-09-13,PIT,home,00-0023459,Aaron Rodgers,40,,,2026-09-13T00:00:00.000000+0000,2026-09-12T11:36:06.000000+0000,00-0023459,Aaron Rodgers,false,true,false,true
2026_01_NE_SEA,2026,1,2026-09-09,SEA,home,00-0035704,Drew Lock,22,,,2026-09-09T00:00:00.000000+0000,2026-09-08T11:56:57.000000+0000,00-0034869,Sam Darnold,false,true,false,false
2026_01_SF_LA,2026,1,2026-09-10,SF,away,00-0037834,Brock Purdy,34,,,2026-09-10T00:00:00.000000+0000,2026-09-09T12:06:21.000000+0000,00-0037834,Brock Purdy,false,true,false,true
2026_01_TB_CIN,2026,1,2026-09-13,TB,away,00-0034855,Baker Mayfield,28,,,2026-09-13T00:00:00.000000+0000,2026-09-12T11:36:06.000000+0000,00-0034855,Baker Mayfield,false,true,false,true
2026_01_NYJ_TEN,2026,1,2026-09-13,TEN,home,00-0040676,Cam Ward,32,,,2026-09-13T00:00:00.000000+0000,2026-09-12T11:36:06.000000+0000,00-0040676,Cam Ward,false,true,false,true
2026_01_WAS_PHI,2026,1,2026-09-13,WAS,away,00-0039910,Jayden Daniels,34,,,2026-09-13T00:00:00.000000+0000,2026-09-12T11:36:06.000000+0000,00-0039910,Jayden Daniels,false,true,false,true
2026_02_SEA_ARI,2026,2,2026-09-20,ARI,home,00-0033119,Jacoby Brissett,28,00-0033119,Jacoby Brissett,2026-09-20T00:00:00.000000+0000,2026-09-19T11:56:08.000000+0000,00-0033119,Jacoby Brissett,true,true,true,true
2026_02_CAR_ATL,2026,2,2026-09-20,ATL,home,00-0033662,Cooper Rush,17,00-0033662,Cooper Rush,2026-09-20T00:00:00.000000+0000,2026-09-19T11:56:08.000000+0000,00-0039917,Michael Penix Jr.,true,true,true,false
2026_02_NO_BAL,2026,2,2026-09-20,BAL,home,00-0034796,Lamar Jackson,31,00-0034796,Lamar Jackson,2026-09-20T00:00:00.000000+0000,2026-09-19T11:56:08.000000+0000,00-0034796,Lamar Jackson,true,true,true,true
2026_02_DET_BUF,2026,2,2026-09-17,BUF,home,00-0034857,Josh Allen,31,00-0034857,Josh Allen,2026-09-17T00:00:00.000000+0000,2026-09-16T12:34:22.000000+0000,00-0034857,Josh Allen,true,true,true,true
2026_02_CAR_ATL,2026,2,2026-09-20,CAR,away,00-0039150,Bryce Young,36,00-0039150,Bryce Young,2026-09-20T00:00:00.000000+0000,2026-09-19T11:56:08.000000+0000,00-0039150,Bryce Young,true,true,true,true
2026_02_MIN_CHI,2026,2,2026-09-20,CHI,home,00-0039918,Caleb Williams,26,00-0039918,Caleb Williams,2026-09-20T00:00:00.000000+0000,2026-09-19T11:56:08.000000+0000,00-0039918,Caleb Williams,true,true,true,true
2026_02_CIN_HOU,2026,2,2026-09-20,CIN,away,00-0036442,Joe Burrow,31,00-0036442,Joe Burrow,2026-09-20T00:00:00.000000+0000,2026-09-19T11:56:08.000000+0000,00-0036442,Joe Burrow,true,true,true,true
2026_02_CLE_TB,2026,2,2026-09-20,CLE,away,00-0033537,Deshaun Watson,30,00-0033537,Deshaun Watson,2026-09-20T00:00:00.000000+0000,2026-09-19T11:56:08.000000+0000,00-0033537,Deshaun Watson,true,true,true,true
2026_02_WAS_DAL,2026,2,2026-09-20,DAL,home,00-0033077,Dak Prescott,31,00-0033077,Dak Prescott,2026-09-20T00:00:00.000000+0000,2026-09-19T11:56:08.000000+0000,00-0033077,Dak Prescott,true,true,true,true
2026_02_JAX_DEN,2026,2,2026-09-20,DEN,home,00-0039732,Bo Nix,31,00-0039732,Bo Nix,2026-09-20T00:00:00.000000+0000,2026-09-19T11:56:08.000000+0000,00-0039732,Bo Nix,true,true,true,true
2026_02_DET_BUF,2026,2,2026-09-17,DET,away,00-0033106,Jared Goff,38,00-0033106,Jared Goff,2026-09-17T00:00:00.000000+0000,2026-09-16T12:34:22.000000+0000,00-0033106,Jared Goff,true,true,true,true
2026_02_GB_NYJ,2026,2,2026-09-20,GB,away,00-0036264,Jordan Love,29,00-0036264,Jordan Love,2026-09-20T00:00:00.000000+0000,2026-09-19T11:56:08.000000+0000,00-0036264,Jordan Love,true,true,true,true
2026_02_CIN_HOU,2026,2,2026-09-20,HOU,home,00-0039163,C.J. Stroud,55,00-0039163,C.J. Stroud,2026-09-20T00:00:00.000000+0000,2026-09-19T11:56:08.000000+0000,00-0039163,C.J. Stroud,true,true,true,true
2026_02_IND_KC,2026,2,2026-09-20,IND,away,00-0035710,Daniel Jones,31,00-0035710,Daniel Jones,2026-09-20T00:00:00.000000+0000,2026-09-19T11:56:08.000000+0000,00-0035710,Daniel Jones,true,true,true,true
2026_02_JAX_DEN,2026,2,2026-09-20,JAX,away,00-0036971,Trevor Lawrence,29,00-0036971,Trevor Lawrence,2026-09-20T00:00:00.000000+0000,2026-09-19T11:56:08.000000+0000,00-0036971,Trevor Lawrence,true,true,true,true
2026_02_IND_KC,2026,2,2026-09-20,KC,home,00-0033873,Patrick Mahomes,47,00-0033873,Patrick Mahomes,2026-09-20T00:00:00.000000+0000,2026-09-19T11:56:08.000000+0000,00-0033873,Patrick Mahomes,true,true,true,true
2026_02_NYG_LA,2026,2,2026-09-21,LA,home,00-0026498,Matthew Stafford,31,00-0026498,Matthew Stafford,2026-09-21T00:00:00.000000+0000,2026-09-20T12:14:30.000000+0000,00-0026498,Matthew Stafford,true,true,true,true
2026_02_LV_LAC,2026,2,2026-09-20,LAC,home,00-0036355,Justin Herbert,27,00-0036355,Justin Herbert,2026-09-20T00:00:00.000000+0000,2026-09-19T11:56:08.000000+0000,00-0036355,Justin Herbert,true,true,true,true
2026_02_LV_LAC,2026,2,2026-09-20,LV,away,00-0029604,Kirk Cousins,29,00-0029604,Kirk Cousins,2026-09-20T00:00:00.000000+0000,2026-09-19T11:56:08.000000+0000,00-0029604,Kirk Cousins,true,true,true,true
2026_02_MIA_SF,2026,2,2026-09-20,MIA,away,00-0038128,Malik Willis,23,00-0038128,Malik Willis,2026-09-20T00:00:00.000000+0000,2026-09-19T11:56:08.000000+0000,00-0038128,Malik Willis,true,true,true,true
2026_02_MIN_CHI,2026,2,2026-09-20,MIN,away,00-0032950,Carson Wentz,20,00-0032950,Carson Wentz,2026-09-20T00:00:00.000000+0000,2026-09-19T11:56:08.000000+0000,00-0035228,Kyler Murray,true,true,true,false
2026_02_PIT_NE,2026,2,2026-09-20,NE,home,00-0039851,Drake Maye,22,00-0039851,Drake Maye,2026-09-20T00:00:00.000000+0000,2026-09-19T11:56:08.000000+0000,00-0039851,Drake Maye,true,true,true,true
2026_02_NO_BAL,2026,2,2026-09-20,NO,away,00-0040743,Tyler Shough,34,00-0040743,Tyler Shough,2026-09-20T00:00:00.000000+0000,2026-09-19T11:56:08.000000+0000,00-0040743,Tyler Shough,true,true,true,true
2026_02_NYG_LA,2026,2,2026-09-21,NYG,away,00-0031503,Jameis Winston,27,00-0040691,Jaxson Dart,2026-09-21T00:00:00.000000+0000,2026-09-20T12:14:30.000000+0000,00-0040691,Jaxson Dart,true,true,false,false
2026_02_GB_NYJ,2026,2,2026-09-20,NYJ,home,00-0030565,Geno Smith,41,00-0030565,Geno Smith,2026-09-20T00:00:00.000000+0000,2026-09-19T11:56:08.000000+0000,00-0030565,Geno Smith,true,true,true,true
2026_02_PHI_TEN,2026,2,2026-09-20,PHI,away,00-0036389,Jalen Hurts,37,00-0036389,Jalen Hurts,2026-09-20T00:00:00.000000+0000,2026-09-19T11:56:08.000000+0000,00-0036389,Jalen Hurts,true,true,true,true
2026_02_PIT_NE,2026,2,2026-09-20,PIT,away,00-0023459,Aaron Rodgers,39,00-0023459,Aaron Rodgers,2026-09-20T00:00:00.000000+0000,2026-09-19T11:56:08.000000+0000,00-0023459,Aaron Rodgers,true,true,true,true
2026_02_SEA_ARI,2026,2,2026-09-20,SEA,away,00-0035704,Drew Lock,26,00-0035704,Drew Lock,2026-09-20T00:00:00.000000+0000,2026-09-19T11:56:08.000000+0000,00-0034869,Sam Darnold,true,true,true,false
2026_02_MIA_SF,2026,2,2026-09-20,SF,home,00-0037834,Brock Purdy,22,00-0037834,Brock Purdy,2026-09-20T00:00:00.000000+0000,2026-09-19T11:56:08.000000+0000,00-0037834,Brock Purdy,true,true,true,true
2026_02_CLE_TB,2026,2,2026-09-20,TB,home,00-0034855,Baker Mayfield,34,00-0034855,Baker Mayfield,2026-09-20T00:00:00.000000+0000,2026-09-19T11:56:08.000000+0000,00-0034855,Baker Mayfield,true,true,true,true
2026_02_PHI_TEN,2026,2,2026-09-20,TEN,home,00-0040676,Cam Ward,20,00-0040676,Cam Ward,2026-09-20T00:00:00.000000+0000,2026-09-19T11:56:08.000000+0000,00-0040676,Cam Ward,true,true,true,true
2026_02_WAS_DAL,2026,2,2026-09-20,WAS,away,00-0039910,Jayden Daniels,17,00-0039910,Jayden Daniels,2026-09-20T00:00:00.000000+0000,2026-09-19T11:56:08.000000+0000,00-0039910,Jayden Daniels,true,true,true,true
2026_03_ARI_SF,2026,3,2026-09-27,ARI,away,00-0033119,Jacoby Brissett,52,00-0033119,Jacoby Brissett,2026-09-27T00:00:00.000000+0000,2026-09-26T12:12:29.000000+0000,00-0033119,Jacoby Brissett,true,true,true,true
2026_03_ATL_GB,2026,3,2026-09-24,ATL,away,00-0039917,Michael Penix Jr.,25,00-0033662,Cooper Rush,2026-09-24T00:00:00.000000+0000,2026-09-23T12:43:59.000000+0000,00-0039917,Michael Penix Jr.,true,true,false,true
2026_03_BAL_DAL,2026,3,2026-09-27,BAL,away,00-0034796,Lamar Jackson,20,00-0034796,Lamar Jackson,2026-09-27T00:00:00.000000+0000,2026-09-26T12:12:29.000000+0000,00-0034796,Lamar Jackson,true,true,true,true
2026_03_LAC_BUF,2026,3,2026-09-27,BUF,home,00-0034857,Josh Allen,26,00-0034857,Josh Allen,2026-09-27T00:00:00.000000+0000,2026-09-26T12:12:29.000000+0000,00-0034857,Josh Allen,true,true,true,true
2026_03_CAR_CLE,2026,3,2026-09-27,CAR,away,00-0039150,Bryce Young,48,00-0039150,Bryce Young,2026-09-27T00:00:00.000000+0000,2026-09-26T12:12:29.000000+0000,00-0039150,Bryce Young,true,true,true,true
2026_03_PHI_CHI,2026,3,2026-09-28,CHI,home,00-0028986,Case Keenum,34,00-0039918,Caleb Williams,2026-09-28T00:00:00.000000+0000,2026-09-27T12:56:55.000000+0000,00-0039918,Caleb Williams,true,true,false,false
2026_03_CIN_PIT,2026,3,2026-09-27,CIN,away,00-0036442,Joe Burrow,37,00-0036442,Joe Burrow,2026-09-27T00:00:00.000000+0000,2026-09-26T12:12:29.000000+0000,00-0036442,Joe Burrow,true,true,true,true
2026_03_CAR_CLE,2026,3,2026-09-27,CLE,home,00-0033537,Deshaun Watson,30,00-0033537,Deshaun Watson,2026-09-27T00:00:00.000000+0000,2026-09-26T12:12:29.000000+0000,00-0033537,Deshaun Watson,true,true,true,true
2026_03_BAL_DAL,2026,3,2026-09-27,DAL,home,00-0033077,Dak Prescott,40,00-0033077,Dak Prescott,2026-09-27T00:00:00.000000+0000,2026-09-26T12:12:29.000000+0000,00-0033077,Dak Prescott,true,true,true,true
2026_03_LA_DEN,2026,3,2026-09-27,DEN,home,00-0039732,Bo Nix,34,00-0039732,Bo Nix,2026-09-27T00:00:00.000000+0000,2026-09-26T12:12:29.000000+0000,00-0039732,Bo Nix,true,true,true,true
2026_03_NYJ_DET,2026,3,2026-09-27,DET,home,00-0033106,Jared Goff,32,00-0033106,Jared Goff,2026-09-27T00:00:00.000000+0000,2026-09-26T12:12:29.000000+0000,00-0033106,Jared Goff,true,true,true,true
2026_03_ATL_GB,2026,3,2026-09-24,GB,home,00-0036264,Jordan Love,53,00-0036264,Jordan Love,2026-09-24T00:00:00.000000+0000,2026-09-23T12:43:59.000000+0000,00-0036264,Jordan Love,true,true,true,true
2026_03_HOU_IND,2026,3,2026-09-27,HOU,away,00-0039163,C.J. Stroud,27,00-0039163,C.J. Stroud,2026-09-27T00:00:00.000000+0000,2026-09-26T12:12:29.000000+0000,00-0039163,C.J. Stroud,true,true,true,true
2026_03_HOU_IND,2026,3,2026-09-27,IND,home,00-0035710,Daniel Jones,36,00-0035710,Daniel Jones,2026-09-27T00:00:00.000000+0000,2026-09-26T12:12:29.000000+0000,00-0035710,Daniel Jones,true,true,true,true
2026_03_NE_JAX,2026,3,2026-09-27,JAX,home,00-0036971,Trevor Lawrence,29,00-0036971,Trevor Lawrence,2026-09-27T00:00:00.000000+0000,2026-09-26T12:12:29.000000+0000,00-0036971,Trevor Lawrence,true,true,true,true
2026_03_KC_MIA,2026,3,2026-09-27,KC,away,00-0033873,Patrick Mahomes,24,00-0033873,Patrick Mahomes,2026-09-27T00:00:00.000000+0000,2026-09-26T12:12:29.000000+0000,00-0033873,Patrick Mahomes,true,true,true,true
2026_03_LA_DEN,2026,3,2026-09-27,LA,away,00-0026498,Matthew Stafford,55,00-0026498,Matthew Stafford,2026-09-27T00:00:00.000000+0000,2026-09-26T12:12:29.000000+0000,00-0026498,Matthew Stafford,true,true,true,true
2026_03_LAC_BUF,2026,3,2026-09-27,LAC,away,00-0036355,Justin Herbert,34,00-0036355,Justin Herbert,2026-09-27T00:00:00.000000+0000,2026-09-26T12:12:29.000000+0000,00-0036355,Justin Herbert,true,true,true,true
2026_03_LV_NO,2026,3,2026-09-27,LV,away,00-0029604,Kirk Cousins,33,00-0029604,Kirk Cousins,2026-09-27T00:00:00.000000+0000,2026-09-26T12:12:29.000000+0000,00-0029604,Kirk Cousins,true,true,true,true
2026_03_KC_MIA,2026,3,2026-09-27,MIA,home,00-0038128,Malik Willis,36,00-0038128,Malik Willis,2026-09-27T00:00:00.000000+0000,2026-09-26T12:12:29.000000+0000,00-0038128,Malik Willis,true,true,true,true
2026_03_MIN_TB,2026,3,2026-09-27,MIN,away,00-0035228,Kyler Murray,29,00-0032950,Carson Wentz,2026-09-27T00:00:00.000000+0000,2026-09-26T12:12:29.000000+0000,00-0035228,Kyler Murray,true,true,false,true
2026_03_NE_JAX,2026,3,2026-09-27,NE,away,00-0039851,Drake Maye,25,00-0039851,Drake Maye,2026-09-27T00:00:00.000000+0000,2026-09-26T12:12:29.000000+0000,00-0039851,Drake Maye,true,true,true,true
2026_03_LV_NO,2026,3,2026-09-27,NO,home,00-0040743,Tyler Shough,42,00-0040743,Tyler Shough,2026-09-27T00:00:00.000000+0000,2026-09-26T12:12:29.000000+0000,00-0040743,Tyler Shough,true,true,true,true
2026_03_TEN_NYG,2026,3,2026-09-27,NYG,home,00-0031503,Jameis Winston,22,00-0031503,Jameis Winston,2026-09-27T00:00:00.000000+0000,2026-09-26T12:12:29.000000+0000,00-0031503,Jameis Winston,true,true,true,true
2026_03_NYJ_DET,2026,3,2026-09-27,NYJ,away,00-0030565,Geno Smith,37,00-0030565,Geno Smith,2026-09-27T00:00:00.000000+0000,2026-09-26T12:12:29.000000+0000,00-0030565,Geno Smith,true,true,true,true
2026_03_PHI_CHI,2026,3,2026-09-28,PHI,away,00-0036389,Jalen Hurts,25,00-0036389,Jalen Hurts,2026-09-28T00:00:00.000000+0000,2026-09-27T12:56:55.000000+0000,00-0036389,Jalen Hurts,true,true,true,true
2026_03_CIN_PIT,2026,3,2026-09-27,PIT,home,00-0023459,Aaron Rodgers,34,00-0023459,Aaron Rodgers,2026-09-27T00:00:00.000000+0000,2026-09-26T12:12:29.000000+0000,00-0023459,Aaron Rodgers,true,true,true,true
2026_03_SEA_WAS,2026,3,2026-09-27,SEA,away,00-0034869,Sam Darnold,45,00-0035704,Drew Lock,2026-09-27T00:00:00.000000+0000,2026-09-26T12:12:29.000000+0000,00-0034869,Sam Darnold,true,true,false,true
2026_03_ARI_SF,2026,3,2026-09-27,SF,home,00-0037834,Brock Purdy,27,00-0037834,Brock Purdy,2026-09-27T00:00:00.000000+0000,2026-09-26T12:12:29.000000+0000,00-0037834,Brock Purdy,true,true,true,true
2026_03_MIN_TB,2026,3,2026-09-27,TB,home,00-0034855,Baker Mayfield,34,00-0034855,Baker Mayfield,2026-09-27T00:00:00.000000+0000,2026-09-26T12:12:29.000000+0000,00-0034855,Baker Mayfield,true,true,true,true
2026_03_TEN_NYG,2026,3,2026-09-27,TEN,away,00-0040676,Cam Ward,36,00-0040676,Cam Ward,2026-09-27T00:00:00.000000+0000,2026-09-26T12:12:29.000000+0000,00-0040676,Cam Ward,true,true,true,true
2026_03_SEA_WAS,2026,3,2026-09-27,WAS,home,00-0032268,Marcus Mariota,31,00-0039910,Jayden Daniels,2026-09-27T00:00:00.000000+0000,2026-09-26T12:12:29.000000+0000,00-0039910,Jayden Daniels,true,true,false,false
2026_04_ARI_NYG,2026,4,2026-10-04,ARI,away,00-0033119,Jacoby Brissett,35,00-0033119,Jacoby Brissett,2026-10-04T00:00:00.000000+0000,2026-10-03T12:27:18.000000+0000,00-0033119,Jacoby Brissett,true,true,true,true
2026_04_ATL_NO,2026,4,2026-10-05,ATL,away,00-0039917,Michael Penix Jr.,20,00-0039917,Michael Penix Jr.,2026-10-05T00:00:00.000000+0000,2026-10-04T13:09:16.000000+0000,00-0039917,Michael Penix Jr.,true,true,true,true
2026_04_TEN_BAL,2026,4,2026-10-04,BAL,home,00-0034796,Lamar Jackson,20,00-0034796,Lamar Jackson,2026-10-04T00:00:00.000000+0000,2026-10-03T12:27:18.000000+0000,00-0034796,Lamar Jackson,true,true,true,true
2026_04_NE_BUF,2026,4,2026-10-04,BUF,home,00-0034857,Josh Allen,33,00-0034857,Josh Allen,2026-10-04T00:00:00.000000+0000,2026-10-03T12:27:18.000000+0000,00-0034857,Josh Allen,true,true,true,true
2026_04_DET_CAR,2026,4,2026-10-04,CAR,home,00-0039150,Bryce Young,41,00-0039150,Bryce Young,2026-10-04T00:00:00.000000+0000,2026-10-03T12:27:18.000000+0000,00-0039150,Bryce Young,true,true,true,true
2026_04_NYJ_CHI,2026,4,2026-10-04,CHI,home,00-0038416,Tyson Bagent,34,00-0028986,Case Keenum,2026-10-04T00:00:00.000000+0000,2026-10-03T12:27:18.000000+0000,00-0039918,Caleb Williams,true,true,false,false
2026_04_JAX_CIN,2026,4,2026-10-04,CIN,home,00-0036442,Joe Burrow,54,00-0036442,Joe Burrow,2026-10-04T00:00:00.000000+0000,2026-10-03T12:27:18.000000+0000,00-0036442,Joe Burrow,true,true,true,true
2026_04_PIT_CLE,2026,4,2026-10-01,CLE,home,00-0033537,Deshaun Watson,33,00-0033537,Deshaun Watson,2026-10-01T00:00:00.000000+0000,2026-09-30T13:37:56.000000+0000,00-0033537,Deshaun Watson,true,true,true,true
2026_04_DAL_HOU,2026,4,2026-10-04,DAL,away,00-0033077,Dak Prescott,45,00-0033077,Dak Prescott,2026-10-04T00:00:00.000000+0000,2026-10-03T12:27:18.000000+0000,00-0033077,Dak Prescott,true,true,true,true
2026_04_DEN_SF,2026,4,2026-10-04,DEN,away,00-0039732,Bo Nix,42,00-0039732,Bo Nix,2026-10-04T00:00:00.000000+0000,2026-10-03T12:27:18.000000+0000,00-0039732,Bo Nix,true,true,true,true
2026_04_DET_CAR,2026,4,2026-10-04,DET,away,00-0033106,Jared Goff,52,00-0033106,Jared Goff,2026-10-04T00:00:00.000000+0000,2026-10-03T12:27:18.000000+0000,00-0033106,Jared Goff,true,true,true,true
2026_04_GB_TB,2026,4,2026-10-04,GB,away,00-0036264,Jordan Love,30,00-0036264,Jordan Love,2026-10-04T00:00:00.000000+0000,2026-10-03T12:27:18.000000+0000,00-0036264,Jordan Love,true,true,true,true
2026_04_DAL_HOU,2026,4,2026-10-04,HOU,home,00-0039163,C.J. Stroud,31,00-0039163,C.J. Stroud,2026-10-04T00:00:00.000000+0000,2026-10-03T12:27:18.000000+0000,00-0039163,C.J. Stroud,true,true,true,true
2026_04_IND_WAS,2026,4,2026-10-04,IND,away,00-0035710,Daniel Jones,34,00-0035710,Daniel Jones,2026-10-04T00:00:00.000000+0000,2026-10-03T12:27:18.000000+0000,00-0035710,Daniel Jones,true,true,true,true
2026_04_JAX_CIN,2026,4,2026-10-04,JAX,away,00-0036971,Trevor Lawrence,23,00-0036971,Trevor Lawrence,2026-10-04T00:00:00.000000+0000,2026-10-03T12:27:18.000000+0000,00-0036971,Trevor Lawrence,true,true,true,true
2026_04_KC_LV,2026,4,2026-10-04,KC,away,00-0033873,Patrick Mahomes,30,00-0033873,Patrick Mahomes,2026-10-04T00:00:00.000000+0000,2026-10-03T12:27:18.000000+0000,00-0033873,Patrick Mahomes,true,true,true,true
2026_04_LA_PHI,2026,4,2026-10-04,LA,away,00-0026498,Matthew Stafford,51,00-0026498,Matthew Stafford,2026-10-04T00:00:00.000000+0000,2026-10-03T12:27:18.000000+0000,00-0026498,Matthew Stafford,true,true,true,true
2026_04_LAC_SEA,2026,4,2026-10-04,LAC,away,00-0036355,Justin Herbert,31,00-0036355,Justin Herbert,2026-10-04T00:00:00.000000+0000,2026-10-03T12:27:18.000000+0000,00-0036355,Justin Herbert,true,true,true,true
2026_04_KC_LV,2026,4,2026-10-04,LV,home,00-0029604,Kirk Cousins,52,00-0029604,Kirk Cousins,2026-10-04T00:00:00.000000+0000,2026-10-03T12:27:18.000000+0000,00-0029604,Kirk Cousins,true,true,true,true
2026_04_MIA_MIN,2026,4,2026-10-04,MIA,away,00-0038128,Malik Willis,17,00-0038128,Malik Willis,2026-10-04T00:00:00.000000+0000,2026-10-03T12:27:18.000000+0000,00-0038128,Malik Willis,true,true,true,true
2026_04_MIA_MIN,2026,4,2026-10-04,MIN,home,00-0035228,Kyler Murray,37,00-0035228,Kyler Murray,2026-10-04T00:00:00.000000+0000,2026-10-03T12:27:18.000000+0000,00-0035228,Kyler Murray,true,true,true,true
2026_04_NE_BUF,2026,4,2026-10-04,NE,away,00-0039851,Drake Maye,37,00-0039851,Drake Maye,2026-10-04T00:00:00.000000+0000,2026-10-03T12:27:18.000000+0000,00-0039851,Drake Maye,true,true,true,true
2026_04_ATL_NO,2026,4,2026-10-05,NO,home,00-0040743,Tyler Shough,48,00-0040743,Tyler Shough,2026-10-05T00:00:00.000000+0000,2026-10-04T13:09:16.000000+0000,00-0040743,Tyler Shough,true,true,true,true
2026_04_ARI_NYG,2026,4,2026-10-04,NYG,home,00-0031503,Jameis Winston,29,00-0031503,Jameis Winston,2026-10-04T00:00:00.000000+0000,2026-10-03T12:27:18.000000+0000,00-0031503,Jameis Winston,true,true,true,true
2026_04_NYJ_CHI,2026,4,2026-10-04,NYJ,away,00-0030565,Geno Smith,15,00-0030565,Geno Smith,2026-10-04T00:00:00.000000+0000,2026-10-03T12:27:18.000000+0000,00-0030565,Geno Smith,true,true,true,true
2026_04_LA_PHI,2026,4,2026-10-04,PHI,home,00-0036389,Jalen Hurts,27,00-0036389,Jalen Hurts,2026-10-04T00:00:00.000000+0000,2026-10-03T12:27:18.000000+0000,00-0036389,Jalen Hurts,true,true,true,true
2026_04_PIT_CLE,2026,4,2026-10-01,PIT,away,00-0023459,Aaron Rodgers,40,00-0023459,Aaron Rodgers,2026-10-01T00:00:00.000000+0000,2026-09-30T13:37:56.000000+0000,00-0023459,Aaron Rodgers,true,true,true,true
2026_04_LAC_SEA,2026,4,2026-10-04,SEA,home,00-0034869,Sam Darnold,22,00-0034869,Sam Darnold,2026-10-04T00:00:00.000000+0000,2026-10-03T12:27:18.000000+0000,00-0034869,Sam Darnold,true,true,true,true
2026_04_DEN_SF,2026,4,2026-10-04,SF,home,00-0037834,Brock Purdy,30,00-0037834,Brock Purdy,2026-10-04T00:00:00.000000+0000,2026-10-03T12:27:18.000000+0000,00-0037834,Brock Purdy,true,true,true,true
2026_04_GB_TB,2026,4,2026-10-04,TB,home,00-0041251,Jalon Daniels,27,00-0034855,Baker Mayfield,2026-10-04T00:00:00.000000+0000,2026-10-03T12:27:18.000000+0000,00-0034855,Baker Mayfield,true,true,false,false
2026_04_TEN_BAL,2026,4,2026-10-04,TEN,away,00-0040676,Cam Ward,31,00-0040676,Cam Ward,2026-10-04T00:00:00.000000+0000,2026-10-03T12:27:18.000000+0000,00-0040676,Cam Ward,true,true,true,true
2026_04_IND_WAS,2026,4,2026-10-04,WAS,home,00-0041117,Athan Kaliakmanis,33,00-0032268,Marcus Mariota,2026-10-04T00:00:00.000000+0000,2026-10-03T12:27:18.000000+0000,00-0039910,Jayden Daniels,true,true,false,false
2026_05_TB_DAL,2026,5,2026-10-08,DAL,home,00-0033077,Dak Prescott,42,00-0033077,Dak Prescott,2026-10-08T00:00:00.000000+0000,2026-10-07T14:25:15.000000+0000,00-0033077,Dak Prescott,true,true,true,true
2026_05_TB_DAL,2026,5,2026-10-08,TB,away,00-0041251,Jalon Daniels,25,00-0041251,Jalon Daniels,2026-10-08T00:00:00.000000+0000,2026-10-07T14:25:15.000000+0000,00-0034855,Baker Mayfield,true,true,true,false
