game_id,season,week,home_team,away_team,home_rating_pre,away_rating_pre,elo_difference,elo_home_win_probability,home_result,home_win,predicted_home_win
2022_01_BAL_NYJ,2022,1,NYJ,BAL,1421.60360253969,1515.0913342915228,-93.48773175183283,0.4590944875038819,0.0,0,0.3830956416767421
2022_01_BUF_LA,2022,1,LA,BUF,1549.6433228870526,1553.6278998360403,-3.984576948987751,0.5869165483957203,0.0,0,0.4206982383178104
2022_01_CLE_CAR,2022,1,CAR,CLE,1436.8857198265948,1503.5475684394128,-66.66184861281795,0.49760842583712017,0.0,0,0.3886128864846892
2022_01_DEN_SEA,2022,1,SEA,DEN,1510.664566984296,1461.578056481784,49.086510502512056,0.6585265134490117,1.0,1,0.5158054687433559
2022_01_GB_MIN,2022,1,MIN,GB,1498.4612431352152,1582.854506214698,-84.39326307948272,0.47211980022543604,1.0,1,0.41006396963452696
2022_01_JAX_WAS,2022,1,WAS,JAX,1471.8055593244924,1401.7843916189274,70.02116770556495,0.6850858981354814,1.0,1,0.568098718719606
2022_01_KC_ARI,2022,1,ARI,KC,1515.4868493435501,1578.3760772209798,-62.889227877429676,0.5030376078933312,0.0,0,0.48109726271361786
2022_01_LV_LAC,2022,1,LAC,LV,1492.296597767528,1514.2495181457684,-21.95292037824038,0.5616346635804915,1.0,1,0.6243865964949276
2022_01_NE_MIA,2022,1,MIA,NE,1512.963851008887,1518.7913211215875,-5.827470112700439,0.5843422045048616,1.0,1,0.3661954678915553
2022_01_NO_ATL,2022,1,ATL,NO,1463.4521073035355,1534.1719618100226,-70.71985450648708,0.49176921126484985,0.0,0,0.38021201978730323
2022_01_NYG_TEN,2022,1,TEN,NYG,1553.2724714317615,1433.1471671579748,120.1253042737867,0.7437720098615368,0.0,0,0.7105765893647956
2022_01_PHI_DET,2022,1,DET,PHI,1429.0430784732969,1490.7351076406421,-61.692029167345254,0.5047604088594647,0.0,0,0.3359648220870083
2022_01_PIT_CIN,2022,1,CIN,PIT,1489.1831313230548,1531.4031883055816,-42.220056982526785,0.532736077060944,0.0,0,0.6491637651099975
2022_01_SF_CHI,2022,1,CHI,SF,1474.7121139326111,1522.6732033097962,-47.96108937718509,0.5245013238514779,1.0,1,0.3031576685543044
2022_01_TB_DAL,2022,1,DAL,TB,1526.0574303902374,1557.9016549503253,-31.844224560087923,0.5475706771466207,0.0,0,0.4750268099717123
2022_02_ARI_LV,2022,2,LV,ARI,1505.4822114173783,1505.4260971856836,0.05611423169466434,0.592544221307263,0.0,0,0.4098158623151741
2022_02_ATL_LA,2022,2,LA,ATL,1537.9049919191382,1453.6167230782385,84.28826884089972,0.7025295048434135,1.0,1,0.6074016408105872
2022_02_CAR_NYG,2022,2,NYG,CAR,1448.0226073552055,1426.9335513098524,21.089056045353118,0.6214173350380423,1.0,1,0.4553779724203263
2022_02_CHI_GB,2022,2,GB,CHI,1572.2969022192067,1484.2220874555817,88.074814763625,0.7070645046492402,1.0,1,0.605971663770703
2022_02_CIN_DAL,2022,2,DAL,CIN,1515.106016847305,1478.528409781836,36.57760706546901,0.6421545251826029,1.0,1,0.5119456482627586
2022_02_HOU_DEN,2022,2,DEN,HOU,1454.7485867507642,1437.5472278771642,17.20135887359993,0.6161382855869973,1.0,1,0.7156133778065782
2022_02_IND_JAX,2022,2,JAX,IND,1395.486109581637,1516.988169905968,-121.50206032433107,0.41939633005324517,1.0,1,0.3358235964183428
2022_02_LAC_KC,2022,2,KC,LAC,1588.4368293788464,1501.0639044959182,87.37292488292815,0.7062269394674392,1.0,1,0.6252629322023256
2022_02_MIA_BAL,2022,2,BAL,MIA,1524.2732240416005,1521.2770069187898,2.9962171228107763,0.5966239326235824,0.0,0,0.511855132793338
2022_02_MIN_PHI,2022,2,PHI,MIN,1500.8303158178314,1509.0188471307065,-8.188531312875057,0.5810373102991588,1.0,1,0.5281048385204012
2022_02_NE_PIT,2022,2,PIT,NE,1542.0579098468004,1510.4781652116849,31.579744635115503,0.635516715313972,0.0,0,0.43926600104183083
2022_02_NYJ_CLE,2022,2,CLE,NYJ,1513.4997369561552,1412.4217127896122,101.07802416654295,0.7223246280874832,0.0,0,0.7079281893816287
2022_02_SEA_SF,2022,2,SF,SEA,1513.1632297868257,1517.4940367153158,-4.330806928490119,0.5864332563860466,1.0,1,0.5479185269865472
2022_02_TB_NO,2022,2,NO,TB,1544.0073460353196,1568.8530684932578,-24.84572245793811,0.5575307287759576,0.0,0,0.33841143098535403
2022_02_TEN_BUF,2022,2,BUF,TEN,1565.3662308039547,1538.3970312345307,26.969199569424063,0.6293471891613001,1.0,1,0.7027572801825767
2022_02_WAS_DET,2022,2,DET,WAS,1418.9478702961076,1478.1038413617828,-59.1559710656752,0.5084094406178769,1.0,1,0.47423069146782204
2022_03_ATL_SEA,2022,3,SEA,ATL,1509.2227018430367,1447.6673131751068,61.55538866792995,0.674478519865595,0.0,0,0.5713890966812503
2022_03_BAL_NE,2022,3,NE,BAL,1523.1884995179644,1512.3407453891289,10.847754128835504,0.6074521032450901,0.0,0,0.5341423033551064
2022_03_BUF_MIA,2022,3,MIA,BUF,1533.2094855712614,1572.7792870207288,-39.56980144946738,0.5365317828653355,1.0,1,0.30701708826251917
2022_03_CIN_NYJ,2022,3,NYJ,CIN,1426.868205351362,1471.371500285488,-44.50329493412619,0.5294629574411991,0.0,0,0.35193088549978
2022_03_DAL_NYG,2022,3,NYG,DAL,1455.5942606544447,1522.262926343653,-66.66866568920818,0.497598615500947,0.0,0,0.3673985097632501
2022_03_DET_MIN,2022,3,MIN,DET,1500.6395933366896,1428.77968148375,71.8599118529396,0.6873649809649727,1.0,1,0.5727360591424846
2022_03_GB_TB,2022,3,TB,GB,1580.0036830687768,1578.155612126222,1.8480709425548412,0.595032312090013,0.0,0,0.5911772131682848
2022_03_HOU_CHI,2022,3,CHI,HOU,1478.3633775485664,1429.8699935889042,48.4933839596622,0.6577583245657614,1.0,1,0.5997674786278668
2022_03_JAX_LAC,2022,3,LAC,JAX,1495.188443285267,1407.0981829805721,88.090260304695,0.7070829200791873,0.0,0,0.604774288078942
2022_03_KC_IND,2022,3,IND,KC,1505.376096507033,1594.3122905894975,-88.93619408246445,0.46560744375853075,1.0,1,0.26975370363628925
2022_03_LA_ARI,2022,3,ARI,LA,1517.276981611829,1543.85440182227,-26.577420210441005,0.5550702181084605,0.0,0,0.5444200602970302
2022_03_LV_TEN,2022,3,TEN,LV,1530.9839750177566,1493.631326991233,37.35264802652364,0.6431790898110464,1.0,1,0.516472790240861
2022_03_NO_CAR,2022,3,CAR,NO,1419.3618980106132,1532.8567314598006,-113.49483344918735,0.4306600436605835,1.0,1,0.49378941519377995
2022_03_PHI_WAS,2022,3,WAS,PHI,1468.2720301741404,1509.2095696118483,-40.93753943770798,0.5345734040330296,0.0,0,0.28494115826625716
2022_03_PIT_CLE,2022,3,CLE,PIT,1499.0532443944055,1529.347575540521,-30.294331146115383,0.5497800107286401,1.0,1,0.6230336838265748
2022_03_SF_DEN,2022,3,DEN,SF,1462.4258210390242,1521.4345646591048,-59.00874362008062,0.508621256486762,1.0,1,0.46551657382829853
2022_04_ARI_CAR,2022,4,CAR,ARI,1430.7486971374015,1506.1755772496597,-75.42688011225823,0.4849990166218827,0.0,0,0.44606100369688734
2022_04_BUF_BAL,2022,4,BAL,BUF,1524.4897874540306,1563.5099226780355,-39.02013522400489,0.5373185017957142,0.0,0,0.3077140180482835
2022_04_CHI_NYG,2022,4,NYG,CHI,1445.6422883444259,1485.2082110572512,-39.56592271282534,0.536537335013497,1.0,1,0.4356398715204835
2022_04_CLE_ATL,2022,4,ATL,CLE,1461.1568835724186,1508.0576441798328,-46.90076060741421,0.5260233630995795,1.0,1,0.3570235715280929
2022_04_DEN_LV,2022,4,LV,DEN,1486.4949087874538,1472.2533959092889,14.24151287816494,0.6121006463742381,1.0,1,0.4058035728148551
2022_04_JAX_PHI,2022,4,PHI,JAX,1519.901037692509,1421.2398413821559,98.66119631035303,0.7195255851784946,1.0,1,0.646831687441068
2022_04_KC_TB,2022,4,TB,KC,1568.1030368269764,1583.624439464668,-15.521402637691608,0.5707279298146074,0.0,0,0.40647762690716965
2022_04_LAC_HOU,2022,4,HOU,LAC,1423.0251600802194,1481.0467848836834,-58.021624803463965,0.5100413389239229,0.0,0,0.3350278842401441
2022_04_LA_SF,2022,4,SF,LA,1511.60698978884,1554.955806184439,-43.34881639559899,0.531118286485836,1.0,1,0.5370343326013256
2022_04_MIA_CIN,2022,4,CIN,MIA,1481.960759434312,1542.4788499139547,-60.51809047964275,0.5064496285256732,1.0,1,0.4619677025705991
2022_04_MIN_NO,2022,4,NO,MIN,1521.4699323330124,1506.8922937173902,14.577638615622163,0.6125599554578828,0.0,0,0.4910016003201311
2022_04_NE_GB,2022,4,GB,NE,1590.0562583680223,1511.0394574530626,79.01680091495973,0.6961492282593063,1.0,1,0.5633049119300845
2022_04_NYJ_PIT,2022,4,PIT,NYJ,1520.3431757550936,1416.278946202538,104.06422955255562,0.7257592417984177,0.0,0,0.6256477575101256
2022_04_SEA_DET,2022,4,DET,SEA,1422.5269811030494,1495.733131445725,-73.20615034267553,0.48819259591418046,0.0,0,0.49930765677713806
2022_04_TEN_IND,2022,4,IND,TEN,1516.0639476318624,1538.1203932215358,-22.05644558967333,0.5614879373122116,0.0,0,0.49187656714487554
2022_04_WAS_DAL,2022,4,DAL,WAS,1532.2148986536718,1457.5805620934798,74.63433656019197,0.6907867195562417,1.0,1,0.6670074942420796
2022_05_ATL_TB,2022,5,TB,ATL,1556.6884782306843,1470.636416310427,86.0520619202573,0.7046469683773258,1.0,1,0.6727016655286197
2022_05_CHI_MIN,2022,5,MIN,CHI,1519.1434928265478,1475.9389577575212,43.20453506902663,0.6508722246147179,1.0,1,0.574125246846542
2022_05_CIN_BAL,2022,5,BAL,CIN,1513.7434174181165,1491.8317668637985,21.91165055431793,0.6225306938719279,1.0,1,0.48421099333954803
2022_05_DAL_LA,2022,5,LA,DAL,1545.5781719141557,1538.399164262547,7.179007651608799,0.6024049258181644,0.0,0,0.43129957224850796
2022_05_DET_NE,2022,5,NE,DET,1504.9624420182488,1412.7631291847658,92.19931283348296,0.7119578703578225,1.0,1,0.5914689667198186
2022_05_HOU_JAX,2022,5,JAX,HOU,1415.6303530857258,1412.824333301741,2.806019783984766,0.5963604106498573,0.0,0,0.7204239951939025
2022_05_IND_DEN,2022,5,DEN,IND,1464.4954088367735,1504.8341888856182,-40.33878004884468,0.5354308650778623,0.0,0,0.5705376124262972
2022_05_LAC_CLE,2022,5,CLE,LAC,1498.5781114418244,1491.2476116621617,7.330499779662659,0.6026137767723072,0.0,0,0.5232729362872084
2022_05_LV_KC,2022,5,KC,LV,1595.0389980609602,1494.2528958599692,100.78610220099108,0.7219874538077411,1.0,1,0.7545252747490481
2022_05_MIA_NYJ,2022,5,NYJ,MIA,1430.7941310385063,1532.6078424844682,-101.81371144596187,0.44721819306356597,1.0,1,0.2842621781576445
2022_05_NYG_GB,2022,5,GB,NYG,1596.1332738028361,1454.911541644156,141.2217321586802,0.7662233824738172,0.0,0,0.6877724787789277
2022_05_PHI_ARI,2022,5,ARI,PHI,1515.8755575820974,1525.510525988939,-9.634968406841608,0.5790090427396988,0.0,0,0.33383742542902006
2022_05_PIT_BUF,2022,5,BUF,PIT,1574.2562927139497,1505.8279909191253,68.42830179482439,0.6831043406635361,1.0,1,0.8120963738574976
2022_05_SEA_NO,2022,5,NO,SEA,1509.2187332238548,1505.4969833640084,3.7217498598463408,0.597628658652203,1.0,1,0.4551549434283069
2022_05_SF_CAR,2022,5,CAR,SF,1421.0487168049638,1520.9846240591235,-99.9359072541597,0.4498919555737561,0.0,0,0.2796960636474401
2022_05_TEN_WAS,2022,5,WAS,TEN,1451.3962964846046,1549.35015196778,-97.9538554831754,0.45271729456999,0.0,0,0.406653859138286
2022_06_ARI_SEA,2022,6,SEA,ARI,1497.4495565370526,1504.2953767273034,-6.8458201902508335,0.582917681338734,1.0,1,0.5278891657786217
2022_06_BAL_NYG,2022,6,NYG,BAL,1470.2360092936324,1521.2928035406778,-51.056794247045445,0.5200551205753569,1.0,1,0.4002828682303172
2022_06_BUF_KC,2022,6,KC,BUF,1600.5992489848054,1580.594205900679,20.005043084126328,0.6199481989739403,0.0,0,0.429757984420125
2022_06_CAR_LA,2022,6,LA,CAR,1533.5300733977924,1412.0508776934887,121.47919570430372,0.7452544577096152,1.0,1,0.616710124225362
2022_06_CIN_NO,2022,6,NO,CIN,1517.2661600508106,1484.2823807412371,32.98377930957349,0.637386796014134,0.0,0,0.4682616228415895
2022_06_DAL_PHI,2022,6,PHI,DAL,1537.090706843733,1550.4472627789103,-13.356555935177312,0.5737783268501309,1.0,1,0.6583567453300226
2022_06_DEN_LAC,2022,6,LAC,DEN,1503.2998871976079,1453.7867915352163,49.513095662391606,0.6590784923106962,1.0,1,0.6097498070645627
2022_06_JAX_IND,2022,6,IND,JAX,1515.5428061871755,1403.7031448727287,111.83966131444686,0.7345771708804546,1.0,1,0.42194942128263935
2022_06_MIN_MIA,2022,6,MIA,MIN,1521.5522063457395,1526.1260483342535,-4.573841988514005,0.5860939115272569,0.0,0,0.5103732094691631
2022_06_NE_CLE,2022,6,CLE,NE,1486.5258359063782,1510.7232846110924,-24.197448704714134,0.5584511196987331,0.0,0,0.47953723932936576
2022_06_NYJ_GB,2022,6,GB,NYJ,1580.8088061533597,1441.849767177235,138.9590389761247,0.7638821731354936,0.0,0,0.6596594975255051
2022_06_SF_ATL,2022,6,ATL,SF,1464.7293556779734,1529.9824631705985,-65.25310749262508,0.4996357491022856,1.0,1,0.2977780274797906
2022_06_TB_PIT,2022,6,PIT,TB,1499.490077732396,1562.5955388631378,-63.10546113074179,0.5027264335761762,1.0,1,0.28573636199655883
2022_06_WAS_CHI,2022,6,CHI,WAS,1468.9564022498155,1442.3419505932047,26.614451656610754,0.6288707058223448,0.0,0,0.5208463024564758
2022_07_ATL_CIN,2022,7,CIN,ATL,1497.0301166615197,1474.7366406959277,22.29347596559205,0.6230470458144624,1.0,1,0.6236643725620868
2022_07_CHI_NE,2022,7,NE,CHI,1521.892307005067,1456.3789881333687,65.5133188716984,0.6794608199286344,0.0,0,0.7290263738924752
2022_07_CLE_BAL,2022,7,BAL,CLE,1511.6939059521849,1475.3568135124035,36.33709243978137,0.6418363123570175,1.0,1,0.5662254146197019
2022_07_DET_DAL,2022,7,DAL,DET,1541.9228293159128,1407.0022865919223,134.9205427239906,0.7596634281109922,1.0,1,0.6599739275998973
2022_07_GB_WAS,2022,7,WAS,GB,1454.9193647096515,1565.5311626906498,-110.61179798099829,0.43473386528036134,1.0,1,0.4085421787939336
2022_07_HOU_LV,2022,7,LV,HOU,1488.692644936124,1424.7515415147382,63.94110342138583,0.6774865056808463,1.0,1,0.6507107031854847
2022_07_IND_TEN,2022,7,TEN,IND,1558.4044978591799,1520.8512627695663,37.55323508961351,0.6434440429008532,1.0,1,0.5380988907970053
2022_07_KC_SF,2022,7,SF,KC,1519.9751781526443,1588.2002850053266,-68.2251068526823,0.495358831452572,0.0,0,0.42219548158833015
2022_07_NO_ARI,2022,7,ARI,NO,1495.953730354078,1504.518424130528,-8.564693776449985,0.5805100967435914,1.0,1,0.5022429989558962
2022_07_NYG_JAX,2022,7,JAX,NYG,1398.3946882903379,1479.8349068821253,-81.44021859178747,0.476358266078617,0.0,0,0.5724078104283574
2022_07_NYJ_DEN,2022,7,DEN,NYJ,1446.9683613814302,1457.1274106399449,-10.159049258514642,0.5782734874820444,0.0,0,0.5383038192918327
2022_07_PIT_MIA,2022,7,MIA,PIT,1509.8303281151943,1509.4355490608725,0.39477905432181615,0.5930148176528363,1.0,1,0.6203957300400923
2022_07_SEA_LAC,2022,7,LAC,SEA,1510.118317351394,1505.791202910278,4.327114441116009,0.598466348003409,0.0,0,0.5323226741231878
2022_07_TB_CAR,2022,7,CAR,TB,1406.955966847681,1552.6500675346613,-145.69410068698016,0.38591586114319637,1.0,1,0.2281931028719913
2022_08_ARI_MIN,2022,8,MIN,ARI,1537.8479265647986,1504.3435284192062,33.504398145592404,0.6380791738347434,1.0,1,0.4977172066261615
2022_08_BAL_TB,2022,8,TB,BAL,1540.3683847575253,1518.8571797050445,21.51120505248082,0.6219888626570379,0.0,0,0.5497065523878247
2022_08_CAR_ATL,2022,8,ATL,CAR,1467.197581612217,1419.237649624817,47.95993198739984,0.6570667159899903,1.0,1,0.6048776765011388
2022_08_CHI_DAL,2022,8,DAL,CHI,1546.729560753693,1469.9682045319414,76.76135622175161,0.6933959387942887,1.0,1,0.6202878410096963
2022_08_CIN_CLE,2022,8,CLE,CIN,1468.193539759544,1504.5691757452305,-36.375635985686586,0.541100819783456,1.0,1,0.38830788918025905
2022_08_DEN_JAX,2022,8,JAX,DEN,1388.8675229687656,1435.4028916317893,-46.535368663023746,0.5265477510493746,0.0,0,0.5664453732610899
2022_08_GB_BUF,2022,8,BUF,GB,1592.993169880158,1554.225839996257,38.76732988390086,0.645045848623971,1.0,1,0.7787295741694097
2022_08_LV_NO,2022,8,NO,LV,1496.1286260653999,1495.142914822507,0.9857112428928758,0.5938355464588976,1.0,1,0.5109626329776215
2022_08_MIA_DET,2022,8,DET,MIA,1402.195555154142,1517.9700317621375,-115.77447660799544,0.427445438859832,0.0,0,0.35929369730171945
2022_08_NE_NYJ,2022,8,NYJ,NE,1468.6928803895858,1508.3030906064944,-39.61021021690863,0.5364739399197875,0.0,0,0.37831258334453155
2022_08_NYG_SEA,2022,8,SEA,NYG,1517.760529870346,1489.3620722036976,28.398457666648483,0.6312643545315066,1.0,1,0.6013406138523717
2022_08_PIT_PHI,2022,8,PHI,PIT,1545.6151403067304,1501.2958454139293,44.319294892801054,0.6523290093910975,1.0,1,0.7815448316943129
2022_08_SF_LA,2022,8,LA,SF,1538.6249842436,1510.0680015235928,28.556982720007227,0.6314767415391525,0.0,0,0.4044887684474958
2022_08_TEN_HOU,2022,8,HOU,TEN,1418.3012716283552,1565.5356170011628,-147.23434537280764,0.3838168052107725,0.0,0,0.3587613412799751
2022_08_WAS_IND,2022,8,IND,WAS,1513.7201436275834,1466.2246874040443,47.49545622353912,0.6564639898522379,0.0,0,0.5494068499698782
2022_09_BAL_NO,2022,9,NO,BAL,1504.251915136222,1531.2969569581853,-27.045041821963423,0.5544053219908334,0.0,0,0.5227170701000292
2022_09_BUF_NYJ,2022,9,NYJ,BUF,1457.96340159119,1600.0922529076786,-142.12885131648864,0.39079079667624517,1.0,1,0.21638110199973032
2022_09_CAR_CIN,2022,9,CIN,CAR,1495.3911921408996,1412.378983944617,83.0122081962827,0.700992128825498,1.0,1,0.7113811234442158
2022_09_GB_DET,2022,9,DET,GB,1393.6466463769455,1547.1267569687363,-153.4801105917909,0.37535002571372866,1.0,1,0.38395184273362964
2022_09_IND_NE,2022,9,NE,IND,1519.0325694048902,1500.5908638305386,18.441705574351545,0.6178255764860074,1.0,1,0.637698346711682
2022_09_LAC_ATL,2022,9,ATL,LAC,1474.056247292417,1498.1489903913257,-24.092743098908613,0.5585997386771849,0.0,0,0.4507390302680478
2022_09_LA_TB,2022,9,TB,LA,1527.9286075043844,1525.995449412817,1.9331580915675204,0.5951503333831107,1.0,1,0.6340304051767606
2022_09_LV_JAX,2022,9,JAX,LV,1378.3365679477781,1487.019625751685,-108.68305780390688,0.43746420205005027,1.0,1,0.5597568953612979
2022_09_MIA_CHI,2022,9,CHI,MIA,1463.8361233078272,1526.5189405393342,-62.68281723150699,0.5033346446204587,0.0,0,0.39647124504163206
2022_09_MIN_WAS,2022,9,WAS,MIN,1479.353967201089,1545.0863430881038,-65.73237588701477,0.49894602793614445,0.0,0,0.39391285307937385
2022_09_PHI_HOU,2022,9,HOU,PHI,1410.6249355241398,1552.5685601189084,-141.9436245947686,0.391044672095468,0.0,0,0.15975028835609487
2022_09_SEA_ARI,2022,9,ARI,SEA,1497.105111895901,1525.135242779716,-28.03013088381499,0.553004021023709,0.0,0,0.4732590871150266
2022_09_TEN_KC,2022,9,KC,TEN,1598.107461634378,1573.2119531053781,24.895508528999926,0.6265583513248635,1.0,1,0.7302717881413595
2022_10_ARI_LA,2022,10,LA,ARI,1517.898456080479,1486.0450314754269,31.85342460505217,0.6358815620828616,0.0,0,0.4476870862670994
2022_10_ATL_CAR,2022,10,CAR,ATL,1406.398826521127,1462.8842525188734,-56.48542599774646,0.5122510044744452,1.0,1,0.41733243240857726
2022_10_CLE_MIA,2022,10,MIA,CLE,1536.5856334317434,1477.3715233638748,59.21411006786866,0.6715125110454523,1.0,1,0.5101455231770583
2022_10_DAL_GB,2022,10,GB,DAL,1534.6337574830109,1552.8616419778073,-18.2278844947964,0.5669067928408772,1.0,1,0.3904920687504347
2022_10_DEN_TEN,2022,10,TEN,DEN,1565.7431201318755,1445.9338466527768,119.80927347909869,0.7434251580055093,1.0,1,0.5337580462647581
2022_10_DET_CHI,2022,10,CHI,DET,1453.769430415418,1406.139645862671,47.62978455274697,0.6566383526879341,0.0,0,0.5736983879251167
2022_10_HOU_NYG,2022,10,NYG,HOU,1481.9873592943277,1402.8040420822304,79.18331721209734,0.6963519467906923,1.0,1,0.6778762745558394
2022_10_IND_LV,2022,10,LV,IND,1475.768909792686,1492.9473753602588,-17.178465567572857,0.5683893819492098,0.0,0,0.5696892562982784
2022_10_JAX_KC,2022,10,KC,JAX,1605.5762946078808,1389.5872839067772,215.98901070110355,0.8344504430444594,1.0,1,0.7109598882723942
2022_10_LAC_SF,2022,10,SF,LAC,1522.6975363543759,1509.3209851648694,13.376551189506472,0.6109177790357948,1.0,1,0.6106591845512228
2022_10_MIN_BUF,2022,10,BUF,MIN,1587.9080688412034,1555.0652636468267,32.84280519437675,0.6371992144510946,0.0,0,0.7190949837726833
2022_10_NO_PIT,2022,10,PIT,NO,1494.3424256017513,1493.1638086964053,1.1786169053459616,0.5941033544183298,1.0,1,0.34876751342610035
2022_10_SEA_TB,2022,10,TB,SEA,1536.0256008367223,1536.1953232001902,-0.16972236346782665,0.5922303125329698,1.0,1,0.4860245651183249
2022_10_WAS_PHI,2022,10,PHI,WAS,1560.3894535608179,1469.3750466423662,91.01440691845164,0.7105570691200882,0.0,0,0.7993534084136603
2022_11_CAR_BAL,2022,11,BAL,CAR,1542.3850633980019,1416.153806431638,126.23125696636384,0.7504128940262244,1.0,1,0.6841668391595989
2022_11_CHI_ATL,2022,11,ATL,CHI,1453.1292726083623,1440.6366633616592,12.492609246703068,0.6097076049936595,1.0,1,0.5071809897425283
2022_11_CIN_PIT,2022,11,PIT,CIN,1502.4603585133848,1501.3713495643897,1.0890089489951151,0.593978960024348,0.0,0,0.27990118998406033
2022_11_CLE_BUF,2022,11,BUF,CLE,1575.1640845521815,1470.8017735847839,104.36231096739766,0.726100628705963,1.0,1,0.7023798858604334
2022_11_DAL_MIN,2022,11,MIN,DAL,1567.8092479358486,1544.199777834625,23.60947010122368,0.6248245512371164,0.0,0,0.4611474143399643
2022_11_DET_NYG,2022,11,NYG,DET,1488.0603203585138,1419.2724129164296,68.78790744208413,0.6835522816467564,0.0,0,0.6017571202519058
2022_11_KC_LAC,2022,11,LAC,KC,1501.5393407455854,1608.8872857469917,-107.34794500140629,0.4393564279606946,0.0,0,0.26861952178611304
2022_11_LA_NO,2022,11,NO,LA,1485.0458757847719,1505.1808248388218,-20.134949054049912,0.5642094952341918,1.0,1,0.59710190689319
2022_11_LV_DEN,2022,11,DEN,LV,1440.8023498128869,1464.4011221537016,-23.598772340814776,0.5593007380009849,0.0,0,0.5393641995253609
2022_11_NYJ_NE,2022,11,NE,NYJ,1526.67605787517,1470.147585657665,56.52847221750494,0.6680933426058062,1.0,1,0.6086348787552378
2022_11_PHI_IND,2022,11,IND,PHI,1504.315162999243,1546.178312178416,-41.86314917917298,0.5332474723684945,0.0,0,0.24571484883791128
2022_11_SF_ARI,2022,11,ARI,SF,1498.7626627170841,1530.47918077366,-31.71651805657575,0.5477527916076074,0.0,0,0.4043537976232848
2022_11_TEN_GB,2022,11,GB,TEN,1543.2956216261932,1570.8746169717654,-27.57899534557214,0.5536458726161619,0.0,0,0.5204082214156682
2022_11_WAS_HOU,2022,11,HOU,WAS,1396.7310810180443,1483.586188024768,-86.85510700672376,0.4685893915811452,0.0,0,0.3820736388607688
2022_12_ATL_WAS,2022,12,WAS,ATL,1492.957975856391,1460.935120508489,32.022855347901896,0.6361073544355399,1.0,1,0.523471873103997
2022_12_BAL_JAX,2022,12,JAX,BAL,1386.2762927676663,1547.3768055174774,-161.10051274981106,0.36512253082246066,1.0,1,0.45252093323953324
2022_12_BUF_DET,2022,12,DET,BUF,1432.9434585493648,1580.6420719780622,-147.6986134286974,0.38318494174071543,0.0,0,0.2459822838500706
2022_12_CHI_NYJ,2022,12,NYJ,CHI,1463.5094525097813,1432.8308154615324,30.678637048248902,0.6343143363807919,1.0,1,0.501302900436577
2022_12_CIN_TEN,2022,12,TEN,CIN,1581.9475344240886,1513.2509287648766,68.69660565921208,0.6834385842423858,0.0,0,0.3969307412576189
2022_12_DEN_CAR,2022,12,CAR,DEN,1411.1620643121626,1429.6163350528673,-18.454270740704715,0.5665868027164874,1.0,1,0.4053365265721848
2022_12_GB_PHI,2022,12,PHI,GB,1556.843261625786,1532.22270417387,24.620557451916056,0.6261879416609409,1.0,1,0.6905260347145563
2022_12_HOU_MIA,2022,12,MIA,HOU,1543.1553832108343,1387.3592931864214,155.79609002441293,0.7809146470448286,1.0,1,0.7856210630381285
2022_12_LAC_ARI,2022,12,ARI,LAC,1487.807606884932,1492.7522121863715,-4.944605301439424,0.5855760649384595,0.0,0,0.5056775784380775
2022_12_LA_KC,2022,12,KC,LA,1617.6744143062056,1496.4650147435057,121.2093995626999,0.744959494416444,1.0,1,0.7960826981669221
2022_12_LV_SEA,2022,12,SEA,LV,1528.0399294508495,1475.5871369137212,52.45279253712829,0.6628705236384783,0.0,0,0.6087380475286283
2022_12_NE_MIN,2022,12,MIN,NE,1555.3127569111064,1533.3141910230538,21.998565888052553,0.622648256119048,1.0,1,0.4239418609975797
2022_12_NO_SF,2022,12,SF,NO,1541.434236605812,1493.761685880088,47.67255072572402,0.6566938558039649,1.0,1,0.653226377924803
2022_12_NYG_DAL,2022,12,DAL,NYG,1556.6962688593671,1474.3892747255786,82.30699413378852,0.7001405471108394,1.0,1,0.6613503297103732
2022_12_PIT_IND,2022,12,IND,PIT,1493.650213551873,1490.580779312898,3.069434238975191,0.59672536145505,0.0,0,0.5452697641600633
2022_12_TB_CLE,2022,12,CLE,TB,1465.3237861589032,1544.180994586063,-78.85720842715978,0.4800684416399739,1.0,1,0.4530485844902163
2022_13_BUF_NE,2022,13,NE,BUF,1525.7671561454347,1588.3057708128765,-62.538614667441834,0.503542158975065,0.0,0,0.37887541831448523
2022_13_CLE_HOU,2022,13,HOU,CLE,1382.9775861273179,1475.7224173261038,-92.74483119878596,0.46015663585941574,0.0,0,0.27502481794162
2022_13_DEN_BAL,2022,13,BAL,DEN,1534.6792561339266,1420.948071107197,113.73118502672969,0.7366947080986627,1.0,1,0.6370331137834702
2022_13_GB_CHI,2022,13,CHI,GB,1425.5171021891483,1524.7464630070888,-99.22936081794046,0.4508987494155579,0.0,0,0.433815096620067
2022_13_IND_DAL,2022,13,DAL,IND,1562.6934579171505,1481.7157063227721,80.97775159437833,0.6985316570136612,1.0,1,0.726835351627287
2022_13_JAX_DET,2022,13,DET,JAX,1425.2797597145504,1398.973842151217,26.305917563333423,0.6284560910624744,1.0,1,0.422651593851033
2022_13_KC_CIN,2022,13,CIN,KC,1526.9197004497244,1622.7752244178766,-95.85552396815228,0.4557117057470676,1.0,1,0.4005829985594047
2022_13_LAC_LV,2022,13,LV,LAC,1488.8445473864908,1504.4637334851407,-15.619186098649834,0.5705900184232499,1.0,1,0.49819799364099265
2022_13_MIA_SF,2022,13,SF,MIA,1548.3003594897327,1547.5370902699378,0.7632692197948927,0.5935266643435783,1.0,1,0.5744088604758716
2022_13_NO_TB,2022,13,TB,NO,1533.7823634188624,1486.8955629961672,46.88680042269516,0.6556734052696985,1.0,1,0.5789213964483305
2022_13_NYJ_MIN,2022,13,MIN,NYJ,1562.8597917887255,1470.8231657821655,92.03662600656003,0.711765780436678,1.0,1,0.5346565002479654
2022_13_PIT_ATL,2022,13,ATL,PIT,1453.6572675971997,1502.5152865419989,-48.85801894479914,0.5232134778983063,0.0,0,0.5254640018880453
2022_13_SEA_LA,2022,13,LA,SEA,1491.3642046318346,1514.78251897808,-23.418314346245324,0.5595567691164143,0.0,0,0.369342851482941
2022_13_TEN_PHI,2022,13,PHI,TEN,1564.3195027925672,1568.2787627392408,-3.959259946673683,0.5869518810796809,1.0,1,0.6630076946994475
2022_14_BAL_PIT,2022,14,PIT,BAL,1512.979556099965,1539.9453619719534,-26.965805871988323,0.5545179988072161,0.0,0,0.39061271877027537
2022_14_CAR_SEA,2022,14,SEA,CAR,1525.973654360408,1419.830328257833,106.1433261025752,0.7281348668983916,0.0,0,0.6673419759628302
2022_14_CLE_CIN,2022,14,CIN,CLE,1537.805466334783,1484.925550043292,52.87991629149087,0.6634197618666107,1.0,1,0.631278408866266
2022_14_HOU_DAL,2022,14,DAL,HOU,1568.7228247768771,1373.7744534101296,194.94837136674755,0.8170344104545805,1.0,1,0.8499885114373776
2022_14_JAX_TEN,2022,14,TEN,JAX,1560.0178003608344,1391.5429639724664,168.47483638836798,0.7931451976185186,0.0,0,0.5202071557429028
2022_14_KC_DEN,2022,14,DEN,KC,1415.6819652691702,1611.889458532818,-196.20749326364785,0.31966950320511966,0.0,0,0.23682373247660385
2022_14_LV_LA,2022,14,LA,LV,1480.1730692495064,1497.4327470180258,-17.259677768519396,0.568274691056832,1.0,1,0.42729474984655713
2022_14_MIA_LAC,2022,14,LAC,MIA,1495.8755338536057,1539.4076235568093,-43.53208970320361,0.5308555480058926,1.0,1,0.4332128445147385
2022_14_MIN_DET,2022,14,DET,MIN,1432.710637893301,1568.624476179992,-135.91383828669086,0.3993407193596567,1.0,1,0.4697624832079005
2022_14_NE_ARI,2022,14,ARI,NE,1476.0960855861629,1515.6963129659334,-39.60022737977056,0.5364882298977505,0.0,0,0.4450135555319148
2022_14_NYJ_BUF,2022,14,BUF,NYJ,1598.3766139923778,1465.058481390899,133.31813260147874,0.7579752866451119,1.0,1,0.7365302305888374
2022_14_PHI_NYG,2022,14,NYG,PHI,1467.4406583927628,1572.5804651709736,-105.13980677821087,0.442489820719279,0.0,0,0.2643946074518493
2022_14_TB_SF,2022,14,SF,TB,1556.4298262028612,1540.6688953134683,15.760930889392966,0.614175304230572,1.0,1,0.609886855678976
2022_15_ARI_DEN,2022,15,DEN,ARI,1409.2885752050677,1465.366320988208,-56.077745783140244,0.5128373341147261,1.0,1,0.48461446560037097
2022_15_ATL_NO,2022,15,NO,ATL,1480.0090311015613,1443.1929980392335,36.81603306232773,0.6424698510421214,1.0,1,0.5729683955300493
2022_15_BAL_CLE,2022,15,CLE,BAL,1478.1939452806243,1551.0357219480977,-72.84177666747337,0.48871669214932734,1.0,1,0.4597652457567594
2022_15_CIN_TB,2022,15,TB,CIN,1532.9524013980797,1544.5370710974507,-11.584669699371034,0.5762708588624612,0.0,0,0.3995046504513694
2022_15_DAL_JAX,2022,15,JAX,DAL,1407.4058679248367,1572.3821365677854,-164.97626864294875,0.35996647295055517,1.0,1,0.3438526856742515
2022_15_DET_NYJ,2022,15,NYJ,DET,1460.2179871238013,1444.723823506108,15.494163617693403,0.6138113500741401,0.0,0,0.4810634773924177
2022_15_IND_MIN,2022,15,MIN,IND,1556.611290567185,1475.6863394630454,80.92495110413961,0.6984676470378892,1.0,1,0.6143372221971153
2022_15_KC_HOU,2022,15,HOU,KC,1370.1151416192213,1618.2828485969205,-248.16770697769925,0.2583814436775626,0.0,0,0.12706644767029612
2022_15_LA_GB,2022,15,GB,LA,1533.7644379954,1488.8075754283698,44.95686256703016,0.6531609147359786,1.0,1,0.6218693533384163
2022_15_MIA_BUF,2022,15,BUF,MIA,1603.2171082594755,1530.024734516927,73.1923737425484,0.6890109046666074,1.0,1,0.6470436448945818
2022_15_NE_LV,2022,15,LV,NE,1488.7982408391624,1526.4260775638884,-37.62783672472597,0.5393104121073652,1.0,1,0.428403174632127
2022_15_NYG_WAS,2022,15,WAS,NYG,1501.1872560427128,1458.5908619783772,42.59639406433553,0.6500763051598866,0.0,0,0.5538861983136341
2022_15_PHI_CHI,2022,15,CHI,PHI,1416.4991272008372,1581.4302615853592,-164.931134384522,0.36002633375988646,0.0,0,0.2338050358761232
2022_15_PIT_CAR,2022,15,CAR,PIT,1434.3930255958007,1501.8891961238207,-67.49617052802,0.4964077836526627,0.0,0,0.48919400686139236
2022_15_SF_SEA,2022,15,SEA,SF,1511.4109570224402,1564.1463201182498,-52.73536309580959,0.5176429035180427,0.0,0,0.37583616638859657
2022_15_TEN_LAC,2022,15,LAC,TEN,1505.258422893488,1544.154896408464,-38.89647351497615,0.5374954692137615,1.0,1,0.533830220892028
2022_16_ATL_BAL,2022,16,BAL,ATL,1540.8100557910843,1436.042395060076,104.76766073100839,0.7265644430851459,1.0,1,0.6158114528778214
2022_16_BUF_CHI,2022,16,CHI,BUF,1409.2986005256394,1609.4368901661433,-200.1382896405039,0.3147686642087612,0.0,0,0.258306642172913
2022_16_CIN_NE,2022,16,NE,CIN,1517.2122858060357,1556.0624882747,-38.85020246866429,0.5375616834656921,0.0,0,0.428887091175496
2022_16_DEN_LA,2022,16,LA,DEN,1481.8707937230893,1419.0318285227731,62.838965200316125,0.6760987016175537,1.0,1,0.45820715820078245
2022_16_DET_CAR,2022,16,CAR,DET,1424.4648699227475,1457.0000505075907,-32.53518058484315,0.546585127193727,1.0,1,0.44387155679908363
2022_16_GB_MIA,2022,16,MIA,GB,1523.8049526102593,1540.7012197006804,-16.896267090421134,0.5687878560492458,0.0,0,0.5372122704587207
2022_16_HOU_TEN,2022,16,TEN,HOU,1534.9048057927394,1364.94751274567,169.95729304706924,0.7945417855973916,0.0,0,0.7206878498578903
2022_16_JAX_NYJ,2022,16,NYJ,JAX,1447.9417601223186,1420.2065384658256,27.735221656492968,0.6303752202408164,0.0,0,0.44562620050548
2022_16_LAC_IND,2022,16,IND,LAC,1469.6556924038032,1514.5085135092127,-44.852821105409475,0.5289616658771078,0.0,0,0.39844867715961235
2022_16_LV_PIT,2022,16,PIT,LV,1511.817351796874,1498.0120325970151,13.805319199858786,0.6115042994392617,1.0,1,0.47785070270153285
2022_16_NO_CLE,2022,16,CLE,NO,1488.4196114376377,1487.159634080719,1.2599773569188528,0.5942162891088861,0.0,0,0.5335596384166984
2022_16_NYG_MIN,2022,16,MIN,NYG,1562.6419376264273,1471.5923880815749,91.04954954485243,0.7105986729511972,1.0,1,0.5608628131109095
2022_16_PHI_DAL,2022,16,DAL,PHI,1559.5814660267965,1588.630788260557,-29.04932223376045,0.5515533225304207,1.0,1,0.44266291070736813
2022_16_SEA_KC,2022,16,KC,SEA,1623.4504774704717,1501.0580989520795,122.3923785183922,0.7462511567932543,1.0,1,0.7244693943320782
2022_16_TB_ARI,2022,16,ARI,TB,1455.6230676705025,1521.4269842208305,-65.80391655032804,0.49884307314920634,0.0,0,0.4248297535589665
2022_16_WAS_SF,2022,16,SF,WAS,1574.4991781886106,1488.185729939515,86.31344824909547,0.7049600213241063,1.0,1,0.7220468576627457
2022_17_ARI_ATL,2022,17,ATL,ARI,1430.5736839217789,1445.6462062075184,-15.072522285739524,0.5713608784200239,1.0,1,0.4828192787183511
2022_17_CAR_TB,2022,17,TB,CAR,1531.4038456838146,1433.533167378873,97.87067830494152,0.718606321142992,1.0,1,0.5968389826068594
2022_17_CHI_DET,2022,17,DET,CHI,1447.9317530514652,1403.0032272414642,44.92852581000102,0.6531239604416178,1.0,1,0.5867208665972252
2022_17_CLE_WAS,2022,17,WAS,CLE,1482.2849303659973,1476.53528565546,5.749644710537268,0.6004325423145543,0.0,0,0.4536872487044574
2022_17_DAL_TEN,2022,17,TEN,DAL,1519.0139700807915,1568.550399576188,-49.53642949539653,0.5222391839516796,0.0,0,0.32642907768413987
2022_17_DEN_KC,2022,17,KC,DEN,1628.5254543346066,1412.5538025551243,215.97165177948227,0.834436638517598,1.0,1,0.7895450675715805
2022_17_IND_NYG,2022,17,NYG,IND,1465.8043615405988,1459.0764590862611,6.727902454337709,0.6017827998960074,1.0,1,0.5855347615716486
2022_17_JAX_HOU,2022,17,HOU,JAX,1380.838348457618,1432.814042870642,-51.97569441302403,0.5187347074640812,0.0,0,0.2742257865377413
2022_17_LA_LAC,2022,17,LAC,LA,1525.0877468267547,1488.348819690738,36.73892713601663,0.642367889514041,1.0,1,0.5832871682391384
2022_17_MIA_NE,2022,17,NE,MIA,1506.4610521367217,1512.4291954892744,-5.968143352552715,0.584145506474651,1.0,1,0.5104020662841916
2022_17_MIN_GB,2022,17,GB,MIN,1552.0769768216653,1568.4299641674033,-16.35298734573803,0.5695547348592854,1.0,1,0.5474028150497557
2022_17_NO_PHI,2022,17,PHI,NO,1579.6618547111655,1499.0439598628966,80.61789484826886,0.6980952500805606,0.0,0,0.7089085820080198
2022_17_NYJ_SEA,2022,17,SEA,NYJ,1495.9831220879446,1435.3342557175022,60.64886637044242,0.6733317491916093,1.0,1,0.5783374313307484
2022_17_PIT_BAL,2022,17,BAL,PIT,1546.2787669293814,1519.5872658080887,26.69150112129273,0.6289742169628145,0.0,0,0.5829491503803831
2022_17_SF_LV,2022,17,LV,SF,1490.2421185858004,1580.3999777621284,-90.15785917632797,0.4638580750245349,0.0,0,0.30661027558232806
2022_18_ARI_SF,2022,18,SF,ARI,1589.677139262619,1437.0734237759189,152.60371548670014,0.7777543934688663,1.0,1,0.7389000553070125
2022_18_BAL_CIN,2022,18,CIN,BAL,1566.8137219440139,1533.699282590125,33.11443935388888,0.6375606162278722,1.0,1,0.6203608902577741
2022_18_CAR_NO,2022,18,NO,CAR,1513.0058648645079,1427.9052938017328,85.10057106277509,0.7035057747883524,0.0,0,0.568506104120187
2022_18_CLE_PIT,2022,18,PIT,CLE,1532.166750147345,1488.5439365017512,43.62281364559385,0.6514191694315916,1.0,1,0.4637633578717287
2022_18_DAL_WAS,2022,18,WAS,DAL,1470.2762795197061,1578.9951832552217,-108.7189037355156,0.43741342322489674,1.0,1,0.30068425236087165
2022_18_DET_GB,2022,18,GB,DET,1560.6858821244796,1454.8692738426328,105.81660828184681,0.7277624064921552,0.0,0,0.561867459386686
2022_18_HOU_IND,2022,18,IND,HOU,1451.1121150841814,1370.4636543083363,80.64846077584502,0.6981323320479619,0.0,0,0.619182869810048
2022_18_KC_LV,2022,18,LV,KC,1480.9649570853098,1631.8367215642547,-150.8717644789449,0.3788769773631711,0.0,0,0.26070136470119726
2022_18_LAC_DEN,2022,18,DEN,LAC,1409.2425353254762,1532.240389036474,-122.99785371099779,0.4173011192934999,1.0,1,0.38748961397885157
2022_18_LA_SEA,2022,18,SEA,LA,1502.5164871041125,1481.1961774810188,21.320309623093635,0.6217304602174853,1.0,1,0.5803091842681384
2022_18_MIN_CHI,2022,18,CHI,MIN,1396.0657064502966,1559.821058864589,-163.75535241429247,0.36158728323979206,0.0,0,0.4023550408586401
2022_18_NE_BUF,2022,18,BUF,NE,1615.7322634503184,1514.7781420072288,100.95412144308966,0.7221815493206571,1.0,1,0.6768042216775222
2022_18_NYG_PHI,2022,18,PHI,NYG,1565.6999497095542,1473.7687055426786,91.93124416687556,0.7116413118098279,1.0,1,0.7219701573799862
2022_18_NYJ_MIA,2022,18,MIA,NYJ,1504.1121056187674,1428.8008907013343,75.31121491743306,0.6916183783148058,1.0,1,0.6497226955249733
2022_18_TB_ATL,2022,18,ATL,TB,1439.1464663533784,1537.0317192609548,-97.88525290757639,0.45281514056005645,1.0,1,0.37533417633025856
2022_18_TEN_JAX,2022,18,JAX,TEN,1443.1887370199236,1508.5691864017579,-65.3804493818343,0.4994524895468032,1.0,1,0.5816537581014564
2023_01_ARI_WAS,2023,1,WAS,ARI,1487.6237674069896,1454.8611028023483,32.76266460464126,0.6370925599562557,1.0,1,0.5769374743628153
2023_01_BUF_NYJ,2023,1,NYJ,BUF,1448.1642830393125,1581.2633837508165,-133.09910071150398,0.403233543464087,1.0,1,0.3154949209317027
2023_01_CAR_ATL,2023,1,ATL,CAR,1466.5604095732588,1461.1235242293249,5.436885343933909,0.6000005273678485,1.0,1,0.529660468724657
2023_01_CIN_CLE,2023,1,CLE,CIN,1487.6534543265568,1549.6218814450358,-61.968427118478985,0.5043626733607205,1.0,1,0.4264227496782537
2023_01_DAL_NYG,2023,1,NYG,DAL,1478.5610262918465,1545.3881126522122,-66.82708636036568,0.4973706356024643,0.0,0,0.47621226027567054
2023_01_DET_KC,2023,1,KC,DET,1593.407554944717,1479.5144297215588,113.89312522315822,0.7368754927891673,0.0,0,0.6821783562561557
2023_01_GB_CHI,2023,1,CHI,GB,1425.5187537262855,1530.9075247764065,-105.38877105012102,0.44213630157067485,0.0,0,0.4336355921325947
2023_01_HOU_BAL,2023,1,BAL,HOU,1517.7218315928371,1422.565621636028,95.1562099568091,0.7154358557107093,1.0,1,0.7217867902666693
2023_01_JAX_IND,2023,1,IND,JAX,1457.8901438569587,1468.6437904434215,-10.753646586462764,0.5774385407275364,0.0,0,0.30832610689456696
2023_01_LA_SEA,2023,1,SEA,LA,1506.754858192841,1482.332627079197,24.422231113644102,0.6259206677176972,0.0,0,0.6117052628384464
2023_01_LV_DEN,2023,1,DEN,LV,1447.0006636695362,1482.169569750491,-35.16890608095491,0.5428252098975974,0.0,0,0.46056534565669954
2023_01_MIA_LAC,2023,1,LAC,MIA,1513.7928956529704,1506.8874244951558,6.905471157814645,0.6020277269095657,0.0,0,0.4820529358985773
2023_01_PHI_NE,2023,1,NE,PHI,1506.1785879057402,1547.8829727271495,-41.70438482140935,0.533474935474952,0.0,0,0.3667084210184706
2023_01_SF_PIT,2023,1,PIT,SF,1526.2227057283378,1563.061774433472,-36.839068705134196,0.540438320782687,0.0,0,0.3777882160756639
2023_01_TB_MIN,2023,1,MIN,TB,1544.925379034688,1517.4789747883444,27.44640424634349,0.6299877544855017,0.0,0,0.5355923238769973
2023_01_TEN_NO,2023,1,NO,TEN,1499.2869520770564,1499.034018249105,0.2529338279514377,0.5928177353962601,1.0,1,0.5746806449120412
2023_02_BAL_CIN,2023,2,CIN,BAL,1539.7091349122502,1523.413114478623,16.29602043362729,0.6149049490156596,0.0,0,0.4441204677402512
2023_02_CHI_TB,2023,2,TB,CHI,1530.0787298780544,1416.676027694872,113.40270218318256,0.7363277556279405,1.0,1,0.645631810771526
2023_02_CLE_PIT,2023,2,PIT,CLE,1515.413939312684,1497.5662008593424,17.847738453341663,0.6170179321007657,1.0,1,0.3656443549849082
2023_02_GB_ATL,2023,2,ATL,GB,1474.5603990259017,1539.75025080782,-65.18985178191838,0.4997267813503666,1.0,1,0.43658271505390034
2023_02_IND_HOU,2023,2,HOU,IND,1416.8743387502423,1446.341373042408,-29.467034292165636,0.5509585037723516,0.0,0,0.5093718471190227
2023_02_KC_JAX,2023,2,JAX,KC,1480.1925612579723,1578.6700450889336,-98.47748383096132,0.451970578605424,0.0,0,0.4416643470692842
2023_02_LAC_TEN,2023,2,TEN,LAC,1490.8903729570302,1501.752341114779,-10.861968157748834,0.5772863853673443,1.0,1,0.4039135266337335
2023_02_LV_BUF,2023,2,BUF,LV,1569.3280546200983,1493.026073948443,76.30198067165543,0.6928334619120489,1.0,1,0.5937738968862404
2023_02_MIA_NE,2023,2,NE,MIA,1495.5090891962411,1518.9279790333471,-23.418889837106008,0.5595559526688311,0.0,0,0.35437620081013277
2023_02_MIN_PHI,2023,2,PHI,MIN,1558.5524714366486,1532.325623944978,26.226847491670696,0.6283498045146777,1.0,1,0.6567039421635077
2023_02_NO_CAR,2023,2,CAR,NO,1453.123534776682,1507.4305973691312,-54.307062592449256,0.5153835170973071,0.0,0,0.4306196701454423
2023_02_NYG_ARI,2023,2,ARI,NYG,1447.6029540014736,1468.6136135797972,-21.01065957832361,0.5629696311045072,0.0,0,0.5212990968771672
2023_02_NYJ_DAL,2023,2,DAL,NYJ,1555.3355253642615,1460.0996121700307,95.23591319423076,0.7155292541471361,1.0,1,0.7052597553814374
2023_02_SEA_DET,2023,2,DET,SEA,1494.2519395773422,1494.2364448384872,0.015494738855068135,0.5924877665117712,0.0,0,0.6701810412337201
2023_02_SF_LA,2023,2,LA,SF,1494.851040433551,1573.8705408491257,-79.01950041557484,0.47983526019102885,0.0,0,0.3325581502401254
2023_02_WAS_DEN,2023,2,DEN,WAS,1436.1441594715843,1494.8819162078644,-58.73775673628006,0.5090111166959089,0.0,0,0.5080309095774088
2023_03_ATL_DET,2023,3,DET,ATL,1482.4021842471068,1484.5658633988944,-2.163679151787619,0.5894555089985922,1.0,1,0.5086489610834127
2023_03_BUF_WAS,2023,3,WAS,BUF,1505.0621385417826,1575.4713853818573,-70.40924684007473,0.49221609695675356,0.0,0,0.30253655054171197
2023_03_CAR_SEA,2023,3,SEA,CAR,1506.0862001687226,1442.8158644347359,63.27033573398671,0.6766422508325877,1.0,1,0.6699318860460395
2023_03_CHI_KC,2023,3,KC,CHI,1587.7094566610422,1411.4025828074307,176.30687385361148,0.8004443755989906,1.0,1,0.8354950039837551
2023_03_DAL_ARI,2023,3,ARI,DAL,1436.3435613793833,1561.0249402813188,-124.68137890193543,0.4149465160982235,1.0,1,0.25037465665389763
2023_03_DEN_MIA,2023,3,MIA,DEN,1530.1190980867239,1425.963937137666,104.15516094905774,0.7258634118323652,1.0,1,0.7339240886335222
2023_03_HOU_JAX,2023,3,JAX,HOU,1471.1531496858638,1405.8551686747953,65.29798101106849,0.6791907860845704,0.0,0,0.6718467688225057
2023_03_IND_BAL,2023,3,BAL,IND,1535.711213458936,1457.3605431178548,78.35067034108124,0.6953375124636807,0.0,0,0.7382790032915949
2023_03_LAC_MIN,2023,3,MIN,LAC,1524.8926200352714,1493.298068822126,31.59455121314545,0.6355364581698194,0.0,0,0.45517979473588793
2023_03_LA_CIN,2023,3,CIN,LA,1527.411035931937,1485.2543352297303,42.15670070220676,0.6495003242852481,1.0,1,0.48938805121886947
2023_03_NE_NYJ,2023,3,NYJ,NE,1454.4101972529734,1484.3179701428644,-29.90777288989102,0.5503307373699013,0.0,0,0.4113195582232372
2023_03_NO_GB,2023,3,GB,NO,1529.7447864348273,1517.7382677110772,12.006518723750105,0.6090415384664811,1.0,1,0.5582017081217856
2023_03_NYG_SF,2023,3,SF,NYG,1583.4672460529464,1479.8730062018874,103.594239851059,0.7252204342242096,1.0,1,0.7910983249500677
2023_03_PHI_TB,2023,3,TB,PHI,1535.3521747654956,1565.985475346355,-30.63330058085944,0.5492969830648493,0.0,0,0.45149353478281085
2023_03_PIT_LV,2023,3,LV,PIT,1486.882743186684,1523.0735806706687,-36.19083748398475,0.5413649576026998,0.0,0,0.6369667741829284
2023_03_TEN_CLE,2023,3,CLE,TEN,1489.9065595013578,1499.3446452496833,-9.43808574832542,0.5792852800538665,1.0,1,0.6325583138381
2023_04_ARI_SF,2023,4,SF,ARI,1588.9628373684623,1448.0446310574189,140.91820631104338,0.7659102632006116,1.0,1,0.791874144857258
2023_04_ATL_JAX,2023,4,JAX,ATL,1457.5693339641723,1476.3549735788663,-18.78563961469399,0.5661183227446516,1.0,1,0.4798823780361445
2023_04_BAL_CLE,2023,4,CLE,BAL,1498.3208539002806,1521.8044632096626,-23.483609309382018,0.5594641332454887,0.0,0,0.5201181549015569
2023_04_CIN_TEN,2023,4,TEN,CIN,1490.9303508507605,1534.421029446232,-43.490678595471536,0.5309149159888855,1.0,1,0.39731582681035776
2023_04_DEN_CHI,2023,4,CHI,DEN,1407.4114703194105,1420.4812053743135,-13.069735054903049,0.5741820588125297,0.0,0,0.44631245292791294
2023_04_DET_GB,2023,4,GB,DET,1537.5639556654978,1490.613074067135,46.95088159836291,0.6557566811746796,0.0,0,0.5271494469376107
2023_04_KC_NYJ,2023,4,NYJ,KC,1443.4035825055753,1591.7005691490624,-148.29698664348712,0.38237114470767364,0.0,0,0.12672765684026985
2023_04_LA_IND,2023,4,IND,LA,1471.2672933671283,1478.2443417154352,-6.97704834830688,0.5827340110446322,0.0,0,0.39453522893092957
2023_04_LV_LAC,2023,4,LAC,LV,1506.0087979855223,1476.05544403463,29.95335395089228,0.6333453477256903,1.0,1,0.6938181335165376
2023_04_MIA_BUF,2023,4,BUF,MIA,1585.3157073209925,1535.6018298500765,49.71387747091603,0.6593381443320931,1.0,1,0.4893774782470478
2023_04_MIN_CAR,2023,4,CAR,MIN,1436.3487094513875,1512.181890871875,-75.83318142048756,0.48441484911118016,0.0,0,0.44662642377353473
2023_04_NE_DAL,2023,4,DAL,NE,1549.3238706032832,1495.3245848902625,53.999285713020754,0.6648570623627658,1.0,1,0.7158328699400097
2023_04_PIT_HOU,2023,4,HOU,PIT,1419.4389843964868,1533.9008798227226,-114.46189542623574,0.4292956254087325,1.0,1,0.5038261867767301
2023_04_SEA_NYG,2023,4,NYG,SEA,1474.3774148863715,1512.553355152071,-38.17594026569941,0.5385264067769372,0.0,0,0.3289631693490025
2023_04_TB_NO,2023,4,NO,TB,1509.9190984804068,1524.3662351041987,-14.447136623791948,0.5722423207427677,0.0,0,0.5322463190736109
2023_04_WAS_PHI,2023,4,PHI,WAS,1576.971415007652,1495.2178166026474,81.7535984050046,0.6994713237583985,1.0,1,0.7963213620103874
2023_05_BAL_PIT,2023,5,PIT,BAL,1522.4867923308973,1532.9937458745724,-10.506953543675081,0.5777850065668868,1.0,1,0.2540209432016408
2023_05_CAR_DET,2023,5,DET,CAR,1503.7282076906286,1426.660412469164,77.06779522146462,0.693770834687296,1.0,1,0.7433719524826821
2023_05_CHI_WAS,2023,5,WAS,CHI,1489.2072430778153,1395.92782914316,93.2794139346554,0.7132312475138106,0.0,0,0.6464984211088055
2023_05_CIN_ARI,2023,5,ARI,CIN,1443.3628363214311,1525.0393277660098,-81.67649144457869,0.47601901327218754,0.0,0,0.5763640640539085
2023_05_DAL_SF,2023,5,SF,DAL,1593.64463210445,1556.026729356028,37.61790274842201,0.6435294429502706,1.0,1,0.6204073665888129
2023_05_GB_LV,2023,5,LV,GB,1468.7223509891437,1524.4488220420042,-55.72647105286046,0.5133425125661172,1.0,1,0.41048684655381595
2023_05_HOU_ATL,2023,5,ATL,HOU,1467.6773400337593,1430.8530718883121,36.82426814544715,0.6424807399963812,1.0,1,0.5029671921419673
2023_05_JAX_BUF,2023,5,BUF,JAX,1592.1289444343506,1466.2469675092793,125.88197692507129,0.7500361290976663,0.0,0,0.8396701275667442
2023_05_KC_MIN,2023,5,MIN,KC,1521.8701878540987,1599.347992043216,-77.47780418911725,0.482050712729234,0.0,0,0.2610145894568884
2023_05_NO_NE,2023,5,NE,NO,1488.6217261375177,1498.4742520655514,-9.852525928033629,0.5787037399089787,0.0,0,0.45942255159044226
2023_05_NYG_MIA,2023,5,MIA,NYG,1528.7885927367183,1463.6068867508327,65.18170598588563,0.6790449272182253,1.0,1,0.8805323557635618
2023_05_NYJ_DEN,2023,5,DEN,NYJ,1431.964846550564,1435.7561596114217,-3.7913130608576466,0.5871862468917373,0.0,0,0.6401020546210554
2023_05_PHI_LA,2023,5,LA,PHI,1489.899021936328,1582.9819885324841,-93.08296659615621,0.45967314755395783,0.0,0,0.40838093551673066
2023_05_TEN_IND,2023,5,IND,TEN,1459.6126131462356,1500.3120525309828,-40.699439384747166,0.5349144030183768,1.0,1,0.4715898041428311
2023_06_ARI_LA,2023,6,LA,ARI,1480.7055589852487,1433.8424560559874,46.86310292926123,0.6556426070603115,1.0,1,0.6268963081341884
2023_06_BAL_TEN,2023,6,TEN,BAL,1491.0103405913503,1524.54944600591,-33.5391054145598,0.5451525230880593,0.0,0,0.3952136576029032
2023_06_CAR_MIA,2023,6,MIA,CAR,1535.2076941923538,1420.5358291629097,114.671865029444,0.7377437368916818,1.0,1,0.8624253420764558
2023_06_DAL_LAC,2023,6,LAC,DAL,1513.3418910310086,1548.8973182150335,-35.55542718402489,0.5422729895618305,0.0,0,0.4980700401447602
2023_06_DEN_KC,2023,6,KC,DEN,1608.9890062978006,1420.2211216127293,188.7678846850713,0.8116558232594885,1.0,1,0.8403849717195426
2023_06_DET_TB,2023,6,TB,DET,1535.8110815190541,1509.8527909968827,25.95829052217141,0.6279887156715235,0.0,0,0.43781210924303243
2023_06_IND_JAX,2023,6,JAX,IND,1481.2476900912327,1468.914325085868,12.333365005364612,0.6094894451658676,1.0,1,0.5881576703324115
2023_06_MIN_CHI,2023,6,CHI,MIN,1410.192454093436,1512.229173599514,-102.03671950607804,0.44690085660157053,0.0,0,0.43338596512347766
2023_06_NE_LV,2023,6,LV,NE,1478.4555007378215,1477.0476513393382,1.407849398483222,0.5944215215797813,1.0,1,0.6470150496869892
2023_06_NO_HOU,2023,6,HOU,NO,1423.7026866882397,1510.0483268637308,-86.3456401754911,0.46931974653842023,1.0,1,0.4412667235895948
2023_06_NYG_BUF,2023,6,BUF,NYG,1577.1282218523972,1457.1877852951973,119.94043655719997,0.7435691501457968,1.0,1,0.9038576334904915
2023_06_PHI_NYJ,2023,6,NYJ,PHI,1447.4998845492564,1592.1754514835634,-144.67556693430697,0.3873062650519763,1.0,1,0.2154570315380553
2023_06_SEA_CIN,2023,6,CIN,SEA,1534.5597080314535,1523.3238832876098,11.23582474384375,0.6079846610275628,1.0,1,0.3873116675107035
2023_06_SF_CLE,2023,6,CLE,SF,1487.1315712353708,1600.7740432454445,-113.64247201007379,0.4304516732123751,1.0,1,0.18590481029795133
2023_06_WAS_ATL,2023,6,ATL,WAS,1474.8277252338316,1474.9426181275392,-0.11489289370751976,0.5923065314314991,0.0,0,0.5779983227458207
2023_07_ARI_SEA,2023,7,SEA,ARI,1515.483576508161,1426.9553081971937,88.52826831096718,0.7076048664214186,1.0,1,0.7137115228296754
2023_07_ATL_TB,2023,7,TB,ATL,1523.2513072056236,1462.9815946052017,60.269712600421826,0.6728514949014959,0.0,0,0.610892065501791
2023_07_BUF_NE,2023,7,NE,BUF,1468.936081770934,1582.2568388494813,-113.32075707854733,0.43090575879412446,1.0,1,0.12579202126253078
2023_07_CLE_IND,2023,7,IND,CLE,1461.1041139891854,1498.5225377711233,-37.41842378193792,0.5396099044939257,0.0,0,0.47136813057578564
2023_07_DET_BAL,2023,7,BAL,DET,1535.4524964676714,1522.4125653103133,13.039931157358069,0.6104570845416228,1.0,1,0.433620564603712
2023_07_GB_DEN,2023,7,DEN,GB,1416.4542380779192,1514.7156722933264,-98.26143421540723,0.452278648401706,1.0,1,0.3891066262643623
2023_07_JAX_NO,2023,7,NO,JAX,1499.4347217944992,1489.0579011879154,10.376820606583806,0.6068054875269604,0.0,0,0.5576085479935823
2023_07_LAC_KC,2023,7,KC,LAC,1612.7558898326108,1502.496431239772,110.25945859283888,0.7327998375231971,1.0,1,0.7008029229167442
2023_07_LV_CHI,2023,7,CHI,LV,1401.2544369614045,1486.5670703062258,-85.31263334482128,0.4708010314718346,1.0,1,0.4462330449440794
2023_07_MIA_PHI,2023,7,PHI,MIA,1579.9215767846028,1540.45281945452,39.46875733008278,0.6459697942930439,1.0,1,0.3790779198923672
2023_07_PIT_LA,2023,7,LA,PIT,1487.5927068440424,1530.9310921995595,-43.338385355517175,0.5311332397859578,0.0,0,0.7144993603970887
2023_07_SF_MIN,2023,7,MIN,SF,1521.1671907315456,1589.383076709692,-68.21588597814639,0.4953721002176357,1.0,1,0.21669409868835507
2023_07_WAS_NYG,2023,7,NYG,WAS,1452.0591682981133,1486.788748756169,-34.72958045805581,0.5434527438810475,1.0,1,0.4105833781953742
2023_08_ATL_TEN,2023,8,TEN,ATL,1480.107290129589,1476.4386245032317,3.668665626357324,0.597555174674367,1.0,1,0.5182536717530294
2023_08_BAL_ARI,2023,8,ARI,BAL,1421.1074055256222,1543.243354776839,-122.13594925121674,0.4185080599037426,0.0,0,0.2520522542015318
2023_08_CHI_LAC,2023,8,LAC,CHI,1497.152427990236,1411.838416331968,85.3140116582681,0.703761991819763,1.0,1,0.664197534932492
2023_08_CIN_SF,2023,8,SF,CIN,1579.2905187140448,1542.4000148109023,36.89050390314242,0.6425683158066209,0.0,0,0.8094040166524129
2023_08_CLE_SEA,2023,8,SEA,CLE,1521.3314791797325,1509.3147358610017,12.016743318730732,0.6090555529324878,1.0,1,0.6765645586583078
2023_08_HOU_CAR,2023,8,CAR,HOU,1415.2907039007434,1434.3162917574714,-19.025587856727952,0.5657790168639939,1.0,1,0.4201023562558588
2023_08_JAX_PIT,2023,8,PIT,JAX,1541.5537569952787,1501.1940109384545,40.35974605682418,0.6471418667527731,0.0,0,0.4167532271972184
2023_08_KC_DEN,2023,8,DEN,KC,1427.408665109885,1618.099893082147,-190.6912279722619,0.3266146161235773,1.0,1,0.17899433448304308
2023_08_LA_DAL,2023,8,DAL,LA,1559.74277800627,1476.9700420483232,82.7727359579469,0.7007031094812536,1.0,1,0.5967984264471656
2023_08_LV_DET,2023,8,DET,LV,1514.6217070011458,1475.9830909356624,38.63861606548335,0.644876184362046,1.0,1,0.7325415223116974
2023_08_MIN_GB,2023,8,GB,MIN,1503.7612452613605,1531.2597487271928,-27.4985034658323,0.5537603734332588,0.0,0,0.527331496216715
2023_08_NE_MIA,2023,8,MIA,NE,1533.372215340381,1480.3179665950515,53.05424874532946,0.6636438091611302,1.0,1,0.8610453317087653
2023_08_NO_IND,2023,8,IND,NO,1450.311915899307,1487.29861204396,-36.986696144653024,0.5402272502399394,0.0,0,0.4276913550408504
2023_08_NYJ_NYG,2023,8,NYG,NYJ,1461.1901134204923,1459.753759248217,1.436354172275287,0.5944610797316385,0.0,0,0.506817982103291
2023_08_PHI_WAS,2023,8,WAS,PHI,1477.65780363379,1587.002180898742,-109.34437726495185,0.4365275985355462,0.0,0,0.26162344914599994
2023_08_TB_BUF,2023,8,BUF,TB,1570.8749540253636,1509.7942773075936,61.080676717770075,0.6738782583736371,1.0,1,0.7895083466808369
2023_09_ARI_CLE,2023,9,CLE,ARI,1501.4958469196515,1412.7372443275474,88.75860259210413,0.7078791221040059,1.0,1,0.6078184828794994
2023_09_BUF_CIN,2023,9,CIN,BUF,1555.2513811270348,1577.397388857891,-22.146007730856127,0.5613609922249815,1.0,1,0.25640842072003
2023_09_CHI_NO,2023,9,NO,CHI,1498.1031570487587,1405.913656168363,92.1895008803956,0.7119462872081482,1.0,1,0.6702931296871427
2023_09_DAL_PHI,2023,9,PHI,DAL,1595.7327328694528,1565.728715816645,30.00401705280774,0.6334130695059993,1.0,1,0.5366078916852025
2023_09_IND_CAR,2023,9,CAR,IND,1423.9751235634635,1439.5073708945083,-15.5322473310448,0.5707126352664897,0.0,0,0.43983551834605045
2023_09_LAC_NYJ,2023,9,NYJ,LAC,1471.6429808428497,1503.0771881538408,-31.43420731099104,0.5481553323133254,0.0,0,0.2931125303840474
2023_09_LA_GB,2023,9,GB,LA,1492.6860377926953,1470.9841042379483,21.70193355474703,0.6222469699601899,1.0,1,0.45065430902639664
2023_09_MIA_KC,2023,9,KC,MIA,1604.6321854046184,1540.0993391571583,64.53284624746016,0.6782303367810204,1.0,1,0.48583763232555083
2023_09_MIN_ATL,2023,9,ATL,MIN,1468.389727996719,1542.334956195858,-73.94522819913891,0.48712962551745076,0.0,0,0.40422321880042605
2023_09_NYG_LV,2023,9,LV,NYG,1468.8806146229033,1449.3008918258595,19.579722797043814,0.6193711703780862,1.0,1,0.5596474725895179
2023_09_SEA_BAL,2023,9,BAL,SEA,1551.6135159749138,1529.1503681210827,22.46314785383106,0.6232764077565816,1.0,1,0.5768720325816659
2023_09_TB_HOU,2023,9,HOU,TB,1425.6318720947513,1503.2718424750663,-77.63997038031494,0.48181764149573253,1.0,1,0.4999041113180294
2023_09_TEN_PIT,2023,9,PIT,TEN,1528.6109196602233,1488.1561866361017,40.45473302412165,0.647266715560138,1.0,1,0.45096989898338785
2023_09_WAS_NE,2023,9,NE,WAS,1473.5908427782742,1468.9272516630792,4.663591115195004,0.5989317083633052,0.0,0,0.4397511161372776
2023_10_ATL_ARI,2023,10,ARI,ATL,1406.8948267696276,1458.6471354863702,-51.75230871674262,0.5190557262039227,1.0,1,0.38359767425938224
2023_10_CAR_CHI,2023,10,CHI,CAR,1400.152581912526,1412.5608708581337,-12.408288945607637,0.575112739199607,1.0,1,0.6131618895209651
2023_10_CLE_BAL,2023,10,BAL,CLE,1559.1479878197822,1507.3382644775713,51.80972334221087,0.6620427715942393,0.0,0,0.7317002537800086
2023_10_DEN_BUF,2023,10,BUF,DEN,1568.6246087023906,1440.8763727874136,127.74823591497693,0.7520448419264509,0.0,0,0.8332211003896792
2023_10_DET_LAC,2023,10,LAC,DET,1514.0402948001072,1521.7241833139049,-7.683888513797683,0.5817443057464267,0.0,0,0.48687470108685665
2023_10_GB_PIT,2023,10,PIT,GB,1535.6655853490206,1500.2410983934915,35.42448695552912,0.6406277548200533,1.0,1,0.4470164858087872
2023_10_HOU_CIN,2023,10,CIN,HOU,1564.0241612825353,1435.9955192648367,128.02864201769853,0.7523457149823584,0.0,0,0.5626364745438845
2023_10_IND_NE,2023,10,NE,IND,1461.612208611008,1450.921623599838,10.690585011170015,0.6072363438081203,0.0,0,0.4114644273139736
2023_10_NO_MIN,2023,10,MIN,NO,1552.077548706207,1503.8642313045957,48.21331740161122,0.6573953078904515,1.0,1,0.5208954092598522
2023_10_NYG_DAL,2023,10,DAL,NYG,1558.396977206765,1441.6883152334212,116.70866197334385,0.7400058846332852,1.0,1,0.8317320960581664
2023_10_NYJ_LV,2023,10,LV,NYJ,1476.4931912153415,1460.6798741965833,15.813317018758198,0.6142467603495394,1.0,1,0.622030491282445
2023_10_SF_JAX,2023,10,JAX,SF,1514.13684827351,1566.4391523979123,-52.302304124402326,0.5182653218118212,0.0,0,0.28896180541290967
2023_10_TEN_TB,2023,10,TB,TEN,1492.9081953049808,1481.1015209473044,11.806674357676457,0.6087675832518892,1.0,1,0.5570475101861913
2023_10_WAS_SEA,2023,10,SEA,WAS,1521.6158962762142,1480.9058858303454,40.710010445868875,0.6476021470002571,1.0,1,0.6407205785770612
2023_11_ARI_HOU,2023,11,HOU,ARI,1451.0424335644839,1416.5137122455492,34.528721318934686,0.6394397602555661,1.0,1,0.7157743518650673
2023_11_CHI_DET,2023,11,DET,CHI,1533.3590694288334,1408.650327128534,124.70874230029949,0.7487677988842446,1.0,1,0.7332811766880882
2023_11_CIN_BAL,2023,11,BAL,CIN,1545.9071323878975,1548.9772469828881,-3.0701145949906277,0.5881922115715819,1.0,1,0.6569622909109947
2023_11_DAL_CAR,2023,11,CAR,DAL,1404.063125642126,1563.5968595140994,-159.53373387197348,0.3672157641240754,0.0,0,0.1879081537204328
2023_11_LAC_GB,2023,11,GB,LAC,1493.0536534898924,1502.4054086851786,-9.35175519528616,0.5794063909730595,1.0,1,0.44792651231763486
2023_11_LV_MIA,2023,11,MIA,LV,1533.6639458927787,1484.2082560083506,49.45568988442801,0.659004237316084,1.0,1,0.812552312929312
2023_11_MIN_DEN,2023,11,DEN,MIN,1455.9172696259427,1558.9296425483979,-103.01237292245514,0.4455130312960223,1.0,1,0.36862431577185123
2023_11_NYG_WAS,2023,11,WAS,NYG,1473.8579287703506,1436.488432926087,37.36949584426361,0.6432013472676638,0.0,0,0.693115197438002
2023_11_NYJ_BUF,2023,11,BUF,NYJ,1553.5837118638615,1452.9648094035742,100.61890246028725,0.7217942222255163,1.0,1,0.8681241663226109
2023_11_PHI_KC,2023,11,KC,PHI,1611.067578668998,1603.0644714793327,8.003107189665343,0.6035405983853186,0.0,0,0.56177609732261
2023_11_PIT_CLE,2023,11,CLE,PIT,1520.579119909456,1542.8530302526196,-22.273910343163607,0.561179689556987,1.0,1,0.5987999898509896
2023_11_SEA_LA,2023,11,LA,SEA,1463.429043637152,1528.663853336209,-65.234809699057,0.49966208173098664,1.0,1,0.4583070541957935
2023_11_TB_SF,2023,11,SF,TB,1576.8044588341486,1500.732843639943,76.0716151942056,0.6925511775255762,1.0,1,0.7822492636080273
2023_11_TEN_JAX,2023,11,JAX,TEN,1503.7715418372736,1473.2768726123422,30.494669224931386,0.6340686552702632,1.0,1,0.5477407133066206
2023_12_BAL_LAC,2023,12,LAC,BAL,1493.9935365046397,1554.1432881564658,-60.149751651826136,0.5069796150623693,0.0,0,0.43018575440908846
2023_12_BUF_PHI,2023,12,PHI,BUF,1615.135283447039,1559.1478274193512,55.98745602768781,0.6674023933904907,1.0,1,0.44528948416156583
2023_12_CAR_TEN,2023,12,TEN,CAR,1465.9582457177476,1396.7188103596443,69.23943535810326,0.6841142432164744,1.0,1,0.6456844793455367
2023_12_CHI_MIN,2023,12,MIN,CHI,1547.8399031743184,1403.6256831062187,144.21422006809962,0.7692948558882986,0.0,0,0.6565447638225038
2023_12_CLE_DEN,2023,12,DEN,CLE,1467.0070090000222,1529.3555261183162,-62.34851711829401,0.5038157165217895,1.0,1,0.4434490620677876
2023_12_GB_DET,2023,12,DET,GB,1538.3837134511487,1501.4655256704314,36.91818778071729,0.6426049161453077,0.0,0,0.6497369567778952
2023_12_JAX_HOU,2023,12,HOU,JAX,1458.2536383593726,1511.0901687318683,-52.836530372495645,0.5174974918877544,0.0,0,0.5487976426516359
2023_12_KC_LV,2023,12,LV,KC,1477.3883407546723,1598.9967667012918,-121.60842594661949,0.4192472429974025,0.0,0,0.2388285310973339
2023_12_LA_ARI,2023,12,ARI,LA,1409.3025074506604,1473.4358020025322,-64.13329455187181,0.5012472868157922,0.0,0,0.3728545800947899
2023_12_MIA_NYJ,2023,12,NYJ,MIA,1447.4006938480845,1540.483861146457,-93.08316729837247,0.45967286059913326,0.0,0,0.16110303280728072
2023_12_NE_NYG,2023,12,NYG,NE,1449.3524598714403,1449.4674817348457,-0.1150218634054454,0.5923063521548668,1.0,1,0.46987239370592
2023_12_NO_ATL,2023,12,ATL,NO,1449.0282500104486,1497.0121374624048,-47.98388745195621,0.5244685934624166,1.0,1,0.4154376843800851
2023_12_PIT_CIN,2023,12,CIN,PIT,1540.7410912143198,1534.0766240437595,6.664467170560329,0.6016952889242378,0.0,0,0.6190921961552531
2023_12_SF_SEA,2023,12,SEA,SF,1518.657094970829,1582.953435283637,-64.29634031280807,0.5010126463068537,0.0,0,0.28120752718637354
2023_12_TB_IND,2023,12,IND,TB,1463.0663504760005,1494.5838671904546,-31.517516714454132,0.5480365497896947,1.0,1,0.4707372569113411
2023_12_WAS_DAL,2023,12,DAL,WAS,1570.941174796581,1460.9939018249972,109.94727297158374,0.7324478135106535,1.0,1,0.7872950963958893
2023_13_ARI_PIT,2023,13,PIT,ARI,1546.1105298222442,1399.2775617143445,146.83296810789966,0.7719594548770229,0.0,0,0.6657100808728983
2023_13_ATL_NYJ,2023,13,NYJ,ATL,1438.207236636102,1458.5388781412003,-20.331641505098332,0.5639310799505198,0.0,0,0.3373514184282411
2023_13_CAR_TB,2023,13,TB,CAR,1485.5445981862485,1390.4010952239737,95.14350296227485,0.7154209635997526,1.0,1,0.6943240665889342
2023_13_CIN_JAX,2023,13,JAX,CIN,1521.4401185696233,1528.707185435835,-7.267066866211735,0.5823280123204665,0.0,0,0.49867050139602304
2023_13_CLE_LA,2023,13,LA,CLE,1483.460747738848,1519.431840448752,-35.971092709903814,0.541679014869088,1.0,1,0.5739803534877682
2023_13_DEN_HOU,2023,13,HOU,DEN,1447.9036885216176,1476.9306946695865,-29.027006147968905,0.5515850963305072,1.0,1,0.5964494461639835
2023_13_DET_NO,2023,13,NO,DET,1487.501509331653,1525.5316151282425,-38.030105796589396,0.5387350266464103,0.0,0,0.4477391523103028
2023_13_IND_TEN,2023,13,TEN,IND,1472.2759608534182,1472.1056194802065,0.17034137321161325,0.592702966218515,0.0,0,0.509749008149341
2023_13_KC_GB,2023,13,GB,KC,1514.3176239933375,1607.3817115612399,-93.06408756790233,0.4597001400422916,1.0,1,0.3543945377440498
2023_13_LAC_NE,2023,13,NE,LAC,1441.313608777943,1483.8539442033923,-42.54033542544926,0.5322771075311844,0.0,0,0.3422895654164744
2023_13_MIA_WAS,2023,13,WAS,MIA,1455.6428580952104,1549.6773183584396,-94.03446026322922,0.4583130492992897,0.0,0,0.23415958861652228
2023_13_SEA_DAL,2023,13,DAL,SEA,1576.2922185263678,1508.6368420446918,67.65537648167606,0.6821404011001669,1.0,1,0.7413086771750348
2023_13_SF_PHI,2023,13,PHI,SF,1621.7872355792292,1592.973688209774,28.813547369455137,0.6318203709875677,0.0,0,0.3723956508792794
2023_14_BUF_KC,2023,14,KC,BUF,1596.5757143620856,1552.495875287161,44.07983907492462,0.6520163241600727,0.0,0,0.4660089203950672
2023_14_CAR_NO,2023,14,NO,CAR,1476.726808798725,1384.7095144959687,92.01729430275623,0.7117429497639783,1.0,1,0.719519797610002
2023_14_DEN_LAC,2023,14,LAC,DEN,1494.499486354016,1467.9623965961966,26.53708975781933,0.6287667630403866,0.0,0,0.6349834116135572
2023_14_DET_CHI,2023,14,CHI,DET,1419.0115802239848,1536.3063156611706,-117.29473543718586,0.4253050515818988,1.0,1,0.34663413020181394
2023_14_GB_NYG,2023,14,NYG,GB,1457.506332828343,1525.1236211924918,-67.61728836414886,0.49623349051558135,1.0,1,0.27713786913453353
2023_14_HOU_NYJ,2023,14,NYJ,HOU,1426.9286150370915,1456.8719865950075,-29.943371557915953,0.5502800253515676,1.0,1,0.2819595309419316
2023_14_IND_CIN,2023,14,CIN,IND,1540.3537456822444,1483.959678804577,56.394066877667456,0.6679217566287654,1.0,1,0.6028484180469819
2023_14_JAX_CLE,2023,14,CLE,JAX,1510.2654207461337,1509.793558323214,0.47186242291968483,0.5931219060933206,1.0,1,0.4778649501317849
2023_14_LA_BAL,2023,14,BAL,LA,1564.2828804577132,1492.6271674414663,71.65571301624686,0.6871123249766851,1.0,1,0.6589614688358104
2023_14_MIN_LV,2023,14,LV,MIN,1469.0033958947242,1532.4540060565523,-63.45061016182808,0.5022297364343583,0.0,0,0.3793461740116525
2023_14_NE_PIT,2023,14,PIT,NE,1530.6713407247037,1430.6680666273194,100.00327409738429,0.72108203381769,0.0,0,0.6275598543070819
2023_14_PHI_DAL,2023,14,DAL,PHI,1582.6494105043646,1609.150828159478,-26.5014176551133,0.5551782651361026,1.0,1,0.6368979979853358
2023_14_SEA_SF,2023,14,SF,SEA,1605.6100956295254,1502.279650066695,103.33044556283039,0.7249177261381333,1.0,1,0.7933940970995502
2023_14_TB_ATL,2023,14,ATL,TB,1469.8174997402107,1491.2361789142535,-21.418679174042836,0.5623916716927196,0.0,0,0.4873093535766735
2023_14_TEN_MIA,2023,14,MIA,TEN,1558.8435793444255,1460.4219015290478,98.42167781537773,0.7192472515728935,0.0,0,0.7804470092787673
2023_15_ATL_CAR,2023,15,CAR,ATL,1378.9443734912484,1458.5696663063563,-79.62529281510797,0.47896493489301023,1.0,1,0.37590045341898576
2023_15_BAL_JAX,2023,15,JAX,BAL,1501.6559964450805,1570.5406339581796,-68.88463751309905,0.4944097901778619,0.0,0,0.34884843711043023
2023_15_CHI_CLE,2023,15,CLE,CHI,1518.4029826242672,1430.5054791923467,87.89750343192054,0.706853051098226,1.0,1,0.5337048611648711
2023_15_DAL_BUF,2023,15,BUF,DAL,1565.5362017703624,1591.5458452016426,-26.00964343128021,0.5558772564696665,1.0,1,0.5201410921828642
2023_15_DEN_DET,2023,15,DET,DEN,1524.8124166928087,1480.5377318570045,44.27468483580424,0.652270766810518,1.0,1,0.6728926016282522
2023_15_HOU_TEN,2023,15,TEN,HOU,1474.8068465605056,1447.877587102039,26.92925945846673,0.6292935557435623,0.0,0,0.5233689479101169
2023_15_KC_NE,2023,15,NE,KC,1445.089707303673,1583.5353878788842,-138.4456805752111,0.39584996096133884,0.0,0,0.23317059555566153
2023_15_LAC_LV,2023,15,LV,LAC,1458.9588011660371,1481.9241510932081,-22.96534992717102,0.5601992884444092,1.0,1,0.3910036067225633
2023_15_MIN_CIN,2023,15,CIN,MIN,1546.995310549669,1542.4986007852394,4.496709764429625,0.5987009271879,1.0,1,0.5475071384853203
2023_15_NYG_NO,2023,15,NO,NYG,1482.4919498034453,1467.5816630180313,14.910286785413973,0.6130143155871465,1.0,1,0.7210163308760617
2023_15_NYJ_MIA,2023,15,MIA,NYJ,1544.4586343129677,1435.92301453006,108.53561978290759,0.7308523472564975,1.0,1,0.8616679570872758
2023_15_PHI_SEA,2023,15,SEA,PHI,1496.7780045894576,1600.2543934622,-103.47638887274229,0.4448532850892593,1.0,1,0.4124869851168308
2023_15_PIT_IND,2023,15,IND,PIT,1477.3181139371522,1516.24970004835,-38.9315861111977,0.5374452219139132,1.0,1,0.5425697338797494
2023_15_SF_ARI,2023,15,ARI,SF,1414.716750811885,1611.1117411067628,-196.39499029487774,0.31943481747909935,0.0,0,0.12008799603060678
2023_15_TB_GB,2023,15,GB,TB,1515.0482910028034,1502.4840123481079,12.5642786546955,0.6098057756180261,0.0,0,0.5888856408679031
2023_15_WAS_LA,2023,15,LA,WAS,1486.369413941,1446.4765971092245,39.89281683177546,0.6465278532544676,1.0,1,0.6749838578306532
2023_16_ARI_CHI,2023,16,CHI,ARI,1424.642540214311,1408.328054462303,16.314485752008068,0.6149301190100414,1.0,1,0.632747877878386
2023_16_BAL_SF,2023,16,SF,BAL,1617.5004374563448,1580.4288297617368,37.07160769460802,0.6428077195908352,0.0,0,0.6999181763188437
2023_16_BUF_LAC,2023,16,LAC,BUF,1473.1281368620964,1574.418656640969,-101.29051977887252,0.44796285376331607,0.0,0,0.2504933718863779
2023_16_CIN_PIT,2023,16,PIT,CIN,1506.9986044866282,1555.0212920059112,-48.022687519282954,0.5244128890958462,1.0,1,0.3835342281448279
2023_16_CLE_HOU,2023,16,HOU,CLE,1460.46345821691,1524.2659216023028,-63.802463385392684,0.5017233868983891,0.0,0,0.5383975456366343
2023_16_DAL_MIA,2023,16,MIA,DAL,1549.8415873678377,1582.663390331036,-32.82180296319825,0.5461761937326949,1.0,1,0.5364945173274204
2023_16_DET_MIN,2023,16,MIN,DET,1534.4726193289973,1531.7670013565983,2.705617972399068,0.596221279625499,0.0,0,0.4256747379856024
2023_16_GB_CAR,2023,16,CAR,GB,1389.3650747933882,1502.8521754904427,-113.48710069705453,0.43067095799787836,0.0,0,0.3065987317208507
2023_16_IND_ATL,2023,16,ATL,IND,1448.1489650042165,1486.569209498874,-38.42024449465748,0.5381768932407391,1.0,1,0.5021444147352615
2023_16_JAX_TB,2023,16,TB,JAX,1514.6801278604685,1491.7678006415233,22.912327218945165,0.6238833401933008,1.0,1,0.559045604403472
2023_16_LV_KC,2023,16,KC,LV,1591.4523870981109,1467.7548153971488,123.69757170096204,0.7476712432065438,0.0,0,0.7725877052298794
2023_16_NE_DEN,2023,16,DEN,NE,1473.583147193215,1437.1727080844464,36.410439108768514,0.6419333669104837,0.0,0,0.592652164663652
2023_16_NO_LA,2023,16,LA,NO,1493.4388568759107,1490.2316634917024,3.207193384208267,0.5969161789587771,1.0,1,0.5155861884610835
2023_16_NYG_PHI,2023,16,PHI,NYG,1589.151459163985,1459.8419493297743,129.30950983421076,0.7537169567794797,1.0,1,0.8029089697348778
2023_16_SEA_TEN,2023,16,TEN,SEA,1462.2209754456344,1507.8809388876725,-45.65996344203813,0.5278038381646587,0.0,0,0.4686809001198214
2023_16_WAS_NYJ,2023,16,NYJ,WAS,1430.54006147519,1439.4071541743137,-8.86709269912376,0.580086133713941,1.0,1,0.4071454965178486
2023_17_ARI_PHI,2023,17,PHI,ARI,1594.0771200283955,1400.626656842504,193.45046318589152,0.8157418918417799,0.0,0,0.7931377542282412
2023_17_ATL_CHI,2023,17,CHI,ATL,1432.3439378341102,1457.3854271394018,-25.041489305291634,0.5572527095180846,1.0,1,0.5167966810791126
2023_17_CAR_JAX,2023,17,JAX,CAR,1484.2454674453893,1380.7516556334306,103.49381181195872,0.72510521586574,1.0,1,0.6566374154974071
2023_17_CIN_KC,2023,17,KC,CIN,1576.49896223398,1545.509549787828,30.989412446151846,0.6347292047584259,1.0,1,0.6530791794773999
2023_17_DET_DAL,2023,17,DAL,DET,1573.58691420569,1543.6914269491083,29.895487256581646,0.6332679904008445,1.0,1,0.603772270085347
2023_17_GB_MIN,2023,17,MIN,GB,1522.5481937364873,1511.4655946504004,11.08259908608693,0.6077744167356047,0.0,0,0.4913437333793111
2023_17_LAC_DEN,2023,17,DEN,LAC,1460.7444798550052,1464.16887978683,-3.424399931824837,0.5876981277077054,1.0,1,0.49533472275576296
2023_17_LA_NYG,2023,17,NYG,LA,1454.9162884653638,1501.500533296735,-46.58424483137128,0.5264776103589635,0.0,0,0.2932656745049212
2023_17_LV_IND,2023,17,IND,LV,1477.3327473636887,1482.7082402612798,-5.37549289759113,0.5849740048916954,1.0,1,0.5562384762352841
2023_17_MIA_BAL,2023,17,BAL,MIA,1593.2849841535535,1558.9180634931838,34.366920660369715,0.6392249921288072,1.0,1,0.4765396948220207
2023_17_NE_BUF,2023,17,BUF,NE,1583.3779137162353,1450.011375422656,133.3665382935792,0.7580264001511223,1.0,1,0.8394080376172739
2023_17_NO_TB,2023,17,TB,NO,1522.2024610566025,1482.169987070878,40.03247398572444,0.6467115536715325,0.0,0,0.5212110458274505
2023_17_NYJ_CLE,2023,17,CLE,NYJ,1534.3003893402706,1438.9383388009112,95.36205053935942,0.7156770275961147,1.0,1,0.7201344314891082
2023_17_PIT_SEA,2023,17,SEA,PIT,1518.4370156509658,1516.5103467047113,1.9266689462544946,0.5951413329127172,0.0,0,0.6011631817294261
2023_17_SF_WAS,2023,17,WAS,SF,1431.0088768485925,1604.644283064528,-173.63540621593552,0.34856437058660905,0.0,0,0.1616913382753583
2023_17_TEN_HOU,2023,17,HOU,TEN,1450.4289904789423,1451.6648986823411,-1.2359082033988216,0.5907473208320162,1.0,1,0.49565120062018964
2023_18_ATL_NO,2023,18,NO,ATL,1495.1042181443088,1448.5304813297635,46.57373681454533,0.655266429869784,1.0,1,0.6017965888311173
2023_18_BUF_MIA,2023,18,MIA,BUF,1551.70256333576,1588.217385713213,-36.5148223774529,0.540901861407948,0.0,0,0.464985779719501
2023_18_CHI_GB,2023,18,GB,CHI,1523.6210829851125,1441.1988836437486,82.42219934136392,0.7002797579741794,1.0,1,0.6277491963047771
2023_18_CLE_CIN,2023,18,CIN,CLE,1538.2041338829965,1539.9868487883484,-1.7827149053518951,0.5899861072470907,1.0,1,0.569807272704852
2023_18_DAL_WAS,2023,18,WAS,DAL,1424.0375894368603,1580.921554397673,-156.8839649608126,0.37076727164943524,0.0,0,0.22579182421387295
2023_18_DEN_LV,2023,18,LV,DEN,1474.4077203591137,1468.990517300851,5.417203058262658,0.5999733349891859,1.0,1,0.5186411172398858
2023_18_HOU_IND,2023,18,IND,HOU,1485.6332672658548,1458.614044062302,27.019223203552883,0.6294143586979872,0.0,0,0.5235011680685878
2023_18_JAX_TEN,2023,18,TEN,JAX,1443.4798450989815,1489.7433631280744,-46.26351802909289,0.5269378563601089,1.0,1,0.47365191946756774
2023_18_KC_LAC,2023,18,LAC,KC,1455.9228423409843,1583.8043781388114,-127.88153579782715,0.410481505746086,0.0,0,0.31577174431257526
2023_18_LA_SF,2023,18,SF,LA,1611.6155704762602,1512.0300855039143,99.58548497234597,0.7205980790647295,0.0,0,0.7671993754444864
2023_18_MIN_DET,2023,18,DET,MIN,1536.3567867571253,1510.3927054017752,25.964081355350118,0.6279965032574589,1.0,1,0.6547489840533113
2023_18_NYJ_NE,2023,18,NE,NYJ,1445.1719034256785,1433.2518793528334,11.92002407284508,0.6089229763212091,0.0,0,0.6099762437597611
2023_18_PHI_NYG,2023,18,NYG,PHI,1444.3867362581846,1577.76228219156,-133.3755459333754,0.4028506668166383,1.0,1,0.23287969628148197
2023_18_PIT_BAL,2023,18,BAL,PIT,1600.5004843109773,1528.4131733629656,72.08731094801169,0.6876462117694864,0.0,0,0.741621695352775
2023_18_SEA_ARI,2023,18,ARI,SEA,1416.9414946793395,1506.5341889927115,-89.59269431337202,0.4646672574217888,0.0,0,0.36019843778808375
2023_18_TB_CAR,2023,18,CAR,TB,1375.2537599507455,1509.2682299831718,-134.0144700324263,0.40196621054502923,0.0,0,0.32570616522305845
2024_01_ARI_BUF,2024,1,BUF,ARI,1566.3537333707193,1438.1242601857055,128.22947318501383,0.7525610543242,1.0,1,0.7546710775447454
2024_01_BAL_KC,2024,1,KC,BAL,1561.6493855300012,1558.1208652506436,3.528520279357508,0.5973611518164661,1.0,1,0.45756814528080725
2024_01_CAR_NO,2024,1,NO,CAR,1501.3392559964318,1411.0336719456961,90.30558405073566,0.7097171682994317,1.0,1,0.7290153559819555
2024_01_DAL_CLE,2024,1,CLE,DAL,1521.2970025253044,1559.1857228865433,-37.88872036123894,0.538937269109397,0.0,0,0.3340768683373399
2024_01_DEN_SEA,2024,1,SEA,DEN,1510.6044478745687,1473.8632892804253,36.74115859414337,0.6423708404784657,1.0,1,0.5862819099183004
2024_01_GB_PHI,2024,1,PHI,GB,1544.0989280036881,1519.8423768431712,24.256551160516892,0.6256973306584842,1.0,1,0.5016147202036906
2024_01_HOU_IND,2024,1,IND,HOU,1481.9401366615696,1480.7055619282953,1.2345747332742576,0.5941810293436647,0.0,0,0.5114343899561598
2024_01_JAX_MIA,2024,1,MIA,JAX,1527.3926324920926,1486.7890205710353,40.603611921057336,0.6474623582933584,1.0,1,0.6845632315711908
2024_01_LA_DET,2024,1,DET,LA,1529.343893983624,1517.71617154709,11.627722436533986,0.6085222101020722,1.0,1,0.5643065255022146
2024_01_LV_LAC,2024,1,LAC,LV,1464.9678521914618,1488.213529951751,-23.245677760289254,0.5598016736872189,1.0,1,0.5160584288880772
2024_01_MIN_NYG,2024,1,NYG,MIN,1470.7409143576406,1501.9782657628393,-31.23735140519875,0.5484359875857998,0.0,0,0.4042705573798038
2024_01_NE_CIN,2024,1,CIN,NE,1531.0909558644967,1455.1056074125004,75.98534845199629,0.6924454311913948,0.0,0,0.6566247401465004
2024_01_NYJ_SF,2024,1,SF,NYJ,1565.126417959627,1463.4383270491026,101.68809091052435,0.7230284510596529,1.0,1,0.8444208098265958
2024_01_PIT_ATL,2024,1,ATL,PIT,1460.8959926511966,1528.251285390898,-67.35529273970133,0.4966105132020903,0.0,0,0.5059603944551131
2024_01_TEN_CHI,2024,1,CHI,TEN,1456.5870007981655,1468.4705289410922,-11.883528142926707,0.5758507197621592,1.0,1,0.5528301491882979
2024_01_WAS_TB,2024,1,TB,WAS,1511.5960613100285,1444.1369034825939,67.45915782743464,0.6818954415336638,1.0,1,0.6630845790362501
2024_02_ATL_PHI,2024,2,PHI,ATL,1551.5849813905184,1450.9637823871549,100.62119900336347,0.7217968768834402,0.0,0,0.6778153278268433
2024_02_BUF_MIA,2024,2,MIA,BUF,1534.4433853262256,1571.3025122842353,-36.85912695800971,0.5404096433168911,0.0,0,0.481628969416594
2024_02_CHI_HOU,2024,2,HOU,CHI,1492.5891825151687,1465.0699864029223,27.51919611224639,0.6300854249141188,1.0,1,0.6136633176816259
2024_02_CIN_KC,2024,2,KC,CIN,1569.7021624936717,1517.2420472406689,52.46011525300287,0.6628799436261115,1.0,1,0.6926967022321723
2024_02_CLE_JAX,2024,2,JAX,CLE,1479.7382677369023,1510.5182571431164,-30.7799894062141,0.5490879242615748,0.0,0,0.5439981514421666
2024_02_IND_GB,2024,2,GB,IND,1512.356323456341,1470.0565160746962,42.29980738164477,0.6496878362944494,1.0,1,0.6450722327288504
2024_02_LAC_CAR,2024,2,CAR,LAC,1405.2280153116849,1473.7718187177175,-68.54380340603257,0.49490023379519615,0.0,0,0.2698281332156385
2024_02_LA_ARI,2024,2,ARI,LA,1433.1754812721895,1509.8866157491314,-76.71113447694188,0.4831527027768715,1.0,1,0.39953732176172413
2024_02_LV_BAL,2024,2,BAL,LV,1550.068088286973,1479.4095634254954,70.65852486147764,0.6858769052672167,0.0,0,0.7463187844750512
2024_02_NO_DAL,2024,2,DAL,NO,1569.9644682687313,1507.144912630443,62.81955563828819,0.6760742333754748,0.0,0,0.5032059849252624
2024_02_NYG_WAS,2024,2,WAS,NYG,1437.7748123132671,1459.7721946059246,-21.99738229265745,0.5615716490341811,1.0,1,0.6624959572591382
2024_02_NYJ_TEN,2024,2,TEN,NYJ,1459.9875433363354,1457.8988960702957,2.088647266039743,0.5953659783408505,0.0,0,0.6252146296951879
2024_02_PIT_DEN,2024,2,DEN,PIT,1466.7107060899946,1538.1834956549396,-71.47278956494506,0.49068598457998786,0.0,0,0.40999845510706656
2024_02_SEA_NE,2024,2,NE,SEA,1468.9545160363282,1517.7570310649994,-48.80251502867122,0.523293181691752,0.0,0,0.4152193331009005
2024_02_SF_MIN,2024,2,MIN,SF,1512.9469855145553,1570.6658489384338,-57.718863423878474,0.5104768641140482,1.0,1,0.4042767390245038
2024_02_TB_DET,2024,2,DET,TB,1537.1734497815826,1517.9581524793552,19.215297302227327,0.6188764888146602,0.0,0,0.5583056690488911
2024_03_BAL_DAL,2024,3,DAL,BAL,1556.4429836012218,1536.3505501816287,20.092433419593135,0.6200667188223449,0.0,0,0.44603821086597456
2024_03_CAR_LV,2024,3,LV,CAR,1493.1271015308398,1395.330010635781,97.79709089505877,0.7185206558712529,0.0,0,0.751973112842748
2024_03_CHI_IND,2024,3,IND,CHI,1463.0502728005852,1457.6716949012045,5.378577899380616,0.5999199699885437,1.0,1,0.5879988955773933
2024_03_DEN_TB,2024,3,TB,DEN,1530.3356822556484,1456.8969863983948,73.4386958572536,0.6893146530023077,0.0,0,0.719747926632281
2024_03_DET_ARI,2024,3,ARI,DET,1443.512427216652,1524.7959200052894,-81.28349278863743,0.4765833131643143,0.0,0,0.5068151492012658
2024_03_GB_TEN,2024,3,TEN,GB,1448.0802237695184,1519.362566730452,-71.28234296093365,0.4909599669399081,0.0,0,0.3580077616256549
2024_03_HOU_MIN,2024,3,MIN,HOU,1522.7374482322743,1499.9874740168864,22.749974215387965,0.6236640131229751,1.0,1,0.548981353304579
2024_03_JAX_BUF,2024,3,BUF,JAX,1582.110705150573,1468.7565092516709,113.35419589890216,0.7362735408168366,1.0,1,0.8013680321797116
2024_03_KC_ATL,2024,3,ATL,KC,1465.3997199248238,1576.4445636211494,-111.04484369632564,0.4341213809162774,0.0,0,0.3967554429595235
2024_03_LAC_PIT,2024,3,PIT,LAC,1547.9972153465394,1483.6698233936213,64.3273919529181,0.6779721792891724,1.0,1,0.4647866587413002
2024_03_MIA_SEA,2024,3,SEA,MIA,1528.2228946988344,1523.6351924598878,4.5877022389465765,0.5988267666340468,1.0,1,0.540540896601995
2024_03_NE_NYJ,2024,3,NYJ,NE,1469.8062156371127,1458.4886524024932,11.317563234619456,0.6080967998319602,1.0,1,0.4782995152106115
2024_03_NYG_CLE,2024,3,CLE,NYG,1521.500015628348,1451.0036275866082,70.49638804173969,0.6856757836681173,0.0,0,0.6694604176026123
2024_03_PHI_NO,2024,3,NO,PHI,1520.6663972979525,1537.1490438528494,-16.482646554896974,0.5693717416415656,0.0,0,0.7480495565036289
2024_03_SF_LA,2024,3,LA,SF,1499.5496698046688,1560.8753862207147,-61.32571641604591,0.5052875220127386,1.0,1,0.31441508330439744
2024_03_WAS_CIN,2024,3,CIN,WAS,1510.4996461131911,1446.5433793325835,63.95626678060762,0.6775055775356825,0.0,0,0.5703027457839056
2024_04_BUF_BAL,2024,4,BAL,BUF,1548.7518845580755,1587.3852343342362,-38.633349776160685,0.5378719837787634,1.0,1,0.37114166426992884
2024_04_CIN_CAR,2024,4,CAR,CIN,1409.700423753206,1496.9495345624775,-87.24911080927154,0.46802465274035737,0.0,0,0.2797459800705495
2024_04_CLE_LV,2024,4,LV,CLE,1478.7566884134148,1507.7864999549856,-29.02981154157078,0.5515811020144794,1.0,1,0.505077874137311
2024_04_DAL_NYG,2024,4,NYG,DAL,1464.7171432599705,1544.041649224775,-79.32450596480453,0.479397051467317,0.0,0,0.41001413839297
2024_04_DEN_NYJ,2024,4,NYJ,DEN,1477.6442796404735,1470.683279458441,6.961000182032649,0.6021043096461488,0.0,0,0.5963492205511384
2024_04_JAX_HOU,2024,4,HOU,JAX,1492.4607542793458,1463.4819800680077,28.978774211338077,0.6320415964946712,1.0,1,0.6764950534014927
2024_04_KC_LAC,2024,4,LAC,KC,1477.2292669794047,1585.126991239475,-107.89772426007039,0.43857702118903685,0.0,0,0.4571690387654417
2024_04_LA_CHI,2024,4,CHI,LA,1449.6700943009755,1509.4439193644141,-59.77382506343861,0.5075205031111244,1.0,1,0.48214385830760914
2024_04_MIN_GB,2024,4,GB,MIN,1529.1817660692502,1530.264167969815,-1.0824019005647187,0.5909609400636455,0.0,0,0.5602997552139987
2024_04_NE_SF,2024,4,SF,NE,1550.9811366609695,1450.6505883991324,100.33054826183707,0.7214607794280062,1.0,1,0.8077702670176788
2024_04_NO_ATL,2024,4,ATL,NO,1456.7172923064982,1509.2789624651211,-52.561670158622974,0.517892552095794,1.0,1,0.2651558199750419
2024_04_PHI_TB,2024,4,TB,PHI,1516.5493891956023,1548.5364786856808,-31.98708949007846,0.5473669310842207,1.0,1,0.4343233702700448
2024_04_PIT_IND,2024,4,IND,PIT,1471.0518734008142,1554.437771760756,-83.38589835994185,0.47356523674597634,1.0,1,0.427586860481684
2024_04_SEA_DET,2024,4,DET,SEA,1534.3275862685757,1536.2463593661535,-1.9187730975777413,0.5897966324989222,1.0,1,0.5584543132402384
2024_04_TEN_MIA,2024,4,MIA,TEN,1515.6117277925687,1438.2610244307202,77.35070336184845,0.6941167156092571,0.0,0,0.620272065130626
2024_04_WAS_ARI,2024,4,ARI,WAS,1433.9807609533657,1460.0934908832971,-26.112729929931447,0.5557307510152948,0.0,0,0.5094404081689741
2024_05_ARI_SF,2024,5,SF,ARI,1556.5519210724094,1422.86614593306,133.68577513934952,0.7583633110210739,0.0,0,0.7846646062634378
2024_05_BAL_CIN,2024,5,CIN,BAL,1506.3100276172847,1557.9944448825001,-51.684417265215416,0.5191532872158864,0.0,0,0.365799696744757
2024_05_BUF_HOU,2024,5,HOU,BUF,1499.8199223494523,1578.1426740098116,-78.32275166035924,0.48083641101800495,1.0,1,0.31787990189171755
2024_05_CAR_CHI,2024,5,CHI,CAR,1459.519684238753,1400.3399306983988,59.17975354035411,0.6714688843184967,1.0,1,0.6675913044615449
2024_05_CLE_WAS,2024,5,WAS,CLE,1471.208105903603,1498.8181219952753,-27.610016091672378,0.5536017436536331,1.0,1,0.7393781021801441
2024_05_DAL_PIT,2024,5,PIT,DAL,1543.9090764956757,1553.6295902541215,-9.720513758445804,0.5788890024276854,0.0,0,0.5159751461775786
2024_05_GB_LA,2024,5,LA,GB,1499.5943294266367,1517.3625472679773,-17.76821784134063,0.5675563458450397,0.0,0,0.3974016386356313
2024_05_IND_JAX,2024,5,JAX,IND,1456.1228119979012,1481.5805686658946,-25.457756667993408,0.5566614263215394,1.0,1,0.3864451660480691
2024_05_LV_DEN,2024,5,DEN,LV,1482.725365651364,1487.7250663731252,-4.999700721761201,0.5854990967741623,1.0,1,0.6118650555953948
2024_05_MIA_NE,2024,5,NE,MIA,1445.0798039876925,1501.7293934803836,-56.64958949269112,0.5120148933308124,0.0,0,0.4142022159395344
2024_05_NO_KC,2024,5,KC,NO,1593.8985316632559,1499.636813507037,94.26171815621888,0.7143864002509923,1.0,1,0.4315793469187244
2024_05_NYG_SEA,2024,5,SEA,NYG,1528.0422920161318,1455.129202230624,72.91308978550774,0.6886663129459608,0.0,0,0.6984606738455111
2024_05_NYJ_MIN,2024,5,MIN,NYJ,1542.0833867710878,1465.6021934475505,76.48119332353735,0.6930529650312343,1.0,1,0.6736328278376512
2024_05_TB_ATL,2024,5,ATL,TB,1466.3594412645823,1525.602050573918,-59.24260930933565,0.5082847929119938,1.0,1,0.42490858396661424
2024_06_ARI_GB,2024,6,GB,ARI,1528.713674184878,1438.0334121534813,90.68026203139675,0.7101613124691111,1.0,1,0.6536168766878676
2024_06_ATL_CAR,2024,6,CAR,ATL,1393.7693083847687,1476.1937454063425,-82.4244370215738,0.4749452216428507,0.0,0,0.3108609306772147
2024_06_BUF_NYJ,2024,6,NYJ,BUF,1459.4632527481751,1567.7594022301716,-108.29614948199651,0.4380123739472094,0.0,0,0.26255583137482913
2024_06_CIN_NYG,2024,6,NYG,CIN,1468.9025284895433,1495.926961872967,-27.024433383423684,0.554434628586128,0.0,0,0.3648076128563295
2024_06_CLE_PHI,2024,6,PHI,CLE,1539.4838173073651,1489.890156868348,49.593660439017185,0.6591826905541286,1.0,1,0.7080012149794289
2024_06_DET_DAL,2024,6,DAL,DET,1565.2073703026751,1542.5316536185974,22.67571668407777,0.6235636797089303,0.0,0,0.44674882856998605
2024_06_HOU_NE,2024,6,NE,HOU,1434.8395061210763,1510.2031941290923,-75.36368800801597,0.4850898760075418,0.0,0,0.30930945308782665
2024_06_IND_TEN,2024,6,TEN,IND,1452.1433587429053,1472.7137971923253,-20.570438449419953,0.5635930122130783,0.0,0,0.3882282320940937
2024_06_JAX_CHI,2024,6,CHI,JAX,1466.090306552383,1464.9895834714705,1.1007230809125303,0.593995222350107,1.0,1,0.6301414995063574
2024_06_LAC_DEN,2024,6,DEN,LAC,1491.0153837158807,1468.4577265556238,22.557657160256895,0.6234041412069795,0.0,0,0.5076406593704241
2024_06_PIT_LV,2024,6,LV,PIT,1479.4350483086084,1532.331296447122,-52.896248138513556,0.5174116558459323,0.0,0,0.34761896469046527
2024_06_SF_SEA,2024,6,SEA,SF,1514.2689657572125,1541.384654851988,-27.115689094775462,0.5543048539143022,0.0,0,0.3745986683856049
2024_06_TB_NO,2024,6,NO,TB,1493.9245415120567,1515.7677464321578,-21.843204920101016,0.561790151519804,0.0,0,0.632995175635068
2024_06_WAS_BAL,2024,6,BAL,WAS,1568.3775106268179,1480.1360710305303,88.24143959628759,0.707263132515988,1.0,1,0.6218194337720311
2024_07_BAL_TB,2024,7,TB,BAL,1527.0035494625538,1574.232247976498,-47.22869851394421,0.5255526779539164,0.0,0,0.4040590239777148
2024_07_CAR_WAS,2024,7,WAS,CAR,1474.2813336808501,1384.2704039519117,90.01092972893844,0.7093676019788272,1.0,1,0.8432926927536009
2024_07_CIN_CLE,2024,7,CLE,CIN,1483.0738106794306,1507.0156544446895,-23.94184376525891,0.5588139064893243,0.0,0,0.29326186503997753
2024_07_DEN_NO,2024,7,NO,DEN,1482.6887384816607,1478.547300891741,4.141437589919633,0.5982094736110384,0.0,0,0.616318112232878
2024_07_DET_MIN,2024,7,MIN,DET,1548.2223274704631,1555.002927212776,-6.780599742312916,0.5830089569936737,0.0,0,0.3841123445231092
2024_07_HOU_GB,2024,7,GB,HOU,1534.510447935496,1519.9049916492431,14.605456286252775,0.6125979587953105,1.0,1,0.6139442986018037
2024_07_KC_SF,2024,7,SF,KC,1552.470751930274,1599.6108036582361,-47.140051727962145,0.5256799160823463,0.0,0,0.6357468485461049
2024_07_LAC_ARI,2024,7,ARI,LAC,1432.2366384028635,1480.9258093797635,-48.68917097689996,0.5234559404077108,1.0,1,0.4535975304169639
2024_07_LV_LA,2024,7,LA,LV,1488.243202509736,1469.0868151916898,19.1563873180462,0.6187964995264559,1.0,1,0.6701757070769878
2024_07_MIA_IND,2024,7,IND,MIA,1483.9856574365867,1511.9696913469998,-27.984033910413018,0.5530696134814069,1.0,1,0.6421578965568422
2024_07_NE_JAX,2024,7,JAX,NE,1456.8694879184727,1425.1377086009254,31.731779317547307,0.6357194142317464,1.0,1,0.6510827834947084
2024_07_NYJ_PIT,2024,7,PIT,NYJ,1542.6795295640406,1450.703005269231,91.97652429480968,0.7116947970038598,1.0,1,0.6239224520814027
2024_07_PHI_NYG,2024,7,NYG,PHI,1457.8138359178208,1546.3001634962825,-88.48632757846167,0.466251847582999,0.0,0,0.37158181734267187
2024_07_SEA_ATL,2024,7,ATL,SEA,1485.6926498391995,1503.1828686789265,-17.49021883972705,0.5679490725233624,0.0,0,0.5538194613089827
2024_07_TEN_BUF,2024,7,BUF,TEN,1576.5196497091158,1440.8714984986439,135.64815121047195,0.7604273022787452,1.0,1,0.8102599075262219
2024_08_ARI_MIA,2024,8,MIA,ARI,1503.031083616628,1441.7675195947093,61.26356402191868,0.6741095824944361,0.0,0,0.4738213329010424
2024_08_ATL_TB,2024,8,TB,ATL,1516.4924959034754,1474.3336683887321,42.15882751474328,0.649503111375978,0.0,0,0.6040933349231958
2024_08_BAL_CLE,2024,8,CLE,BAL,1471.8975325496442,1584.7433015355764,-112.84576898593218,0.4315763945326518,1.0,1,0.17832312146819512
2024_08_BUF_SEA,2024,8,SEA,BUF,1514.5418501293939,1581.311103663541,-66.76925353414708,0.497453861500148,0.0,0,0.3105413059450235
2024_08_CAR_DEN,2024,8,DEN,CAR,1490.511490363962,1378.4577559914883,112.05373437247363,0.7348173680210924,1.0,1,0.7917724607022619
2024_08_CHI_WAS,2024,8,WAS,CHI,1480.0939816412736,1474.2104021053808,5.88357953589275,0.6006174989416248,1.0,1,0.6658848753455633
2024_08_DAL_SF,2024,8,SF,DAL,1541.957153608627,1552.7360967084965,-10.778943099869366,0.5774030089518509,1.0,1,0.7464743903177353
2024_08_GB_JAX,2024,8,JAX,GB,1464.1550996338378,1542.2584887595897,-78.10338912575185,0.48115164293110807,0.0,0,0.32340354446100605
2024_08_IND_HOU,2024,8,HOU,IND,1512.1569508251494,1492.9242651669585,19.232685658190803,0.6189000978790451,1.0,1,0.5666347038639404
2024_08_KC_LV,2024,8,LV,KC,1461.462745182219,1610.124401979883,-148.66165679766414,0.38187551055862134,0.0,0,0.23090840202181032
2024_08_MIN_LA,2024,8,LA,MIN,1495.8672725192068,1536.5621483305897,-40.69487581138287,0.5349209384987947,1.0,1,0.4035274718557097
2024_08_NO_LAC,2024,8,LAC,NO,1471.3949281879177,1470.72454900944,0.6703791784777877,0.5933976556851907,1.0,1,0.5777125829767278
2024_08_NYG_PIT,2024,8,PIT,NYG,1548.4456336239634,1448.4887989661609,99.95683465780257,0.7210282651224734,1.0,1,0.7382431219740647
2024_08_NYJ_NE,2024,8,NE,NYJ,1417.8520968855603,1444.9369012093082,-27.084804323747903,0.5543487759514757,1.0,1,0.3656768919811952
2024_08_PHI_CIN,2024,8,CIN,PHI,1518.191932574476,1555.6252004479425,-37.43326787346655,0.5395886761226302,0.0,0,0.5028750771198184
2024_08_TEN_DET,2024,8,DET,TEN,1566.6631063526495,1436.0800445442187,130.58306180843078,0.7550752895317783,1.0,1,0.8290658715225216
2024_09_CHI_ARI,2024,9,ARI,CHI,1455.249711244598,1466.2227520842132,-10.973040839615123,0.5771303503932506,1.0,1,0.5000692705869555
2024_09_DAL_ATL,2024,9,ATL,DAL,1487.3237306162516,1544.2841568875335,-56.960426271281904,0.511567812057661,1.0,1,0.6345011557422103
2024_09_DEN_BAL,2024,9,BAL,DEN,1573.3748294262293,1495.81514300354,77.55968642268931,0.6943720760226182,1.0,1,0.736341325759048
2024_09_DET_GB,2024,9,GB,DET,1551.8815216182118,1571.5616005620138,-19.680078943802073,0.5648532018788149,0.0,0,0.43086953689679636
2024_09_HOU_NYJ,2024,9,NYJ,HOU,1436.0238767283377,1519.7789488675685,-83.75507213923083,0.4730354679682526,1.0,1,0.4516935628227459
2024_09_IND_MIN,2024,9,MIN,IND,1527.2605671005656,1485.3022671245394,41.95829997602618,0.6492402843441056,1.0,1,0.6065545130589323
2024_09_JAX_PHI,2024,9,PHI,JAX,1566.416973970395,1454.5320667752158,111.88490719517927,0.7346279498530036,1.0,1,0.7191145547540342
2024_09_LAC_CLE,2024,9,CLE,LAC,1483.2660046589913,1479.5269750742139,3.739029584777427,0.5976525778582856,0.0,0,0.3673831865051195
2024_09_LA_SEA,2024,9,SEA,LA,1504.5927728993909,1505.168853749231,-0.576080849840082,0.5916652921560157,0.0,0,0.543590681993576
2024_09_LV_CIN,2024,9,CIN,LV,1507.4001590520234,1453.8252349710465,53.57492408097687,0.6643125285110125,1.0,1,0.7639726946786376
2024_09_MIA_BUF,2024,9,BUF,MIA,1591.260180893544,1489.5488919667391,101.71128892680485,0.7230551924607508,1.0,1,0.842862532979551
2024_09_NE_TEN,2024,9,TEN,NE,1431.1815503348544,1426.7651213665308,4.416428968323544,0.5985898908174561,1.0,1,0.5741000400815484
2024_09_NO_CAR,2024,9,CAR,NO,1373.1541033519102,1462.5925021231437,-89.43839877123355,0.4648882046486947,1.0,1,0.2933522527478573
2024_09_TB_KC,2024,9,KC,TB,1617.7619121910554,1503.502433675956,114.25947851509954,0.7372841829209688,1.0,1,0.5953471640141493
2024_09_WAS_NYG,2024,9,NYG,WAS,1442.9093642686103,1488.0816316624412,-45.17226739383091,0.5285034638529594,0.0,0,0.23805909720667665
2024_10_ATL_NO,2024,10,NO,ATL,1451.8902662161177,1497.0923743750984,-45.202108158980764,0.5284606588903484,1.0,1,0.4615391790496198
2024_10_BUF_IND,2024,10,IND,BUF,1478.2870728114215,1596.799077044329,-118.51200423290743,0.42359325923201213,0.0,0,0.25174565325759996
2024_10_CIN_BAL,2024,10,BAL,CIN,1579.487387905777,1514.113908481803,65.373479423974,0.6792854748188297,1.0,1,0.7214592348381779
2024_10_DEN_KC,2024,10,KC,DEN,1623.016228532636,1489.7025845239923,133.31364400864368,0.7579705465881086,1.0,1,0.6830126388184943
2024_10_DET_HOU,2024,10,HOU,DET,1509.2396582269334,1582.8586645995902,-73.61900637265671,0.48759879660071925,0.0,0,0.3246753981270538
2024_10_MIA_LA,2024,10,LA,MIA,1517.0021595923513,1484.0099958159542,32.99216377639709,0.6373979511520692,0.0,0,0.5908713191589714
2024_10_MIN_JAX,2024,10,JAX,MIN,1449.2246257722759,1534.2757614136835,-85.05113564140765,0.4711760899422995,0.0,0,0.37170108518363365
2024_10_NE_CHI,2024,10,CHI,NE,1457.7653590920781,1418.73691918288,39.02843990919814,0.6453899190418136,0.0,0,0.7008067966790553
2024_10_NYG_CAR,2024,10,CAR,NYG,1383.8563392589363,1432.339294991551,-48.482955732614755,0.5237520466166226,1.0,1,0.3854971842747347
2024_10_NYJ_ARI,2024,10,ARI,NYJ,1463.7071042367331,1446.5631673689727,17.14393686776043,0.6160601041372569,1.0,1,0.5472418849119803
2024_10_PHI_DAL,2024,10,DAL,PHI,1534.5155131286867,1571.724414973335,-37.20890184464815,0.5399095241373754,0.0,0,0.3299149488057179
2024_10_PIT_WAS,2024,10,WAS,PIT,1498.6517009395004,1554.025068321514,-55.37336738201361,0.5138502937967319,0.0,0,0.6497671523337285
2024_10_SF_TB,2024,10,TB,SF,1498.2481173343754,1550.40909342959,-52.160976095214664,0.518468434747674,0.0,0,0.41240581089957756
2024_10_TEN_LAC,2024,10,LAC,TEN,1491.4800266313796,1439.2097525185052,52.270274112874404,0.6626356890169874,1.0,1,0.7097922670151727
2024_11_ATL_DEN,2024,11,DEN,ATL,1484.8619954557544,1487.6615875529053,-2.799592097150935,0.5885693607649605,1.0,1,0.46629323280241447
2024_11_BAL_PIT,2024,11,PIT,BAL,1564.3020741974487,1585.9016784094003,-21.5996042119516,0.562135337222523,1.0,1,0.3258246817776335
2024_11_CIN_LAC,2024,11,LAC,CIN,1498.2273128510399,1507.6996179781797,-9.472305127139862,0.5792372719226686,1.0,1,0.5419133215535377
2024_11_CLE_NO,2024,11,NO,CLE,1461.3210530383108,1471.3129531018255,-9.991900063514777,0.5785081217454069,1.0,1,0.6558562927484771
2024_11_GB_CHI,2024,11,CHI,GB,1444.8575607112418,1540.5844575806354,-95.72689686939361,0.45589536870400044,0.0,0,0.35574763846994123
2024_11_HOU_DAL,2024,11,DAL,HOU,1523.7173226459392,1499.487682294919,24.22964035102018,0.6256610497509941,0.0,0,0.3934925166595853
2024_11_IND_NYJ,2024,11,NYJ,IND,1438.884369451718,1469.8152076267813,-30.9308381750634,0.5488729186913567,0.0,0,0.5234327979653177
2024_11_JAX_DET,2024,11,DET,JAX,1592.6106405316045,1439.80110397343,152.8095365581746,0.7779591219398989,1.0,1,0.8006192522711505
2024_11_KC_BUF,2024,11,BUF,KC,1605.270942228969,1627.856817600874,-22.585875371904876,0.5607374089720926,1.0,1,0.6654538944757475
2024_11_LA_NE,2024,11,NE,LA,1431.6447175637163,1504.25420056931,-72.60948300559357,0.4890508243511075,0.0,0,0.39592228199549284
2024_11_LV_MIA,2024,11,MIA,LV,1496.7579548389956,1447.1114855412668,49.6464692977288,0.6592509824074695,1.0,1,0.6990547701453061
2024_11_MIN_TEN,2024,11,TEN,MIN,1432.462466298845,1543.6992832125295,-111.2368169136846,0.43384992510628817,0.0,0,0.3199590478688705
2024_11_SEA_SF,2024,11,SF,SEA,1560.7784621245435,1492.7594670562705,68.01899506827294,0.6825940764407725,0.0,0,0.7567862977360597
2024_11_WAS_PHI,2024,11,PHI,WAS,1582.5226054560824,1488.3746950635657,94.14791039251668,0.7142527097243552,1.0,1,0.5278670616396371
2024_12_ARI_SEA,2024,12,SEA,ARI,1506.411348585086,1471.385902153988,35.02544643109809,0.6400987457658884,1.0,1,0.4594890461759329
2024_12_BAL_LAC,2024,12,LAC,BAL,1506.6425674125865,1577.1443851538509,-70.5018177412644,0.49208290956345124,0.0,0,0.3293342363804051
2024_12_DAL_WAS,2024,12,WAS,DAL,1482.659749258053,1511.2041016509193,-28.544352392866358,0.5522721986731032,0.0,0,0.7803925376825936
2024_12_DEN_LV,2024,12,LV,DEN,1440.2965051894162,1493.0906082404551,-52.794103051038974,0.5175584746761505,0.0,0,0.29022055408053904
2024_12_DET_IND,2024,12,IND,DET,1480.7926660006085,1597.0514580928066,-116.25879209219806,0.4267632674766746,0.0,0,0.233210626031103
2024_12_KC_CAR,2024,12,CAR,KC,1393.3812983266039,1619.0715657803157,-225.69026745371184,0.2839386739667848,0.0,0,0.20062143991555487
2024_12_MIN_CHI,2024,12,CHI,MIN,1435.7396533371618,1552.3762817146553,-116.63662837749348,0.42623126817866974,0.0,0,0.4085808593705189
2024_12_NE_MIA,2024,12,MIA,NE,1503.5729351908462,1421.8637010766943,81.70923411415197,0.6994176369983103,1.0,1,0.6586213613811172
2024_12_PHI_LA,2024,12,LA,PHI,1514.035217056332,1588.2375512615952,-74.20233420526324,0.48675987250290015,0.0,0,0.3623527593187686
2024_12_PIT_CLE,2024,12,CLE,PIT,1462.8831155367336,1573.0593674529982,-110.17625191626462,0.4353500871054002,1.0,1,0.34391873928283295
2024_12_SF_GB,2024,12,GB,SF,1549.7023649547154,1547.126580595728,2.5757843589874483,0.5960413407699309,1.0,1,0.44253299848719607
2024_12_TB_NYG,2024,12,NYG,TB,1422.8143359238834,1487.878748639422,-65.06441271553854,0.49990730265193817,0.0,0,0.3403538185733977
2024_12_TEN_HOU,2024,12,HOU,TEN,1512.000903289939,1423.785467796719,88.21543549321996,0.7072321390967301,0.0,0,0.6888638814464676
2024_13_ARI_MIN,2024,13,MIN,ARI,1560.9009070782288,1464.1878770693056,96.71303000892317,0.7172568325138524,1.0,1,0.597148397160499
2024_13_CHI_DET,2024,13,DET,CHI,1605.5867234423401,1427.2150279735883,178.3716954687518,0.8023361969521012,1.0,1,0.8000560879888948
2024_13_CLE_DEN,2024,13,DEN,CLE,1503.4417777339781,1474.1761137946255,29.265663939352635,0.6324255868281311,1.0,1,0.6990112796996579
2024_13_HOU_JAX,2024,13,JAX,HOU,1435.3602864122279,1497.8562605080044,-62.495974095776546,0.5036035205570812,0.0,0,0.3601453237485797
2024_13_IND_NE,2024,13,NE,IND,1415.8520538166604,1472.257400651075,-56.40534683441456,0.5123661778157569,0.0,0,0.42719678997909305
2024_13_LAC_ATL,2024,13,ATL,LAC,1479.4329747682045,1496.8009092213174,-17.367934453112866,0.5681217955553579,0.0,0,0.4946735763858055
2024_13_LA_NO,2024,13,NO,LA,1469.7508906034027,1504.300019606274,-34.54912900287127,0.5437104614152442,0.0,0,0.5480038100862903
2024_13_LV_KC,2024,13,KC,LV,1624.7503392596514,1429.9453356958932,194.8050035637582,0.8169110060343223,1.0,1,0.8241606643907985
2024_13_MIA_GB,2024,13,GB,MIA,1557.7815381393168,1509.5845824508801,48.196955688436674,0.6573740944642826,1.0,1,0.6686065385462721
2024_13_NYG_DAL,2024,13,DAL,NYG,1522.2495456243814,1412.8161898708447,109.43335575353672,0.7318676739387089,1.0,1,0.5500813270766495
2024_13_PHI_BAL,2024,13,BAL,PHI,1586.98604334512,1597.9727487116531,-10.986705366533215,0.5771111533933692,0.0,0,0.6123799987935089
2024_13_PIT_CIN,2024,13,CIN,PIT,1499.2843634166331,1561.7663691951063,-62.482005778473194,0.5036236215316161,0.0,0,0.559962090537044
2024_13_SEA_NYJ,2024,13,NYJ,SEA,1427.9069110778908,1513.6093736697683,-85.70246259187752,0.47024197217581676,0.0,0,0.49419998286391853
2024_13_SF_BUF,2024,13,BUF,SF,1614.0561940495272,1539.0474074111266,75.00878663840058,0.691246947526424,1.0,1,0.6154189744333765
2024_13_TB_CAR,2024,13,CAR,TB,1387.7025248472683,1497.8768946924606,-110.17436984519236,0.4353527503430534,0.0,0,0.24123031014892946
2024_13_TEN_WAS,2024,13,WAS,TEN,1471.6143052845907,1437.9301105786537,33.68419470593699,0.6383181546956574,1.0,1,0.7349089844561149
2024_14_ATL_MIN,2024,14,MIN,ATL,1566.5557704279518,1468.0705388570973,98.48523157085447,0.7193211209275884,1.0,1,0.6113789043386371
2024_14_BUF_LA,2024,14,LA,BUF,1515.1742288345788,1620.2312550989986,-105.05702626441985,0.4426073786125182,1.0,1,0.27901079171416265
2024_14_CAR_PHI,2024,14,PHI,CAR,1609.5149717795205,1378.9954698404072,230.5195019391133,0.8456844802958373,1.0,1,0.8466146498252078
2024_14_CHI_SF,2024,14,SF,CHI,1532.8723463616552,1423.2617519126304,109.6105944490248,0.7320678412786353,1.0,1,0.6822364779521073
2024_14_CIN_DAL,2024,14,DAL,CIN,1527.6121921456072,1489.2118909860008,38.40030115960644,0.6445619531670241,0.0,0,0.3570441753050029
2024_14_CLE_PIT,2024,14,PIT,CLE,1571.8388416257387,1466.824625531188,105.01421609455065,0.7268463200449254,1.0,1,0.704808020405645
2024_14_GB_DET,2024,14,DET,GB,1609.539999503298,1564.634056250031,44.90594325326697,0.6530945089449148,1.0,1,0.6521920517471631
2024_14_JAX_TEN,2024,14,TEN,JAX,1430.696473672567,1425.2882160010863,5.408257671480669,0.5999609761424323,0.0,0,0.5301430933412429
2024_14_LAC_KC,2024,14,KC,LAC,1628.412119138965,1508.1633451324246,120.24877400654032,0.7439074375133315,1.0,1,0.6148178272170612
2024_14_LV_TB,2024,14,TB,LV,1506.5839496993217,1426.2835558165796,80.30039388274213,0.6977099114738463,1.0,1,0.7710486564504673
2024_14_NO_NYG,2024,14,NYG,NO,1407.453543349619,1458.8766813750979,-51.42313802547892,0.5195287356247721,0.0,0,0.3717596789622018
2024_14_NYJ_MIA,2024,14,MIA,NYJ,1502.7320643401658,1418.5020716343745,84.22999270579135,0.7024593941266232,1.0,1,0.6206720421823492
2024_14_SEA_ARI,2024,14,ARI,SEA,1458.5330137195826,1523.0142131132845,-64.4811993937019,0.5007466135340208,0.0,0,0.5652161306727356
2024_15_ATL_LV,2024,15,LV,ATL,1420.2377540460566,1462.456961275649,-42.219207229592485,0.5327372947114677,0.0,0,0.357879356550322
2024_15_BAL_NYG,2024,15,NYG,BAL,1397.0629686371235,1575.4438202772526,-178.3808516401291,0.34238751541016177,0.0,0,0.17435105855953872
2024_15_BUF_DET,2024,15,DET,BUF,1616.4781093243998,1609.083402671249,7.394706653150934,0.6027022827506412,0.0,0,0.5100180322596484
2024_15_CHI_MIN,2024,15,MIN,CHI,1572.1693480094,1417.9031087382032,154.2662392711968,0.779404237973134,1.0,1,0.6703419199847899
2024_15_CIN_TEN,2024,15,TEN,CIN,1418.6972541497184,1502.1031300493412,-83.40587589962274,0.4735365672040937,0.0,0,0.34455122507322405
2024_15_DAL_CAR,2024,15,CAR,DAL,1375.9091594463239,1514.7209530822668,-138.81179363594288,0.3953460534211746,0.0,0,0.4561700125167775
2024_15_GB_SEA,2024,15,SEA,GB,1533.029145383965,1557.6959464289293,-24.66680104496436,0.5577847933830815,0.0,0,0.3887607610353485
2024_15_IND_DEN,2024,15,DEN,IND,1510.7932659974156,1482.5047242073902,28.28854179002542,0.6311170627307318,1.0,1,0.6252412298306907
2024_15_KC_CLE,2024,15,CLE,KC,1461.3615519320865,1633.5339703886984,-172.17241845661192,0.350479078556118,0.0,0,0.30444447829347093
2024_15_LA_SF,2024,15,SF,LA,1538.2309895360825,1526.3220812623285,11.908908273753923,0.6089077384578243,0.0,0,0.6701872056932533
2024_15_MIA_HOU,2024,15,HOU,MIA,1507.928330919146,1508.6828764576335,-0.7545455384874913,0.5914170695979636,1.0,1,0.541512153774547
2024_15_NE_ARI,2024,15,ARI,NE,1448.5180814489022,1405.6047302603451,42.913351188557044,0.650491235201556,1.0,1,0.6628040327833569
2024_15_NYJ_JAX,2024,15,JAX,NYJ,1437.2874355239348,1412.5512595169068,24.736176007028007,0.6263437191693764,0.0,0,0.49581407972866004
2024_15_PIT_PHI,2024,15,PHI,PIT,1612.6012821736037,1577.3019152248403,35.29936694876346,0.6404619196228415,1.0,1,0.6582988819283369
2024_15_TB_LAC,2024,15,LAC,TB,1503.0414938826912,1512.6297514698447,-9.588257587153521,0.5790745850990368,0.0,0,0.4773189500472453
2024_15_WAS_NO,2024,15,NO,WAS,1469.2672560875933,1478.8479421906775,-9.58068610308419,0.5790852087762506,0.0,0,0.40240595185499917
2024_16_ARI_CAR,2024,16,CAR,ARI,1368.0022383779003,1455.508256744871,-87.5060183669707,0.4676564625623508,1.0,1,0.310850021154303
2024_16_CLE_CIN,2024,16,CIN,CLE,1511.5738613934232,1454.351970360964,57.2218910324591,0.6689778725714448,1.0,1,0.7356554723726841
2024_16_DEN_LAC,2024,16,LAC,DEN,1491.4600021807105,1518.170924742801,-26.710922562090445,0.554880415413224,1.0,1,0.48987779670188786
2024_16_DET_CHI,2024,16,CHI,DET,1413.4911934976658,1604.4240636693871,-190.93287017172133,0.3263087559164573,0.0,0,0.24845308387045612
2024_16_HOU_KC,2024,16,KC,HOU,1640.543551959821,1516.0999895271866,124.44356243263428,0.7484805333144011,1.0,1,0.6279697616382085
2024_16_JAX_LV,2024,16,LV,JAX,1409.5830081518272,1424.7605611405472,-15.177552988719981,0.5712127995808157,1.0,1,0.43803580226938954
2024_16_LA_NYJ,2024,16,NYJ,LA,1425.0781339002945,1538.500236031485,-113.42210213119051,0.43076270241739073,0.0,0,0.45964314795315286
2024_16_MIN_SEA,2024,16,SEA,MIN,1521.8734495163033,1576.5812632499374,-54.70781373363411,0.5148073155880927,0.0,0,0.41147149766897406
2024_16_NE_BUF,2024,16,BUF,NE,1621.1374483262616,1398.6145549643763,222.52289336188528,0.8395811353298295,1.0,1,0.8592304653231737
2024_16_NO_GB,2024,16,GB,NO,1568.851642296591,1457.6855519120684,111.1660903845227,0.7338204958895482,1.0,1,0.6820007847331989
2024_16_NYG_ATL,2024,16,ATL,NYG,1473.1117071698784,1390.2152183289202,82.89648884095823,0.7008524869735463,1.0,1,0.6833417351392197
2024_16_PHI_WAS,2024,16,WAS,PHI,1490.4296463662024,1619.792043781147,-129.36239741494455,0.40842027178061746,1.0,1,0.45958534851290966
2024_16_PIT_BAL,2024,16,BAL,PIT,1582.291570585456,1570.111153617297,12.180416968158852,0.6092798697143088,1.0,1,0.7612922217003466
2024_16_SF_MIA,2024,16,MIA,SF,1500.5112178495929,1526.052834766926,-25.541616917333158,0.55654228830505,1.0,1,0.4007225713607686
2024_16_TB_DAL,2024,16,DAL,TB,1522.6278741506903,1524.2112431718253,-1.583369021135013,0.5902636682430619,1.0,1,0.3425431953736401
2024_16_TEN_IND,2024,16,IND,TEN,1475.1270654620048,1409.2265228056365,65.90054265636832,0.6799460965726194,1.0,1,0.594646666795871
2024_17_ARI_LA,2024,17,LA,ARI,1547.1154900798329,1444.861385996118,102.25410408371476,0.7236804650599948,1.0,1,0.5438048294434135
2024_17_ATL_WAS,2024,17,WAS,ATL,1502.26124093059,1479.0946574304076,23.16658350018247,0.6242267198259173,1.0,1,0.6395373744216631
2024_17_BAL_HOU,2024,17,HOU,BAL,1511.0696001934746,1590.1059731911698,-79.03637299769525,0.4798110181341977,0.0,0,0.27624793313271545
2024_17_CAR_TB,2024,17,TB,CAR,1516.0165165366866,1378.6491091266532,137.36740741003337,0.7622256342785816,1.0,1,0.7893806268404737
2024_17_DAL_PHI,2024,17,PHI,DAL,1607.9604492167593,1530.822600785829,77.13784843093026,0.693856501455536,1.0,1,0.7667325353329024
2024_17_DEN_CIN,2024,17,CIN,DEN,1518.1943039419943,1509.2685330510653,8.925770890929016,0.6048107762945694,1.0,1,0.572851012086159
2024_17_DET_SF,2024,17,SF,DET,1517.183680533027,1610.9502387877162,-93.76655825468924,0.4586959358382594,0.0,0,0.4201316962847832
2024_17_GB_MIN,2024,17,MIN,GB,1586.8774095616993,1574.1752323788,12.702177182899277,0.6099946398957522,1.0,1,0.45086167265825366
2024_17_IND_NYG,2024,17,NYG,IND,1384.232268068391,1481.5281435305524,-97.29587546216135,0.4536559030627061,1.0,1,0.3848464566066114
2024_17_KC_PIT,2024,17,PIT,KC,1562.2967510115832,1645.573941293533,-83.27719028194974,0.47372124553272127,0.0,0,0.41966532981887156
2024_17_LAC_NE,2024,17,NE,LAC,1395.406177670973,1500.362393872446,-104.95621620147313,0.44275054923089574,0.0,0,0.3956241296297332
2024_17_LV_NO,2024,17,NO,LV,1452.3619618298594,1418.158752160211,34.20320966964846,0.6390076316016716,0.0,0,0.6689143338909164
2024_17_MIA_CLE,2024,17,CLE,MIA,1447.7315278123929,1509.380372083492,-61.64884427109905,0.504822551213596,0.0,0,0.3486179123845699
2024_17_NYJ_BUF,2024,17,BUF,NYJ,1624.345825619665,1416.4628798519466,207.8829457677184,0.8279033962665595,1.0,1,0.8103525685051004
2024_17_SEA_CHI,2024,17,CHI,SEA,1406.9650183793367,1511.5773032045413,-104.6122848252046,0.44323907259406053,0.0,0,0.48003284271554175
2024_17_TEN_JAX,2024,17,JAX,TEN,1416.1848171321635,1402.825444737089,13.359372395074615,0.6108942731136217,1.0,1,0.556020970636331
2024_18_BUF_NE,2024,18,NE,BUF,1386.5511666863551,1627.7877576943338,-241.23659100797863,0.2661002408580055,1.0,1,0.16110018467309187
2024_18_CAR_ATL,2024,18,ATL,CAR,1471.5791918269258,1373.8936218122249,97.68557001470094,0.7183908008977467,0.0,0,0.7124495729897709
2024_18_CHI_GB,2024,18,GB,CHI,1566.375125176715,1398.1002369274554,168.27488824925967,0.7929562950416468,0.0,0,0.7458538551052403
2024_18_CIN_PIT,2024,18,PIT,CIN,1552.8223261009286,1526.0980884161029,26.724237684825766,0.6290181929059466,0.0,0,0.4322225200783634
2024_18_CLE_BAL,2024,18,BAL,CLE,1599.7021935538537,1437.6350767881208,162.06711676573286,0.7870280454529346,1.0,1,0.8854990310571429
2024_18_HOU_TEN,2024,18,TEN,HOU,1395.0433301993614,1501.4733798307907,-106.43004963142926,0.4406583676937352,0.0,0,0.422747057217157
2024_18_JAX_IND,2024,18,IND,JAX,1470.6012615918064,1423.966931669891,46.63432992191542,0.6553452172925354,1.0,1,0.5680018817169835
2024_18_KC_DEN,2024,18,DEN,KC,1501.3647485769568,1655.0483662041875,-153.68361762723066,0.3750753976982088,1.0,1,0.4405468269057818
2024_18_LAC_LV,2024,18,LV,LAC,1430.9389047922443,1509.217404857064,-78.27850006481958,0.4809000009444027,0.0,0,0.3384817638238752
2024_18_MIA_NYJ,2024,18,NYJ,MIA,1413.0209477772778,1519.476823107764,-106.45587533048615,0.4406217253606643,1.0,1,0.4228802531066366
2024_18_MIN_DET,2024,18,DET,MIN,1620.1241575044814,1594.6775167637843,25.44664074069715,0.6273003806375367,1.0,1,0.6758498312509986
2024_18_NO_TB,2024,18,TB,NO,1520.772003851115,1439.581809197826,81.19019465328893,0.6987891234175699,1.0,1,0.7066551083438649
2024_18_NYG_PHI,2024,18,PHI,NYG,1614.0833191876486,1395.159150007137,218.92416918051163,0.8367713530294312,1.0,1,0.839132537359366
2024_18_SEA_LA,2024,18,LA,SEA,1552.6418807786329,1520.4420846564226,32.19979612221027,0.6363430910679884,0.0,0,0.5804750415639107
2024_18_SF_ARI,2024,18,ARI,SF,1439.334995297318,1508.0097618162617,-68.67476651894367,0.49471178306567704,1.0,1,0.40209401713628
2024_18_WAS_DAL,2024,18,DAL,WAS,1524.6997308149398,1509.7767065340718,14.923024280868049,0.6130317096748967,0.0,0,0.32743024433513557
