game_id,season,week,home_team,away_team,home_win,selected_prob_v3,fixed_prob_v3,selected_c_v3,selected_prob_v4_a,fixed_prob_v4_a,selected_c_v4_a,selected_prob_v4_b,fixed_prob_v4_b,selected_c_v4_b,selected_prob_v4_c,fixed_prob_v4_c,selected_c_v4_c
2022_01_BAL_NYJ,2022,1,NYJ,BAL,0,0.3896797567640331,0.3830956416767421,0.1,0.3659051227737844,0.34328369666799285,0.01,0.3669803512747496,0.3330381498789583,0.01,0.33348785392052,0.28001738720592995,0.01
2022_01_BUF_LA,2022,1,LA,BUF,0,0.4250783591805743,0.4206982383178104,0.1,0.400188159853625,0.3919258750781972,0.01,0.37001170809121225,0.33555485560694,0.01,0.3756397069089731,0.3534499375774261,0.01
2022_01_CLE_CAR,2022,1,CAR,CLE,0,0.39537764809944526,0.3886128864846892,0.1,0.40944958307286683,0.4051266759635431,0.01,0.4097500894086176,0.40676484925441597,0.01,0.4128629637000792,0.40669822478793727,0.01
2022_01_DEN_SEA,2022,1,SEA,DEN,1,0.5153905927414123,0.5158054687433559,0.1,0.47624977570644483,0.4532046349524549,0.01,0.4875087210053523,0.46907683801420175,0.01,0.47377948836435685,0.4384628741133625,0.01
2022_01_GB_MIN,2022,1,MIN,GB,1,0.4156399371641337,0.41006396963452696,0.1,0.3823234105878398,0.3434738324229441,0.01,0.3863708044542602,0.34309866538031886,0.01,0.3833682736985963,0.3369030541468975,0.01
2022_01_JAX_WAS,2022,1,WAS,JAX,1,0.5650988812851985,0.568098718719606,0.1,0.5583855910943714,0.5678312206315693,0.01,0.5899653735872196,0.6153256227474427,0.01,0.5970836919848248,0.6224583887286047,0.01
2022_01_KC_ARI,2022,1,ARI,KC,0,0.4830415863155939,0.48109726271361775,0.1,0.4542587570939992,0.41629675679035766,0.01,0.47167078630899284,0.4486678992312531,0.01,0.46471150204357203,0.42149484380920005,0.01
2022_01_LV_LAC,2022,1,LAC,LV,1,0.6182599733164887,0.6243865964949276,0.1,0.606422854535012,0.606344072401655,0.01,0.592626140594625,0.5690592746819154,0.01,0.5782831957751968,0.5517105702906402,0.01
2022_01_NE_MIA,2022,1,MIA,NE,1,0.37369759447434214,0.3661954678915553,0.1,0.35364976836209094,0.3306806228835418,0.01,0.35208547561886605,0.3329805627522107,0.01,0.34877305650244117,0.3206069860940856,0.01
2022_01_NO_ATL,2022,1,ATL,NO,0,0.3863552372094434,0.3802120197873033,0.1,0.3731530261325839,0.34791767968202725,0.01,0.390582086848755,0.37483318770485546,0.01,0.4271271205800096,0.42698329183924755,0.01
2022_01_NYG_TEN,2022,1,TEN,NYG,0,0.7008374545760204,0.7105765893647956,0.1,0.6953409850544071,0.6998548083219167,0.01,0.6937166643633025,0.7068955939119261,0.01,0.6772782972200349,0.6788643548877715,0.01
2022_01_PHI_DET,2022,1,DET,PHI,0,0.344653476458128,0.3359648220870083,0.1,0.35078047419886027,0.3106873447850239,0.01,0.3583288440081814,0.326361427226612,0.01,0.34801897322152714,0.3185040860474372,0.01
2022_01_PIT_CIN,2022,1,CIN,PIT,0,0.6419040474261531,0.6491637651099975,0.1,0.6295016157592501,0.6387818623932643,0.01,0.5998954560476812,0.5949933929644602,0.01,0.600151565173503,0.5978474913440354,0.01
2022_01_SF_CHI,2022,1,CHI,SF,1,0.313319412652281,0.3031576685543044,0.1,0.33102469006706775,0.3190749466195708,0.01,0.3230164247944827,0.31447360204087016,0.01,0.33163192869796626,0.3218148319533311,0.01
2022_01_TB_DAL,2022,1,DAL,TB,0,0.477018247521085,0.4750268099717123,0.1,0.47742401297374315,0.45883705834425276,0.01,0.5081736007998848,0.5170820768643449,0.01,0.4981319869798813,0.504827466891387,0.01
2022_02_ARI_LV,2022,2,LV,ARI,0,0.41542207897920874,0.4098158623151741,0.1,0.4643958190264846,0.5115922320964449,0.01,0.37905264174624875,0.39908212529002063,0.01,0.38957655882863723,0.4224097131365567,0.01
2022_02_ATL_LA,2022,2,LA,ATL,1,0.6023856777070975,0.6074016408105871,0.1,0.5960220248270633,0.6045297226549691,0.01,0.5664772458254357,0.5596769935967822,0.01,0.573701543912073,0.5775358921788355,0.01
2022_02_CAR_NYG,2022,2,NYG,CAR,1,0.45810999666223867,0.4553779724203263,0.1,0.4457587761366459,0.45898205000721903,0.01,0.44587576623480646,0.44147032300202316,0.01,0.45783253881944125,0.4802955369383163,0.01
2022_02_CHI_GB,2022,2,GB,CHI,1,0.6003990739094291,0.605971663770703,0.1,0.6474874653582837,0.6553232074285751,0.01,0.6704869040357281,0.7001691248748781,0.01,0.6929683236486105,0.73736781926914,0.01
2022_02_CIN_DAL,2022,2,DAL,CIN,1,0.5119070254875563,0.5119456482627585,0.1,0.5549050831311387,0.5735753673699853,0.01,0.6231705580651575,0.6713140447285713,0.01,0.6283480006416599,0.6855866928211822,0.01
2022_02_HOU_DEN,2022,2,DEN,HOU,1,0.7055997405621206,0.7156133778065782,0.1,0.7120016127292407,0.7701515768635185,0.01,0.6935069405236988,0.7357941202974655,0.01,0.7007933429827524,0.7465910681034857,0.01
2022_02_IND_JAX,2022,2,JAX,IND,1,0.3442221368249361,0.3358235964183428,0.1,0.38884527641474387,0.3665307905831218,0.01,0.3436327822693887,0.31937852344657497,0.01,0.3304915975063486,0.30848340054166973,0.01
2022_02_LAC_KC,2022,2,KC,LAC,1,0.6188729314275683,0.6252629322023256,0.1,0.6238148181220962,0.6387275476842968,0.01,0.6435829619924963,0.6852041271586778,0.01,0.6493825526182765,0.6907626524020273,0.01
2022_02_MIA_BAL,2022,2,BAL,MIA,0,0.5113114606837746,0.511855132793338,0.1,0.5396900659180702,0.5659308291581289,0.01,0.4791357102510887,0.48673250482755703,0.01,0.5034382009127378,0.523628871422629,0.01
2022_02_MIN_PHI,2022,2,PHI,MIN,1,0.5265229187130983,0.5281048385204012,0.1,0.5849572926672425,0.636886562120365,0.01,0.5682651379241737,0.6321373759152707,0.01,0.588220494570759,0.659816702006148,0.01
2022_02_NE_PIT,2022,2,PIT,NE,0,0.4432355313485115,0.4392660010418308,0.1,0.3777173185721699,0.34962043046332547,0.01,0.40461978167293455,0.3837913553186589,0.01,0.40699901059693816,0.38336308978281586,0.01
2022_02_NYJ_CLE,2022,2,CLE,NYJ,0,0.698484021672839,0.7079281893816287,0.1,0.6977982112000771,0.7289737870518752,0.01,0.708490801330737,0.745408891576139,0.01,0.7468066212091636,0.8013109564105942,0.01
2022_02_SEA_SF,2022,2,SF,SEA,1,0.5462085361205111,0.5479185269865472,0.1,0.598114004675698,0.6050840693461762,0.01,0.5685487634003821,0.5763376450592901,0.01,0.5767381371052578,0.5905114368762324,0.01
2022_02_TB_NO,2022,2,NO,TB,0,0.3470434229562875,0.33841143098535403,0.1,0.3407004026123459,0.30393336795197906,0.01,0.3725019253908577,0.341621190476744,0.01,0.35244495888248173,0.31416381995630305,0.01
2022_02_TEN_BUF,2022,2,BUF,TEN,1,0.6937591247137733,0.7027572801825767,0.1,0.6864647258935004,0.7283616681300717,0.01,0.6806389451178693,0.7147499381306022,0.01,0.7005550858027333,0.7432846023825083,0.01
2022_02_WAS_DET,2022,2,DET,WAS,1,0.47578047649491867,0.47423069146782204,0.1,0.4880993808408756,0.4785034381920681,0.01,0.48533508842124334,0.4807370371739284,0.01,0.5005057376534152,0.5057564962726178,0.01
2022_03_ATL_SEA,2022,3,SEA,ATL,0,0.5681588579767641,0.5713890966812503,0.1,0.5638221557296743,0.6145225568538265,0.01,0.5438266032167386,0.5999400543644594,0.01,0.5309150680715516,0.5845748258108765,0.01
2022_03_BAL_NE,2022,3,NE,BAL,0,0.5334680414154727,0.5341423033551063,0.1,0.5802162347739817,0.5989583874958034,0.01,0.5912000704463287,0.6059554090191618,0.01,0.5672630829750672,0.58159400862819,0.01
2022_03_BUF_MIA,2022,3,MIA,BUF,1,0.31628118119294685,0.3070170882625191,0.1,0.30602803804895895,0.28145489109339744,0.01,0.30293878257361145,0.2856314444472189,0.01,0.288813728105634,0.2642457365012497,0.01
2022_03_CIN_NYJ,2022,3,NYJ,CIN,0,0.3593067195987199,0.35193088549978,0.1,0.36274242372392984,0.3661510677307501,0.01,0.4043429322542089,0.4300103427427688,0.01,0.388768942534855,0.40627346917213614,0.01
2022_03_DAL_NYG,2022,3,NYG,DAL,0,0.3747377007267216,0.3673985097632501,0.1,0.3642957390769224,0.376856831607446,0.01,0.3413636617731868,0.3366456765065151,0.01,0.3602885570420145,0.3600118392992889,0.01
2022_03_DET_MIN,2022,3,MIN,DET,1,0.5698866322065828,0.5727360591424846,0.1,0.5632745859427255,0.553909280387454,0.01,0.5725294566321882,0.5588932074359049,0.01,0.5649821150322679,0.5428308258173132,0.01
2022_03_GB_TB,2022,3,TB,GB,0,0.5879384728469577,0.5911772131682848,0.1,0.5325990753807838,0.5231672134782107,0.01,0.5311426387614399,0.48604625459090467,0.01,0.5282108379810369,0.49033583556653454,0.01
2022_03_HOU_CHI,2022,3,CHI,HOU,1,0.5949140493809588,0.5997674786278668,0.1,0.5528082405709693,0.6104159804302032,0.01,0.4885859626775362,0.5037331697036557,0.01,0.4719952774296,0.4686500500557114,0.01
2022_03_JAX_LAC,2022,3,LAC,JAX,0,0.5995750346779165,0.604774288078942,0.1,0.6017533950552283,0.6357767800481878,0.01,0.593949681079456,0.6178022232348284,0.01,0.5956430454962593,0.6180389765566963,0.01
2022_03_KC_IND,2022,3,IND,KC,1,0.2814418778325498,0.2697537036362892,0.1,0.28961369242683627,0.2597549815276418,0.01,0.28625132965547684,0.24645050548268702,0.01,0.2898734239494168,0.25003043443667317,0.01
2022_03_LA_ARI,2022,3,ARI,LA,0,0.5421627866235894,0.5444200602970302,0.1,0.5360780717700682,0.5297114966028214,0.01,0.5839372093362787,0.605726010627938,0.01,0.558607464762405,0.5498126576718488,0.01
2022_03_LV_TEN,2022,3,TEN,LV,1,0.5161719110327859,0.516472790240861,0.1,0.5101448720105307,0.4684372767406985,0.01,0.5151355808843869,0.4625639900225401,0.01,0.5031013871801245,0.45170141596032326,0.01
2022_03_NO_CAR,2022,3,CAR,NO,1,0.4942973370294324,0.49378941519377995,0.1,0.4925754284219836,0.493725687247781,0.01,0.48163561209340594,0.4966233129074412,0.01,0.5083473743661209,0.5143614933692001,0.01
2022_03_PHI_WAS,2022,3,WAS,PHI,0,0.29567382226959615,0.28494115826625716,0.1,0.30380590717568984,0.2575065268560383,0.01,0.28992875552599695,0.24226511535411122,0.01,0.26280092171276676,0.20654634209026876,0.01
2022_03_PIT_CLE,2022,3,CLE,PIT,1,0.6164318336027839,0.6230336838265748,0.1,0.6461970179406723,0.6789739562129523,0.01,0.6126856926844962,0.650546402735559,0.01,0.604115286887454,0.6363106492065045,0.01
2022_03_SF_DEN,2022,3,DEN,SF,1,0.46761145808216026,0.46551657382829853,0.1,0.47303398457794443,0.5102502116992867,0.01,0.45733732202618366,0.46441009839392483,0.01,0.46798104551060926,0.5007813231715714,0.01
2022_04_ARI_CAR,2022,4,CAR,ARI,0,0.45034904217239397,0.44606100369688734,0.1,0.4570117574215282,0.5170910336313791,0.01,0.41623757424534463,0.46477335851565266,0.01,0.4245936009982707,0.479227962945773,0.01
2022_04_BUF_BAL,2022,4,BAL,BUF,0,0.3167125963220072,0.3077140180482835,0.1,0.3230234516239774,0.2905856168051691,0.01,0.3042556116832587,0.2709838755499392,0.01,0.30882833628875744,0.2850798086865526,0.01
2022_04_CHI_NYG,2022,4,NYG,CHI,1,0.439513426178208,0.4356398715204835,0.1,0.4886520847114135,0.4206558179518698,0.01,0.4857363625954805,0.41438865901638566,0.01,0.5196884707229722,0.4815770022210067,0.01
2022_04_CLE_ATL,2022,4,ATL,CLE,1,0.36489669498423194,0.3570235715280929,0.1,0.3503609581744686,0.29962588043342037,0.01,0.37103623903676364,0.3117326908293201,0.01,0.39227206672082043,0.33618526479070704,0.01
2022_04_DEN_LV,2022,4,LV,DEN,1,0.41065368425290755,0.4058035728148551,0.1,0.43245211200741596,0.3966090773125903,0.01,0.41017912657573374,0.3997093430380794,0.01,0.419524919739712,0.3946596389861371,0.01
2022_04_JAX_PHI,2022,4,PHI,JAX,1,0.6396914630492204,0.646831687441068,0.1,0.6150994074954941,0.6738752520170993,0.01,0.6036151601461998,0.6428724055539591,0.01,0.6245459083553022,0.666816803914146,0.01
2022_04_KC_TB,2022,4,TB,KC,0,0.4131082341945702,0.40647762690716965,0.1,0.4384586611638914,0.44270380781449215,0.01,0.4703170783479908,0.4630954719661234,0.01,0.4941082599545928,0.5187461498213033,0.01
2022_04_LAC_HOU,2022,4,HOU,LAC,0,0.3442625186976807,0.335027884240144,0.1,0.3613203694343511,0.35045017828041697,0.01,0.4146372214093323,0.44232454204337274,0.01,0.4219954294971262,0.45564656129915426,0.01
2022_04_LA_SF,2022,4,SF,LA,1,0.5361589055956061,0.5370343326013255,0.1,0.5384248586380593,0.5520856150166233,0.01,0.5527948810417497,0.581969045647554,0.01,0.5305233434635633,0.5361524548469313,0.01
2022_04_MIA_CIN,2022,4,CIN,MIA,1,0.4652727589540604,0.46196770257059905,0.1,0.4963103553336359,0.49350881971819277,0.01,0.48212737142481704,0.4699838411695019,0.01,0.47491559447695597,0.4649237760724785,0.01
2022_04_MIN_NO,2022,4,NO,MIN,0,0.49283616098928174,0.491001600320131,0.1,0.526306979226312,0.5721259822863937,0.01,0.5163622570963182,0.5707329030528518,0.01,0.49499244461564895,0.535499070938519,0.01
2022_04_NE_GB,2022,4,GB,NE,1,0.5604755589689121,0.5633049119300845,0.1,0.5660614518064231,0.6116259282850802,0.01,0.589630933286581,0.6517149018618776,0.01,0.5910376925071805,0.6452007988767747,0.01
2022_04_NYJ_PIT,2022,4,PIT,NYJ,0,0.6201423079020256,0.6256477575101256,0.1,0.6119808639972445,0.5920378661374714,0.01,0.6267437865747975,0.5987090830128813,0.01,0.6507247253044827,0.6325259551264252,0.01
2022_04_SEA_DET,2022,4,DET,SEA,0,0.49977208729523304,0.49930765677713806,0.1,0.4831760311463025,0.4689848799882937,0.01,0.44570710710765815,0.40132444300716463,0.01,0.4460657943465812,0.40578964279028895,0.01
2022_04_TEN_IND,2022,4,IND,TEN,0,0.49316551068332626,0.49187656714487554,0.1,0.46843627122898507,0.49377974840031913,0.01,0.5042850056259759,0.5383581259925916,0.01,0.5096154215114221,0.5450281420469003,0.01
2022_04_WAS_DAL,2022,4,DAL,WAS,1,0.6593266021156651,0.6670074942420795,0.1,0.6467757116370412,0.6347144003827011,0.01,0.6632363998118728,0.6466782085093257,0.01,0.6795782935386365,0.6821525164980632,0.01
2022_05_ATL_TB,2022,5,TB,ATL,1,0.6653020950677244,0.6727016655286197,0.1,0.6659251835770742,0.7306714747845903,0.01,0.6856757950032483,0.7507573020656185,0.01,0.6782143465166015,0.7536114708502576,0.01
2022_05_CHI_MIN,2022,5,MIN,CHI,1,0.5704351561076237,0.574125246846542,0.1,0.607971113463459,0.5661027755350783,0.01,0.6025577654758199,0.562334868867711,0.01,0.6034246596000133,0.5767732837603057,0.01
2022_05_CIN_BAL,2022,5,BAL,CIN,1,0.4847417861478369,0.48421099333954803,0.1,0.5159940348163451,0.5214227387836277,0.01,0.5201528530894698,0.5454869564763478,0.01,0.5427048664482139,0.587349012166297,0.01
2022_05_DAL_LA,2022,5,LA,DAL,0,0.43511231050868243,0.43129957224850807,0.1,0.4682220777265597,0.4639989164233926,0.01,0.446930529357669,0.4448636962644118,0.01,0.48131803056780664,0.49041614404965056,0.01
2022_05_DET_NE,2022,5,NE,DET,1,0.5879393286289741,0.5914689667198186,0.1,0.6636204234144168,0.6991452474157611,0.01,0.6899432701904817,0.739119337991858,0.01,0.7090816688120247,0.7706583696501168,0.01
2022_05_HOU_JAX,2022,5,JAX,HOU,0,0.7105352795507704,0.7204239951939025,0.1,0.6990983302338656,0.6966975601784984,0.01,0.6838677406090302,0.6612825449510847,0.01,0.6818521331081102,0.6554015762969218,0.01
2022_05_IND_DEN,2022,5,DEN,IND,0,0.567507140163716,0.5705376124262972,0.1,0.5698035658750078,0.613877591334707,0.01,0.5583122555079314,0.5745436863790346,0.01,0.5493002984019253,0.569163503925297,0.01
2022_05_LAC_CLE,2022,5,CLE,LAC,0,0.5224259455986175,0.5232729362872084,0.1,0.5504553463394342,0.5754119572314942,0.01,0.5482369747728166,0.5782034813107095,0.01,0.5470798894664675,0.5869539616423356,0.01
2022_05_LV_KC,2022,5,KC,LV,1,0.7432643512354763,0.7545252747490481,0.1,0.7090960839677819,0.7187978762847453,0.01,0.7134150650480386,0.7056857048496775,0.01,0.7037250257561979,0.6950849457964055,0.01
2022_05_MIA_NYJ,2022,5,NYJ,MIA,1,0.29499958147683414,0.2842621781576445,0.1,0.33827177698818744,0.33119856798129776,0.01,0.37614167816219846,0.401097801819132,0.01,0.37699665537509564,0.41737349045578914,0.01
2022_05_NYG_GB,2022,5,GB,NYG,0,0.6788753175941846,0.6877724787789277,0.1,0.7060855666393293,0.7337999742235426,0.01,0.731796055366227,0.7702282012616657,0.01,0.7249389475081588,0.7512427231104668,0.01
2022_05_PHI_ARI,2022,5,ARI,PHI,0,0.3424244462474514,0.33383742542902006,0.1,0.3674653991352219,0.31813223723201667,0.01,0.4122789859416987,0.3962582575937435,0.01,0.4114955272698283,0.3929955335908503,0.01
2022_05_PIT_BUF,2022,5,BUF,PIT,1,0.8002147755080778,0.8120963738574976,0.1,0.7818373012848031,0.8147163610683689,0.01,0.7937677651019058,0.8266655764527983,0.01,0.7949894543798948,0.8180068718201801,0.01
2022_05_SEA_NO,2022,5,NO,SEA,1,0.45946365724834715,0.4551549434283068,0.1,0.5364315336728194,0.590622094051158,0.01,0.5191899272704726,0.5689488167976309,0.01,0.4931988883168018,0.5439449043322757,0.01
2022_05_SF_CAR,2022,5,CAR,SF,0,0.29050106189287156,0.27969606364744004,0.1,0.33089455432729936,0.35323202412113547,0.01,0.3407619501695817,0.3830797962051083,0.01,0.3559355772013729,0.41801562262450603,0.01
2022_05_TEN_WAS,2022,5,WAS,TEN,0,0.4123242712002272,0.406653859138286,0.1,0.4070534029166956,0.43548389406293525,0.01,0.38278570871099177,0.40268716934249227,0.01,0.36670061220606376,0.3750292754221993,0.01
2022_06_ARI_SEA,2022,6,SEA,ARI,1,0.52637430389508,0.5278891657786217,0.1,0.5022106492283311,0.48108641847543165,0.01,0.4842147798025823,0.4591897589956796,0.01,0.478362412351414,0.46224963050315176,0.01
2022_06_BAL_NYG,2022,6,NYG,BAL,1,0.4063696292445125,0.4002828682303172,0.1,0.4065045567192292,0.40880671859080997,0.01,0.38888224115340186,0.3758653529121415,0.01,0.38552448223664226,0.3698234890145549,0.01
2022_06_BUF_KC,2022,6,KC,BUF,0,0.43315775760126046,0.429757984420125,0.1,0.4492207451286214,0.4523469681594779,0.01,0.4247163666239555,0.4281948178331508,0.01,0.4030763859164284,0.3991090666694952,0.01
2022_06_CAR_LA,2022,6,LA,CAR,1,0.6108496540482171,0.616710124225362,0.1,0.6050525214289956,0.5688452212059326,0.01,0.5912156341578474,0.5394486601091704,0.01,0.5995908478336128,0.556488534800178,0.01
2022_06_CIN_NO,2022,6,NO,CIN,0,0.4706508682517184,0.4682616228415895,0.1,0.5429866843632934,0.5822006577398726,0.01,0.5447699890370806,0.6060964914308469,0.01,0.5253583192157173,0.5868097889048314,0.01
2022_06_DAL_PHI,2022,6,PHI,DAL,1,0.6503697274001383,0.6583567453300226,0.1,0.6489095324402466,0.703458631747704,0.01,0.6348040113130621,0.68133816612894,0.01,0.6503313525732947,0.6934729374276574,0.01
2022_06_DEN_LAC,2022,6,LAC,DEN,1,0.6035434639978056,0.6097498070645627,0.1,0.5909169025345348,0.5638419346865153,0.01,0.5788377690856238,0.5639381574458265,0.01,0.590571109048074,0.5698357920942957,0.01
2022_06_JAX_IND,2022,6,IND,JAX,1,0.4267051108971157,0.42194942128263935,0.1,0.4057769821401497,0.39659419838569393,0.01,0.42859892520911114,0.437334031472022,0.01,0.43437703564902547,0.44492964711673166,0.01
2022_06_MIN_MIA,2022,6,MIA,MIN,0,0.5102886634000142,0.5103732094691631,0.1,0.49428781903216223,0.4835739527598526,0.01,0.482005904021446,0.4676694339251186,0.01,0.486898897205296,0.4698241997597193,0.01
2022_06_NE_CLE,2022,6,CLE,NE,0,0.4803625480701134,0.47953723932936587,0.1,0.4666619116807043,0.4600886864094107,0.01,0.4551220254071783,0.4524921830601115,0.01,0.4358387554921664,0.423217137201558,0.01
2022_06_NYJ_GB,2022,6,GB,NYJ,0,0.6519746073360357,0.6596594975255051,0.1,0.6910226506839007,0.7311769754561002,0.01,0.684155461352759,0.7257040295079743,0.01,0.6987947919401726,0.738674344104261,0.01
2022_06_SF_ATL,2022,6,ATL,SF,1,0.3071254473233922,0.29777802747979065,0.1,0.31344986624628435,0.2874211497841849,0.01,0.32103196670788436,0.29695539006938,0.01,0.3421596494962874,0.3330011656011302,0.01
2022_06_TB_PIT,2022,6,PIT,TB,1,0.2961214193125404,0.28573636199655883,0.1,0.31508202429548654,0.24927702490887713,0.01,0.3020243981282632,0.2449813267980604,0.01,0.3009138991596235,0.243666195569979,0.01
2022_06_WAS_CHI,2022,6,CHI,WAS,0,0.5200522147345928,0.5208463024564758,0.1,0.46446156228676566,0.485327554881942,0.01,0.4988752034388338,0.5088866601705236,0.01,0.5032772619551902,0.5087321661947533,0.01
2022_07_ATL_CIN,2022,7,CIN,ATL,1,0.6182912395048367,0.6236643725620868,0.1,0.6203437997539756,0.6449373439255575,0.01,0.5903726880617307,0.6050535980661078,0.01,0.5858522771263883,0.6075292968114223,0.01
2022_07_CHI_NE,2022,7,NE,CHI,0,0.7189640989628353,0.7290263738924752,0.1,0.7543288927004255,0.7502139862784906,0.01,0.7538213834596419,0.745741715720622,0.01,0.763927643697335,0.7702903526084267,0.01
2022_07_CLE_BAL,2022,7,BAL,CLE,1,0.5633341326980863,0.5662254146197019,0.1,0.5529181668188156,0.5674308804400033,0.01,0.5631914438195608,0.585471360566603,0.01,0.5864031931637284,0.6210928026802456,0.01
2022_07_DET_DAL,2022,7,DAL,DET,1,0.6534817083724088,0.6599739275998971,0.1,0.6725870584466203,0.7086524384868742,0.01,0.6880592161573621,0.731560304599079,0.01,0.6935171666494974,0.7413690553432342,0.01
2022_07_GB_WAS,2022,7,WAS,GB,1,0.4142349770081869,0.4085421787939336,0.1,0.3635716372486468,0.33126654518764437,0.01,0.330086252736897,0.2880890590165604,0.01,0.31038587194944567,0.2583448682098705,0.01
2022_07_HOU_LV,2022,7,LV,HOU,1,0.6430898197492031,0.6507107031854847,0.1,0.640286402866655,0.6694889623933455,0.01,0.6019921252301993,0.6188328490492897,0.01,0.6014754646072348,0.604139869974552,0.01
2022_07_IND_TEN,2022,7,TEN,IND,1,0.5363782685658238,0.5380988907970053,0.1,0.5807602947922899,0.5717630871742014,0.01,0.5679487077132083,0.5578214129326936,0.01,0.5657628202016621,0.566030706133041,0.01
2022_07_KC_SF,2022,7,SF,KC,0,0.4279549696928262,0.4221954815883301,0.1,0.44764460696185454,0.4002932093034203,0.01,0.45384319369111004,0.40557570100327367,0.01,0.4560279233837592,0.3962018470123877,0.01
2022_07_NO_ARI,2022,7,ARI,NO,1,0.5023453984373453,0.5022429989558962,0.1,0.4482458297088828,0.41225833169057446,0.01,0.4999841145811165,0.47826139710696913,0.01,0.5017577832194899,0.4559496054771939,0.01
2022_07_NYG_JAX,2022,7,JAX,NYG,0,0.5692248065255557,0.5724078104283574,0.1,0.5850352855867796,0.580513468726813,0.01,0.5931641233217622,0.5991623512702317,0.01,0.5768041979946871,0.5652146280870411,0.01
2022_07_NYJ_DEN,2022,7,DEN,NYJ,0,0.537298862688272,0.5383038192918326,0.1,0.5412466700512399,0.5599123787435292,0.01,0.533032305632833,0.5364374935044146,0.01,0.5357533564905227,0.5400758881398069,0.01
2022_07_PIT_MIA,2022,7,MIA,PIT,1,0.6145070495953416,0.6203957300400923,0.1,0.5979125010375859,0.6089110885130241,0.01,0.5635537951985835,0.5521699068690941,0.01,0.5414778673912605,0.5154566825119891,0.01
2022_07_SEA_LAC,2022,7,LAC,SEA,0,0.53127844991135,0.5323226741231878,0.1,0.5325123505687983,0.5432668298041577,0.01,0.4946056093226378,0.4792063162968203,0.01,0.5012188176673269,0.48218591596532334,0.01
2022_07_TB_CAR,2022,7,CAR,TB,1,0.2405506896795181,0.2281931028719913,0.1,0.2598247774272382,0.2236671490465948,0.01,0.2437677947154508,0.21287572864963933,0.01,0.2463306658403074,0.2118764263804933,0.01
2022_08_ARI_MIN,2022,8,MIN,ARI,1,0.4983147008321537,0.4977172066261615,0.1,0.5226384052670312,0.5236334773995003,0.01,0.47995058898277276,0.4609090605511724,0.01,0.4722982586918719,0.47185661691731307,0.01
2022_08_BAL_TB,2022,8,TB,BAL,0,0.5482025309480428,0.5497065523878247,0.1,0.5453673586161274,0.5782480312598006,0.01,0.5661941873306462,0.6021190407455003,0.01,0.5581130623110416,0.5861677496370605,0.01
2022_08_CAR_ATL,2022,8,ATL,CAR,1,0.5988578758759222,0.6048776765011388,0.1,0.5668443785547361,0.5352347644809988,0.01,0.5810941674150636,0.541082396297393,0.01,0.5785292372064671,0.533490757705911,0.01
2022_08_CHI_DAL,2022,8,DAL,CHI,1,0.615007352757216,0.6202878410096963,0.1,0.6449113990667877,0.6155834166099938,0.01,0.64482905822382,0.603409122429838,0.01,0.6414411637910156,0.6148377789593231,0.01
2022_08_CIN_CLE,2022,8,CLE,CIN,1,0.3941102481179338,0.388307889180259,0.1,0.4320594216093985,0.4182288563468088,0.01,0.44583989761383774,0.4439234397075889,0.01,0.43061189538179967,0.4216223032514993,0.01
2022_08_DEN_JAX,2022,8,JAX,DEN,0,0.5626430226170394,0.5664453732610899,0.1,0.5817786756468073,0.5723493889160339,0.01,0.5769454766714509,0.5749756570028638,0.01,0.5905516253816733,0.5868861671859716,0.01
2022_08_GB_BUF,2022,8,BUF,GB,1,0.7673585107431012,0.7787295741694097,0.1,0.7018762531325706,0.7234364494384996,0.01,0.7038211363642899,0.707037724357904,0.01,0.7077427807954897,0.7121622892269336,0.01
2022_08_LV_NO,2022,8,NO,LV,1,0.5114940545287232,0.5109626329776215,0.1,0.5483615460072121,0.546027670124655,0.01,0.5297212196458421,0.5099875360753371,0.01,0.5150595702288807,0.5043114050189516,0.01
2022_08_MIA_DET,2022,8,DET,MIA,0,0.3665292746952044,0.35929369730171945,0.1,0.3786018534806517,0.3637019352672147,0.01,0.380773584039073,0.3658236079880373,0.01,0.38173956500221784,0.37007312981152174,0.01
2022_08_NE_NYJ,2022,8,NYJ,NE,0,0.3851131835509272,0.37831258334453155,0.1,0.35733217594873345,0.34148150958844453,0.01,0.36656139265744037,0.35838491294636377,0.01,0.3533216944703615,0.3393391268795361,0.01
2022_08_NYG_SEA,2022,8,SEA,NYG,1,0.5964417889836192,0.6013406138523717,0.1,0.5729313188755962,0.5370407579973283,0.01,0.6100038201664818,0.5989909226136813,0.01,0.5934922161301472,0.5665527234926769,0.01
2022_08_PIT_PHI,2022,8,PHI,PIT,1,0.7699873404737335,0.7815448316943129,0.1,0.7616141783706618,0.819030428625588,0.01,0.7810634912691178,0.8361602589554641,0.01,0.7828138872935753,0.8323613483266267,0.01
2022_08_SF_LA,2022,8,LA,SF,0,0.41014871723801416,0.4044887684474958,0.1,0.43264808553758816,0.41352890930391756,0.01,0.43177515955569307,0.42032972428995075,0.01,0.45636467551837245,0.4645280887458027,0.01
2022_08_TEN_HOU,2022,8,HOU,TEN,0,0.3663922779766763,0.3587613412799751,0.1,0.3673913096090129,0.3891030434046803,0.01,0.37133356368925197,0.40760569409844455,0.01,0.36963496522000033,0.40858248295735855,0.01
2022_08_WAS_IND,2022,8,IND,WAS,0,0.5472457775787416,0.5494068499698782,0.1,0.5353337841619735,0.5334489475070192,0.01,0.57704626931026,0.5850216257943429,0.01,0.6004277054807343,0.6279089270310586,0.01
2022_09_BAL_NO,2022,9,NO,BAL,0,0.5227740890919841,0.5227170701000292,0.1,0.5590617950227458,0.5795452398671634,0.01,0.5272528434030561,0.5370204969787586,0.01,0.5052234046809526,0.5046194002517468,0.01
2022_09_BUF_NYJ,2022,9,NYJ,BUF,1,0.22887664380456033,0.21638110199973032,0.1,0.2309198570167248,0.19282783879985507,0.01,0.21810776897792175,0.17735323673818348,0.01,0.2050811332220154,0.16462329930441316,0.01
2022_09_CAR_CIN,2022,9,CIN,CAR,1,0.7013806699983051,0.7113811234442158,0.1,0.685396805079832,0.6844576514890127,0.01,0.676330522974577,0.6616225963630461,0.01,0.6715663966829948,0.6611079251451317,0.01
2022_09_GB_DET,2022,9,DET,GB,1,0.3899012660284744,0.38395184273362964,0.1,0.3351568947106026,0.2845733066161488,0.01,0.30653513406054334,0.2362006192645717,0.01,0.29649509577989536,0.22614398942293348,0.01
2022_09_IND_NE,2022,9,NE,IND,1,0.6311293369199814,0.637698346711682,0.1,0.6576026874795784,0.6780114066048102,0.01,0.6449382933890533,0.6534528722567575,0.01,0.648829573628792,0.669928057162796,0.01
2022_09_LAC_ATL,2022,9,ATL,LAC,0,0.45360880740849774,0.4507390302680478,0.1,0.4521214322788262,0.4425849583301932,0.01,0.44700689651846254,0.4305804498483989,0.01,0.45539411357240495,0.44794703919118284,0.01
2022_09_LA_TB,2022,9,TB,LA,1,0.6276004080223007,0.6340304051767606,0.1,0.6214664308922814,0.6963033833771599,0.01,0.6460971821713354,0.7216500159559482,0.01,0.6389434938539864,0.712821578457645,0.01
2022_09_LV_JAX,2022,9,JAX,LV,1,0.5573289594870147,0.5597568953612979,0.1,0.5655860356982169,0.5473818198715668,0.01,0.5681374093217453,0.5371941633773277,0.01,0.5552422398285399,0.522131365082823,0.01
2022_09_MIA_CHI,2022,9,CHI,MIA,0,0.4025421199531835,0.39647124504163206,0.1,0.3927830029904423,0.4425550899396481,0.01,0.4369181005959621,0.5194779890921524,0.01,0.4477348028271153,0.5236083284202405,0.01
2022_09_MIN_WAS,2022,9,WAS,MIN,0,0.40034528665156105,0.39391285307937385,0.1,0.3950570235865813,0.3938266653415036,0.01,0.3594800554121017,0.351486934149037,0.01,0.37893756321755884,0.36164580915776245,0.01
2022_09_PHI_HOU,2022,9,HOU,PHI,0,0.1724804765657139,0.1597502883560949,0.1,0.18792591102627018,0.14750631404661377,0.01,0.18737733238144447,0.15485645871853848,0.01,0.18439963816594243,0.15611513551642664,0.01
2022_09_SEA_ARI,2022,9,ARI,SEA,0,0.4754306024896763,0.4732590871150266,0.1,0.47488211793837765,0.49170945565394975,0.01,0.4866266046937153,0.5026319261077584,0.01,0.46820080976436584,0.4574417360293443,0.01
2022_09_TEN_KC,2022,9,KC,TEN,1,0.7192077623431221,0.7302717881413595,0.1,0.6732671784863032,0.7267299193162204,0.01,0.655132048491744,0.6961264763581081,0.01,0.6378586567075833,0.6682577655533513,0.01
2022_10_ARI_LA,2022,10,LA,ARI,0,0.4513127350619975,0.44768708626709935,0.1,0.46110486828374664,0.42566274104826507,0.01,0.4081863074729652,0.3532362049245788,0.01,0.4371169288608512,0.4052492506005605,0.01
2022_10_ATL_CAR,2022,10,CAR,ATL,1,0.42295691895050935,0.41733243240857715,0.1,0.43503575545392137,0.45897100966521653,0.01,0.4137736424053435,0.4331259451495567,0.01,0.40943141292813406,0.42932185407214907,0.01
2022_10_CLE_MIA,2022,10,MIA,CLE,1,0.5102016075093861,0.5101455231770583,0.1,0.45957249931262817,0.4282510777570132,0.01,0.4456283114200163,0.40558685881737444,0.01,0.4439156474286491,0.3924697749792642,0.01
2022_10_DAL_GB,2022,10,GB,DAL,1,0.3963104588258206,0.3904920687504347,0.1,0.4527216742176069,0.47940985191619756,0.01,0.4552383446010048,0.503686079670311,0.01,0.46289127673354236,0.5084146449880774,0.01
2022_10_DEN_TEN,2022,10,TEN,DEN,1,0.5319761919165018,0.533758046264758,0.1,0.5419012401420202,0.5128135315959902,0.01,0.543880527904439,0.531757813140157,0.01,0.5675724820894298,0.5649584241926604,0.01
2022_10_DET_CHI,2022,10,CHI,DET,0,0.5706125704042441,0.5736983879251167,0.1,0.5143056578989641,0.5806842353638295,0.01,0.5462156873526042,0.6295039223900546,0.01,0.5557127088256816,0.6274619093884884,0.01
2022_10_HOU_NYG,2022,10,NYG,HOU,1,0.6693797309918705,0.6778762745558394,0.1,0.653759135759451,0.6713126963395591,0.01,0.6369561092200017,0.6380533337965258,0.01,0.6470981376115529,0.6529873145293482,0.01
2022_10_IND_LV,2022,10,LV,IND,0,0.5655759799470518,0.5696892562982784,0.1,0.5597332344210021,0.5941515709910461,0.01,0.534014114847005,0.558706067802038,0.01,0.535948276257123,0.5541712261214187,0.01
2022_10_JAX_KC,2022,10,KC,JAX,1,0.7008889702809996,0.7109598882723942,0.1,0.640183133824067,0.6679327921218268,0.01,0.631503336168957,0.649765344682197,0.01,0.6171844413371136,0.6259916950520081,0.01
2022_10_LAC_SF,2022,10,SF,LAC,1,0.6057303782215538,0.6106591845512228,0.1,0.6058894761567635,0.6068814401557991,0.01,0.5924553840207706,0.5874476821056515,0.01,0.5833287842429764,0.5750522112431576,0.01
2022_10_MIN_BUF,2022,10,BUF,MIN,0,0.7091943099407574,0.7190949837726833,0.1,0.7018205901630735,0.7302027164270493,0.01,0.7065152870198806,0.7338477494417502,0.01,0.7392733808826063,0.7734193857506071,0.01
2022_10_NO_PIT,2022,10,PIT,NO,1,0.3566148225851518,0.34876751342610035,0.1,0.3267038755553587,0.2721371010736167,0.01,0.3520779246531309,0.3050951595380083,0.01,0.3669775447033913,0.32530143804653744,0.01
2022_10_SEA_TB,2022,10,TB,SEA,1,0.4877068060093089,0.4860245651183249,0.1,0.4988160513852215,0.552319904901982,0.01,0.49721134092629343,0.545013991376685,0.01,0.49904878650360457,0.5458926442001363,0.01
2022_10_WAS_PHI,2022,10,PHI,WAS,0,0.7872243441078026,0.7993534084136601,0.1,0.7778987837382443,0.8108582330461488,0.01,0.8122656824521539,0.8444149250937719,0.01,0.8219496136964386,0.8598729558695919,0.01
2022_11_CAR_BAL,2022,11,BAL,CAR,1,0.6750022719943841,0.6841668391595989,0.1,0.6840752812542171,0.6914560177778913,0.01,0.6987235612894881,0.7164751468094431,0.01,0.7126077987385574,0.7405735522076752,0.01
2022_11_CHI_ATL,2022,11,ATL,CHI,1,0.5071567670431105,0.5071809897425282,0.1,0.5431067287769638,0.4820022292978596,0.01,0.5210614212664803,0.4399661184933319,0.01,0.5201937724043143,0.442745080206627,0.01
2022_11_CIN_PIT,2022,11,PIT,CIN,0,0.29076740828492376,0.27990118998406033,0.1,0.3052694819804077,0.27103318138852694,0.01,0.31403967049250825,0.29453147254057965,0.01,0.3231034152934036,0.30441735805059517,0.01
2022_11_CLE_BUF,2022,11,BUF,CLE,1,0.6935734512221651,0.7023798858604333,0.1,0.6831743758861004,0.7144085613718776,0.01,0.6938062069421518,0.7270939605988012,0.01,0.7130796776206078,0.7480150116600113,0.01
2022_11_DAL_MIN,2022,11,MIN,DAL,0,0.4635129998174714,0.4611474143399643,0.1,0.45358639724349087,0.4719181310022001,0.01,0.4587849722066159,0.48348946144982763,0.01,0.42599471472184974,0.43186467095706865,0.01
2022_11_DET_NYG,2022,11,NYG,DET,0,0.5973359562657294,0.6017571202519056,0.1,0.5836023608071794,0.6209533749523232,0.01,0.5792625484192222,0.6109514358531462,0.01,0.6024359174065612,0.6464730886396866,0.01
2022_11_KC_LAC,2022,11,LAC,KC,0,0.2801861742421416,0.26861952178611304,0.1,0.3037611678235999,0.26658592133809933,0.01,0.32282758628011055,0.28984003966130184,0.01,0.3523708871575324,0.3263409724578894,0.01
2022_11_LA_NO,2022,11,NO,LA,1,0.5924847272356515,0.59710190689319,0.1,0.6403184830709702,0.7159405650489968,0.01,0.6105019469051026,0.6826494416314768,0.01,0.5890757771403404,0.6648505765554116,0.01
2022_11_LV_DEN,2022,11,DEN,LV,0,0.5388623389301417,0.5393641995253607,0.1,0.5416052080813557,0.5425969876082554,0.01,0.5485026759710239,0.5401615916862464,0.01,0.5217565996931838,0.5119241581841262,0.01
2022_11_NYJ_NE,2022,11,NE,NYJ,1,0.6037920275021612,0.6086348787552378,0.1,0.6196405924498551,0.6400968247623154,0.01,0.6225619009756991,0.6402035622367007,0.01,0.6397382711962165,0.6692163768971822,0.01
2022_11_PHI_IND,2022,11,IND,PHI,0,0.25789913571305284,0.24571484883791128,0.1,0.2578391825556982,0.2122050252034386,0.01,0.24269583256196728,0.20318214286920747,0.01,0.2423503809469056,0.20379525950980157,0.01
2022_11_SF_ARI,2022,11,ARI,SF,0,0.40978166545572736,0.4043537976232848,0.1,0.3754955228729743,0.3597346988605776,0.01,0.42948477974253346,0.4342930512303381,0.01,0.4292529190122592,0.42642341876335227,0.01
2022_11_TEN_GB,2022,11,GB,TEN,0,0.5195306297104613,0.5204082214156682,0.1,0.5558475278043474,0.5936592443334622,0.01,0.567432161493964,0.620628146091071,0.01,0.5618620034326498,0.6068614081124726,0.01
2022_11_WAS_HOU,2022,11,HOU,WAS,0,0.3883154137857711,0.3820736388607688,0.1,0.38925660808567375,0.3683912991666139,0.01,0.41124039580299165,0.39940789918228076,0.01,0.4246589085820778,0.42610851016611945,0.01
2022_12_ATL_WAS,2022,12,WAS,ATL,1,0.5236484492108292,0.523471873103997,0.1,0.5451144395993476,0.5753380287817187,0.01,0.5265230131478271,0.5606646758691297,0.01,0.5266755052285848,0.5585279417960027,0.01
2022_12_BAL_JAX,2022,12,JAX,BAL,1,0.4555493195619843,0.45252093323953324,0.1,0.4606048150427882,0.438615592936623,0.01,0.45703740019127437,0.4314099487440848,0.01,0.4291996949135181,0.3847014614235801,0.01
2022_12_BUF_DET,2022,12,DET,BUF,0,0.25734165699973705,0.2459822838500707,0.1,0.25405319817374866,0.20117174161937898,0.01,0.24920587252342896,0.19431860322177108,0.01,0.23531443726308954,0.17602791511868643,0.01
2022_12_CHI_NYJ,2022,12,NYJ,CHI,1,0.502398336170547,0.501302900436577,0.1,0.5411989497311531,0.49753910975407734,0.01,0.5244895594849018,0.4608127620028414,0.01,0.5276939235472878,0.4788584663554339,0.01
2022_12_CIN_TEN,2022,12,TEN,CIN,0,0.4031112127539188,0.3969307412576189,0.1,0.4185949043278923,0.3788334225811624,0.01,0.43369431646494166,0.40545885041209034,0.01,0.4333958055622746,0.397562625825808,0.01
2022_12_DEN_CAR,2022,12,CAR,DEN,1,0.4106011004420839,0.4053365265721848,0.1,0.41342440868992775,0.40201374202080387,0.01,0.3934214945950705,0.37677649868468,0.01,0.40939704825199347,0.3978507040542195,0.01
2022_12_GB_PHI,2022,12,PHI,GB,1,0.6818260337276743,0.6905260347145563,0.1,0.6683593789592656,0.7041157740133589,0.01,0.6855899783395911,0.7149623428605284,0.01,0.6973746043269933,0.7313660529106613,0.01
2022_12_HOU_MIA,2022,12,MIA,HOU,1,0.7736485010819883,0.7856210630381285,0.1,0.7419592929794008,0.7470710182292712,0.01,0.7285435490056424,0.7190827432311496,0.01,0.7011343650276133,0.6716803380571259,0.01
2022_12_LAC_ARI,2022,12,ARI,LAC,0,0.5061694479356144,0.5056775784380775,0.1,0.4819343610833386,0.45618619601953986,0.01,0.5186580513707866,0.510727478645412,0.01,0.5034252392406339,0.478385547731984,0.01
2022_12_LA_KC,2022,12,KC,LA,1,0.783605117873161,0.7960826981669221,0.1,0.7602786357676046,0.82470974023561,0.01,0.7580383082329126,0.8185178726840896,0.01,0.726907688672374,0.7806803936529295,0.01
2022_12_LV_SEA,2022,12,SEA,LV,0,0.6037137577546174,0.6087380475286281,0.1,0.606115413884987,0.5603963864548566,0.01,0.6388633874635573,0.6160892232604714,0.01,0.6383327826515696,0.6266770237742405,0.01
2022_12_NE_MIN,2022,12,MIN,NE,1,0.4277977558793985,0.4239418609975797,0.1,0.3988424449296795,0.3748630180884449,0.01,0.40598156511113737,0.38231880393828843,0.01,0.36655133049289795,0.3195625161679631,0.01
2022_12_NO_SF,2022,12,SF,NO,1,0.6458432898012851,0.653226377924803,0.1,0.6071428177330218,0.5858065313083413,0.01,0.6389676963306086,0.6223689104843332,0.01,0.6371301741001096,0.606779717219258,0.01
2022_12_NYG_DAL,2022,12,DAL,NYG,1,0.6541663128155047,0.6613503297103731,0.1,0.6547586280840305,0.6489110579944131,0.01,0.6659131275320337,0.6634311219357203,0.01,0.6679438493637062,0.6679687036435897,0.01
2022_12_PIT_IND,2022,12,IND,PIT,0,0.5439497930393817,0.5452697641600633,0.1,0.5343070294795376,0.54702327447852,0.01,0.5457747216923936,0.5534452045571718,0.01,0.542109652095895,0.5437445743493907,0.01
2022_12_TB_CLE,2022,12,CLE,TB,1,0.455351575303164,0.4530485844902163,0.1,0.4832809042343547,0.459911160935003,0.01,0.4742826438554258,0.4470587324886314,0.01,0.45939998241482005,0.43039704029733217,0.01
2022_13_BUF_NE,2022,13,NE,BUF,0,0.3862935038856433,0.37887541831448523,0.1,0.3897220322381974,0.3604097308431442,0.01,0.3911163574035929,0.36141606876059035,0.01,0.39063641657043185,0.36035300689198996,0.01
2022_13_CLE_HOU,2022,13,HOU,CLE,0,0.2865558113561064,0.2750248179416199,0.1,0.28698968618017545,0.26695191148311564,0.01,0.29388711105845916,0.28502427774120526,0.01,0.3115123367396843,0.3068259603229699,0.01
2022_13_DEN_BAL,2022,13,BAL,DEN,1,0.6297532431699174,0.6370331137834703,0.1,0.6407500654819747,0.6516182221019713,0.01,0.6480828792366411,0.6695712950278404,0.01,0.6761296010812565,0.7122882137166842,0.01
2022_13_GB_CHI,2022,13,CHI,GB,0,0.4377827754890496,0.433815096620067,0.1,0.362316308685433,0.38106070917199025,0.01,0.3672078463745305,0.3889812873757503,0.01,0.37271926765304336,0.39351659009417445,0.01
2022_13_IND_DAL,2022,13,DAL,IND,1,0.7165335153257981,0.726835351627287,0.1,0.7089335172314171,0.7137730375109367,0.01,0.6821416927029506,0.668641859979446,0.01,0.6827616160167693,0.6745923093833288,0.01
2022_13_JAX_DET,2022,13,DET,JAX,1,0.4270058400787011,0.422651593851033,0.1,0.415948158641834,0.3793361796790649,0.01,0.41405375849933523,0.3709621421675091,0.01,0.42227331857102424,0.3863245253573566,0.01
2022_13_KC_CIN,2022,13,CIN,KC,1,0.4068068445241185,0.40058299855940477,0.1,0.43525335099660595,0.41664546925826795,0.01,0.42855760179768276,0.40549554318508224,0.01,0.44928629688138916,0.4554474743486834,0.01
2022_13_LAC_LV,2022,13,LV,LAC,1,0.49872431183810856,0.49819799364099265,0.1,0.4772462330098995,0.48915279225780584,0.01,0.4549132620329743,0.4506969616814702,0.01,0.4548469524300735,0.45372630343703985,0.01
2022_13_MIA_SF,2022,13,SF,MIA,1,0.5713687116344915,0.5744088604758716,0.1,0.6009820883743181,0.6181080886320593,0.01,0.602847143400298,0.6248876708592563,0.01,0.6178995073810543,0.6403996699090772,0.01
2022_13_NO_TB,2022,13,TB,NO,1,0.5751132031467688,0.5789213964483305,0.1,0.5269227894694762,0.5239342712117798,0.01,0.5708623159853479,0.577214365520704,0.01,0.5825886050884904,0.5920418067573647,0.01
2022_13_NYJ_MIN,2022,13,MIN,NYJ,1,0.5330026920414305,0.5346565002479654,0.1,0.529078813453533,0.5301328603244186,0.01,0.5269122673230049,0.5249713105262132,0.01,0.49661281325688517,0.4735844998494332,0.01
2022_13_PIT_ATL,2022,13,ATL,PIT,0,0.5242078282625371,0.5254640018880453,0.1,0.5043505638716428,0.5018584019222468,0.01,0.4927094254867451,0.47494893281865364,0.01,0.4801534736301967,0.4509850448050444,0.01
2022_13_SEA_LA,2022,13,LA,SEA,0,0.3770455818384272,0.369342851482941,0.1,0.3789069527785819,0.3524117482814612,0.01,0.3347123781849025,0.2883233532245733,0.01,0.3446744666333596,0.2945084175534947,0.01
2022_13_TEN_PHI,2022,13,PHI,TEN,1,0.6551451220942445,0.6630076946994475,0.1,0.659041877916439,0.7294699289551133,0.01,0.7070780720745351,0.7830748481201767,0.01,0.7127348892138916,0.7895359837860128,0.01
2022_14_BAL_PIT,2022,14,PIT,BAL,0,0.39692798747459207,0.39061271877027537,0.1,0.39424379712862423,0.3694042341787774,0.01,0.40204480758100264,0.38043710004039666,0.01,0.40238909733971934,0.3846411446496028,0.01
2022_14_CAR_SEA,2022,14,SEA,CAR,0,0.6588312060613777,0.6673419759628302,0.1,0.652029149571292,0.6116703577623821,0.01,0.6954801762067939,0.6829654791117329,0.01,0.7050103488281304,0.7021497258042549,0.01
2022_14_CLE_CIN,2022,14,CIN,CLE,1,0.6250428624475902,0.631278408866266,0.1,0.6089902744571304,0.6251418305768873,0.01,0.5913842681597224,0.6017436329534394,0.01,0.6034182060227986,0.6238667480471467,0.01
2022_14_HOU_DAL,2022,14,DAL,HOU,1,0.8379695614442023,0.8499885114373776,0.1,0.8176259086624859,0.8321548200736806,0.01,0.8129052759122618,0.8158570396256629,0.01,0.8064157499532144,0.810277261171222,0.01
2022_14_JAX_TEN,2022,14,TEN,JAX,0,0.5200260361314837,0.5202071557429028,0.1,0.5109404368601257,0.4877899060447036,0.01,0.49649312546091506,0.4682969060682594,0.01,0.5071683122939425,0.48540644679160627,0.01
2022_14_KC_DEN,2022,14,DEN,KC,0,0.2497786353542826,0.23682373247660385,0.1,0.2745874119815837,0.2507941654340977,0.01,0.29099060477704464,0.26897971501475726,0.01,0.29311195623002384,0.2830882136530496,0.01
2022_14_LV_LA,2022,14,LA,LV,1,0.43214467931461326,0.42729474984655713,0.1,0.4433671869012008,0.3782496080606792,0.01,0.4368160994605078,0.37439685092384467,0.01,0.4538082062221755,0.39984478186519196,0.01
2022_14_MIA_LAC,2022,14,LAC,MIA,1,0.43716129959990424,0.4332128445147385,0.1,0.46012456184965206,0.47221721969075403,0.01,0.48993685673436566,0.5235058498112127,0.01,0.5114892399350676,0.5467919309178259,0.01
2022_14_MIN_DET,2022,14,DET,MIN,1,0.47137011072085055,0.4697624832079005,0.1,0.48491657987252473,0.46571522926493997,0.01,0.4827722177335668,0.4609283480323234,0.01,0.5123536663569586,0.5074258730471157,0.01
2022_14_NE_ARI,2022,14,ARI,NE,0,0.4479015999776066,0.4450135555319148,0.1,0.412294513679993,0.3834779664987605,0.01,0.425575614579066,0.4004623606141644,0.01,0.4108793293675424,0.36129033800803784,0.01
2022_14_NYJ_BUF,2022,14,BUF,NYJ,1,0.7258041417535509,0.7365302305888374,0.1,0.7341308899954953,0.774279625449946,0.01,0.7410822969880987,0.7827057958914867,0.01,0.7501181952901844,0.7944102373569287,0.01
2022_14_PHI_NYG,2022,14,NYG,PHI,0,0.2755786592568749,0.2643946074518493,0.1,0.27020491528456614,0.22387957053457902,0.01,0.23786078408701583,0.18288601824878029,0.01,0.2368892636791472,0.18964354697975838,0.01
2022_14_TB_SF,2022,14,SF,TB,1,0.6047757421650802,0.609886855678976,0.1,0.6047913358651367,0.595122637705974,0.01,0.6040227071482085,0.5922821668076467,0.01,0.5969905620185909,0.5761403957102509,0.01
2022_15_ARI_DEN,2022,15,DEN,ARI,1,0.48648880186260923,0.48461446560037097,0.1,0.49626549486604593,0.5333595317950494,0.01,0.4718029266102412,0.4895836627645183,0.01,0.4695165373292558,0.5095297284183715,0.01
2022_15_ATL_NO,2022,15,NO,ATL,1,0.5703473670751823,0.5729683955300493,0.1,0.6040751503969474,0.619121762672052,0.01,0.5748974118514396,0.5853016628597456,0.01,0.5693766589947044,0.5733814528668524,0.01
2022_15_BAL_CLE,2022,15,CLE,BAL,1,0.46236090369735316,0.4597652457567594,0.1,0.46594372775124693,0.4388565793895135,0.01,0.44563420120569597,0.4022339342044312,0.01,0.42595526574856735,0.3761248080348332,0.01
2022_15_CIN_TB,2022,15,TB,CIN,0,0.4055990983735404,0.3995046504513694,0.1,0.4168825637701556,0.41945226369840877,0.01,0.4430049173327799,0.4595319776083636,0.01,0.4472982348098975,0.457994844623402,0.01
2022_15_DAL_JAX,2022,15,JAX,DAL,1,0.3516093999737488,0.3438526856742515,0.1,0.3676933767403389,0.36517437797890023,0.01,0.38759624647024377,0.39954230820703995,0.01,0.37766471539419916,0.374045947460398,0.01
2022_15_DET_NYJ,2022,15,NYJ,DET,0,0.48348107927676864,0.4810634773924176,0.1,0.491045369430485,0.5066805454693125,0.01,0.4874858374965411,0.5065644089913822,0.01,0.490181082851428,0.5104402035497493,0.01
2022_15_IND_MIN,2022,15,MIN,IND,1,0.6084110275979462,0.6143372221971154,0.1,0.5790520201696218,0.5864880445047216,0.01,0.5709145499765013,0.5718767301420851,0.01,0.5374360085611818,0.5203805707816446,0.01
2022_15_KC_HOU,2022,15,HOU,KC,0,0.13977085379252877,0.12706644767029612,0.1,0.1615275547984728,0.12617286222741333,0.01,0.174878802566013,0.1445129565540272,0.01,0.19276348969568452,0.17293142542472303,0.01
2022_15_LA_GB,2022,15,GB,LA,1,0.6156303860470103,0.6218693533384163,0.1,0.6530574597899168,0.7042256407548351,0.01,0.6815094967803428,0.748916975430334,0.01,0.6568045784689314,0.710478338705058,0.01
2022_15_MIA_BUF,2022,15,BUF,MIA,1,0.6401542603484225,0.6470436448945817,0.1,0.6636916603994498,0.7128499041210044,0.01,0.6832176534766654,0.739857244622425,0.01,0.7058976614900925,0.7741198158705499,0.01
2022_15_NE_LV,2022,15,LV,NE,1,0.4318710095247219,0.428403174632127,0.1,0.41851448477353753,0.4331570913908863,0.01,0.38285717000989755,0.3798282188453673,0.01,0.38235369955546944,0.3761647699501869,0.01
2022_15_NYG_WAS,2022,15,WAS,NYG,0,0.5521774304119684,0.5538861983136341,0.1,0.5536093178216155,0.5764393785356505,0.01,0.5394573956478487,0.5626681983117992,0.01,0.5258842518015119,0.5281680727815422,0.01
2022_15_PHI_CHI,2022,15,CHI,PHI,0,0.24564999077888786,0.2338050358761232,0.1,0.21778584206058094,0.19752314684457423,0.01,0.19512515933647456,0.17626916021098324,0.01,0.183793959959242,0.1574048808492828,0.01
2022_15_PIT_CAR,2022,15,CAR,PIT,0,0.4907156138239603,0.48919400686139236,0.1,0.47312766174612925,0.49729945018187477,0.01,0.45386316227829815,0.46183870299769864,0.01,0.44579010311386913,0.44122148281758433,0.01
2022_15_SF_SEA,2022,15,SEA,SF,0,0.3821983259518214,0.37583616638859657,0.1,0.3764595955192415,0.33786219811218104,0.01,0.3850920219394793,0.3561528475748683,0.01,0.39759595443410856,0.3805847933672869,0.01
2022_15_TEN_LAC,2022,15,LAC,TEN,1,0.5322992302568749,0.533830220892028,0.1,0.5216511571177731,0.5427315494858258,0.01,0.5379277227771835,0.5682100983610875,0.01,0.5426977741125909,0.5654059343113703,0.01
2022_16_ATL_BAL,2022,16,BAL,ATL,1,0.6105842826018882,0.6158114528778214,0.1,0.6340707885904004,0.6490568216489669,0.01,0.6437891175080651,0.6724850569009259,0.01,0.6517576929836205,0.6841002291931236,0.01
2022_16_BUF_CHI,2022,16,CHI,BUF,0,0.26954361875504473,0.258306642172913,0.1,0.24209315778823787,0.23092806753163903,0.01,0.24998819098199734,0.2514795744071024,0.01,0.22922181484797646,0.20997465486506925,0.01
2022_16_CIN_NE,2022,16,NE,CIN,0,0.4339060098319882,0.428887091175496,0.1,0.4509334217067027,0.44924345887007683,0.01,0.48367108778964474,0.4957335522494337,0.01,0.49418787531597586,0.5049675086344309,0.01
2022_16_DEN_LA,2022,16,LA,DEN,1,0.4605436762807016,0.45820715820078245,0.1,0.45024189908750784,0.39894524848505086,0.01,0.4278540396919749,0.3703049395191738,0.01,0.453255515439023,0.39909604787929687,0.01
2022_16_DET_CAR,2022,16,CAR,DET,1,0.44817520398752086,0.44387155679908363,0.1,0.4528203292677249,0.4945565877415628,0.01,0.43001977503881683,0.46585641329456806,0.01,0.43973954457766656,0.4747973846929647,0.01
2022_16_GB_MIA,2022,16,MIA,GB,0,0.5358342697840885,0.5372122704587207,0.1,0.48014102387980484,0.4520849621329885,0.01,0.4496267533887418,0.3962475268202231,0.01,0.4434719227949851,0.3908934184826478,0.01
2022_16_HOU_TEN,2022,16,TEN,HOU,0,0.710513940799734,0.7206878498578903,0.1,0.7101471264582082,0.7166249125619776,0.01,0.7016016647187577,0.7070932562812917,0.01,0.6866729778998132,0.6820777647368257,0.01
2022_16_JAX_NYJ,2022,16,NYJ,JAX,0,0.4496539583991169,0.44562620050548,0.1,0.44183566620908826,0.4294866885959035,0.01,0.42031264892293585,0.40437669403751436,0.01,0.42460010314763647,0.41711477301127553,0.01
2022_16_LAC_IND,2022,16,IND,LAC,0,0.4049128356604299,0.39844867715961235,0.1,0.40936511373294393,0.3993289408714621,0.01,0.42006951282549226,0.4074718676640089,0.01,0.4230671735752301,0.42299871113604176,0.01
2022_16_LV_PIT,2022,16,PIT,LV,1,0.4796854628076058,0.47785070270153274,0.1,0.5004663828694101,0.47732614301609644,0.01,0.5219312898217884,0.5166566507249803,0.01,0.5272812572068489,0.5381070035132123,0.01
2022_16_NO_CLE,2022,16,CLE,NO,0,0.5318300016648037,0.5335596384166984,0.1,0.5115271310795144,0.5002797343575599,0.01,0.5397685782634056,0.5304671882360597,0.01,0.5358102986406471,0.5312826901703475,0.01
2022_16_NYG_MIN,2022,16,MIN,NYG,1,0.5583657036301829,0.5608628131109095,0.1,0.5273419417645996,0.5305932731022012,0.01,0.5195011100864507,0.5137810916891137,0.01,0.4891580346912203,0.4599171413088305,0.01
2022_16_PHI_DAL,2022,16,DAL,PHI,1,0.4466089169745296,0.44266291070736813,0.1,0.44402061882945215,0.39160115703271503,0.01,0.39911009035364214,0.33148691499679206,0.01,0.39961040494930666,0.34541217108775524,0.01
2022_16_SEA_KC,2022,16,KC,SEA,1,0.7141269848628948,0.7244693943320782,0.1,0.7104362008023142,0.7725888665085828,0.01,0.6798903246894881,0.7328810929888975,0.01,0.6478272891960208,0.6842447288524476,0.01
2022_16_TB_ARI,2022,16,ARI,TB,0,0.42925635802695333,0.4248297535589664,0.1,0.41670807073417077,0.3674489543910583,0.01,0.4400000373483102,0.4026958057788104,0.01,0.4323367322444785,0.38013578265683196,0.01
2022_16_WAS_SF,2022,16,SF,WAS,1,0.7119937641878871,0.7220468576627457,0.1,0.6876213032365771,0.6861391460263004,0.01,0.6933397813527652,0.680098015883304,0.01,0.7059391847452725,0.6986760065749261,0.01
2022_17_ARI_ATL,2022,17,ATL,ARI,1,0.483750528377842,0.4828192787183511,0.1,0.4965651441386825,0.5336664667853799,0.01,0.4744932773607975,0.5047083731715309,0.01,0.48007400542224077,0.5242443904397164,0.01
2022_17_CAR_TB,2022,17,TB,CAR,1,0.5922962633230412,0.5968389826068594,0.1,0.6020414083866935,0.5969363066174875,0.01,0.6191231825381224,0.6169323208378434,0.01,0.6165256327498164,0.6150891769205494,0.01
2022_17_CHI_DET,2022,17,DET,CHI,1,0.5823395753979326,0.5867208665972252,0.1,0.5896004600058491,0.5541428252030216,0.01,0.566419973689741,0.5021898531364852,0.01,0.5785135615654993,0.536002206976931,0.01
2022_17_CLE_WAS,2022,17,WAS,CLE,0,0.45712134640090757,0.4536872487044574,0.1,0.45945336665800374,0.4695890399673418,0.01,0.45785593190211293,0.48045558986949427,0.01,0.4518708123582421,0.46233330647580234,0.01
2022_17_DAL_TEN,2022,17,TEN,DAL,0,0.33539612037515465,0.3264290776841398,0.1,0.35131223214332835,0.3318821206766916,0.01,0.3481668716051409,0.33404498006435424,0.01,0.3411823810911783,0.31567837289030876,0.01
2022_17_DEN_KC,2022,17,KC,DEN,1,0.777123350723742,0.7895450675715805,0.1,0.7662912596274173,0.8006710646902764,0.01,0.7528308370727921,0.7882350437615555,0.01,0.7450941239918734,0.7697013267684132,0.01
2022_17_IND_NYG,2022,17,NYG,IND,1,0.5808369045134867,0.5855347615716486,0.1,0.5799032749884973,0.5860765237998029,0.01,0.570361143020996,0.5767608001997674,0.01,0.5682535952524645,0.5817144176983455,0.01
2022_17_JAX_HOU,2022,17,HOU,JAX,0,0.285712405062759,0.2742257865377413,0.1,0.28682811274982317,0.2622670960597143,0.01,0.27977896039057554,0.2555725816850304,0.01,0.29707489604922754,0.2793950240582118,0.01
2022_17_LA_LAC,2022,17,LAC,LA,1,0.5791843335037652,0.5832871682391384,0.1,0.6007231607696112,0.6410433064919139,0.01,0.6140999414003261,0.662419170252367,0.01,0.6059003534602975,0.639462784857042,0.01
2022_17_MIA_NE,2022,17,NE,MIA,1,0.5110601233738219,0.5104020662841916,0.1,0.5331018783679252,0.5588972636453716,0.01,0.5708371494140743,0.6086705966277952,0.01,0.5827120018770597,0.6293017094045891,0.01
2022_17_MIN_GB,2022,17,GB,MIN,1,0.5451265403653054,0.5474028150497557,0.1,0.5952200040112408,0.6178155923071919,0.01,0.6189893071440177,0.6648084155180082,0.01,0.6360069051405411,0.6817661753213136,0.01
2022_17_NO_PHI,2022,17,PHI,NO,0,0.6989858454529473,0.7089085820080198,0.1,0.6643041341975285,0.7007294884197254,0.01,0.7206025838576503,0.7596989009236056,0.01,0.7286377799937022,0.768968089689707,0.01
2022_17_NYJ_SEA,2022,17,SEA,NYJ,1,0.5741919598350109,0.5783374313307484,0.1,0.5705153740685711,0.5533395672127348,0.01,0.5855950928670085,0.5783053189882033,0.01,0.6022841916041183,0.6004830220481946,0.01
2022_17_PIT_BAL,2022,17,BAL,PIT,0,0.5790458734213333,0.5829491503803831,0.1,0.5825629573945067,0.6057705879055427,0.01,0.5937039569025503,0.6221612971445198,0.01,0.5911982435511208,0.6084136517316454,0.01
2022_17_SF_LV,2022,17,LV,SF,0,0.3160738976365871,0.3066102755823281,0.1,0.32819634020345406,0.34082363332824395,0.01,0.29847151657639537,0.303537250367299,0.01,0.30715266467321845,0.32104620896856345,0.01
2022_18_ARI_SF,2022,18,SF,ARI,1,0.7284319914030749,0.7389000553070126,0.1,0.7259579524549519,0.7581940489700589,0.01,0.7062895890482509,0.7285343608762578,0.01,0.7095238251899461,0.7325609491403903,0.01
2022_18_BAL_CIN,2022,18,CIN,BAL,1,0.614608367419136,0.6203608902577741,0.1,0.5925394048631059,0.5837052022759908,0.01,0.5680779971544911,0.5378598339320898,0.01,0.5545536799506128,0.5242453971629136,0.01
2022_18_CAR_NO,2022,18,NO,CAR,0,0.5656368395945248,0.568506104120187,0.1,0.6120001441079211,0.6041244406531912,0.01,0.5908215033500117,0.5822584428202129,0.01,0.5839698839136697,0.5721888626201456,0.01
2022_18_CLE_PIT,2022,18,PIT,CLE,1,0.46622422576320965,0.4637633578717287,0.1,0.4734235660810078,0.48932311015233576,0.01,0.47289826905995586,0.5009638932853088,0.01,0.49003317620757686,0.5333875430815227,0.01
2022_18_DAL_WAS,2022,18,WAS,DAL,1,0.3107959367398609,0.30068425236087165,0.1,0.3333743946777214,0.3361612234843377,0.01,0.3228174950213152,0.3360471036431434,0.01,0.3066678753253217,0.30134575776168654,0.01
2022_18_DET_GB,2022,18,GB,DET,0,0.5594043712128028,0.561867459386686,0.1,0.5984177788113073,0.634016404943288,0.01,0.6285923774770698,0.6872832275302465,0.01,0.6307127892952037,0.685552221139463,0.01
2022_18_HOU_IND,2022,18,IND,HOU,0,0.6135139955270231,0.619182869810048,0.1,0.6172260903696272,0.6278935695928354,0.01,0.6075636801652933,0.6128630685368872,0.01,0.601229348504588,0.6034277367252793,0.01
2022_18_KC_LV,2022,18,LV,KC,0,0.2722621474727934,0.26070136470119726,0.1,0.27868792195914577,0.2603709672787836,0.01,0.26555580511052174,0.23889291514398742,0.01,0.29308100825572303,0.27680970184599707,0.01
2022_18_LAC_DEN,2022,18,DEN,LAC,1,0.3943909255700048,0.38748961397885157,0.1,0.38600112228632555,0.37674634487735126,0.01,0.37615922234065613,0.35510446757264374,0.01,0.36238906739160265,0.3531001240530066,0.01
2022_18_LA_SEA,2022,18,SEA,LA,1,0.5763360820043875,0.5803091842681384,0.1,0.5788890957679611,0.587104394844708,0.01,0.5987762231216326,0.619480469298347,0.01,0.5955877313235552,0.612578368753621,0.01
2022_18_MIN_CHI,2022,18,CHI,MIN,0,0.4077335799605999,0.4023550408586401,0.1,0.3999454717153669,0.4262819488518775,0.01,0.4252508657593082,0.4787605665677582,0.01,0.4358284222635101,0.4803511548620873,0.01
2022_18_NE_BUF,2022,18,BUF,NE,1,0.668063472287945,0.6768042216775222,0.1,0.6763460922552552,0.7060956628438603,0.01,0.6599634014725231,0.6903137276765611,0.01,0.6701278362736411,0.7067777296873119,0.01
2022_18_NYG_PHI,2022,18,PHI,NYG,1,0.712077205914382,0.7219701573799862,0.1,0.6950727439118491,0.7394498697087147,0.01,0.716291246116807,0.7566253948818944,0.01,0.7153167762476255,0.7435008176504508,0.01
2022_18_NYJ_MIA,2022,18,MIA,NYJ,1,0.6422157524100583,0.6497226955249733,0.1,0.6232469941899363,0.6314629464368445,0.01,0.6047883278395908,0.6031268927318256,0.01,0.5942057702543347,0.5815536187397707,0.01
2022_18_TB_ATL,2022,18,ATL,TB,1,0.38176463816080464,0.37533417633025856,0.1,0.3858858596127714,0.37129044903125663,0.01,0.3798923191591497,0.3682852815216599,0.01,0.3913517561194004,0.38576502309995786,0.01
2022_18_TEN_JAX,2022,18,JAX,TEN,1,0.5776096295406501,0.5816537581014564,0.1,0.5832455155961075,0.6057499553567517,0.01,0.591296398909958,0.6134556237275779,0.01,0.5901419947219325,0.6147367492097713,0.01
2023_01_ARI_WAS,2023,1,WAS,ARI,1,0.574931185501222,0.5769374743628153,0.1,0.6010760037117057,0.6322442286123181,0.01,0.599150643414845,0.65817630339426,0.01,0.5891647672892694,0.651588233740613,0.01
2023_01_BUF_NYJ,2023,1,NYJ,BUF,1,0.3236297030187199,0.31549492093170267,0.1,0.3081815459164846,0.27872263212325654,0.01,0.3013396917178479,0.25960790938769346,0.01,0.30068823157254165,0.2568615010095377,0.01
2023_01_CAR_ATL,2023,1,ATL,CAR,1,0.528997344864324,0.529660468724657,0.1,0.5469363284442256,0.5447856157581775,0.01,0.5601030448200464,0.5522648456990613,0.01,0.5575183800823615,0.5512885841600373,0.01
2023_01_CIN_CLE,2023,1,CLE,CIN,1,0.430249937150846,0.4264227496782536,0.1,0.42326309517490257,0.4047204331542685,0.01,0.40907234674113857,0.3688859889689652,0.01,0.40270091952433107,0.3533873638001172,0.01
2023_01_DAL_NYG,2023,1,NYG,DAL,0,0.477596397466792,0.47621226027567054,0.1,0.48212075756205636,0.4895731361612658,0.01,0.46519643028136803,0.4392850025020097,0.01,0.4670742596517534,0.43998416614675645,0.01
2023_01_DET_KC,2023,1,KC,DET,0,0.6761157377590654,0.6821783562561557,0.1,0.6880929189654241,0.7132858149436978,0.01,0.6662916501834422,0.6862204678533433,0.01,0.6538010381227712,0.666660702884142,0.01
2023_01_GB_CHI,2023,1,CHI,GB,0,0.43708467714523735,0.4336355921325947,0.1,0.37508553461606003,0.3692857212191222,0.01,0.357392400939675,0.3533533346885551,0.01,0.3525501889768477,0.3423268042466583,0.01
2023_01_HOU_BAL,2023,1,BAL,HOU,1,0.71422040135939,0.7217867902666693,0.1,0.7226758779557149,0.7483115845350323,0.01,0.72766310445599,0.7647669099560538,0.01,0.7141823188000521,0.7477891291959933,0.01
2023_01_JAX_IND,2023,1,IND,JAX,0,0.31670109964314286,0.30832610689456685,0.1,0.32083982339435935,0.29786583146334494,0.01,0.30081274203158054,0.27151881064435257,0.01,0.3129700368817211,0.292064996423196,0.01
2023_01_LA_SEA,2023,1,SEA,LA,0,0.6078910830808374,0.6117052628384464,0.1,0.6268639457366847,0.6477212972488104,0.01,0.6244395677973059,0.6557174451954384,0.01,0.6296241842385392,0.6671818426477559,0.01
2023_01_LV_DEN,2023,1,DEN,LV,0,0.4636736487010991,0.46056534565669954,0.1,0.4634414517833837,0.4515987978385274,0.01,0.4825523968559199,0.46498033093733054,0.01,0.4716985609183168,0.4537788334606553,0.01
2023_01_MIA_LAC,2023,1,LAC,MIA,0,0.4837819010892466,0.4820529358985773,0.1,0.4968051743276927,0.48529376129203305,0.01,0.5411995605037618,0.558162221666702,0.01,0.5506233392332374,0.5715374476740139,0.01
2023_01_PHI_NE,2023,1,NE,PHI,0,0.37321774582788003,0.3667084210184706,0.1,0.3606903975437287,0.3417011677671111,0.01,0.3601475095277138,0.34579868602974934,0.01,0.3536195908303871,0.33678769234829303,0.01
2023_01_SF_PIT,2023,1,PIT,SF,0,0.38320519446397605,0.3777882160756639,0.1,0.40037339478798806,0.4053105200875763,0.01,0.4065495569549323,0.4261208916902649,0.01,0.42418762516774056,0.4674469941177312,0.01
2023_01_TB_MIN,2023,1,MIN,TB,0,0.5348368740196764,0.5355923238769973,0.1,0.5297254669483261,0.5131047050647609,0.01,0.5373350649905007,0.5354891505759242,0.01,0.5281205238509094,0.5237579640772845,0.01
2023_01_TEN_NO,2023,1,NO,TEN,1,0.5726477961909148,0.5746806449120412,0.1,0.6143728451205644,0.6233524138190646,0.01,0.588245938058973,0.5877822541041606,0.01,0.5983354799819233,0.6084210148982626,0.01
2023_02_BAL_CIN,2023,2,CIN,BAL,0,0.4474023458170089,0.4441204677402511,0.1,0.44039604056885656,0.4057202061989379,0.01,0.47569128514637843,0.446384794115009,0.01,0.477047035138765,0.46392205054644564,0.01
2023_02_CHI_TB,2023,2,TB,CHI,1,0.6412862343353118,0.645631810771526,0.1,0.6398474528910775,0.6124883856206988,0.01,0.6607204477454153,0.6059561657036135,0.01,0.6731588841995082,0.6314245611309351,0.01
2023_02_CLE_PIT,2023,2,PIT,CLE,1,0.3713235737553185,0.3656443549849081,0.1,0.40896571259984904,0.3818498422796342,0.01,0.4409813433326208,0.4527145787502519,0.01,0.4585601590659966,0.4892375811015703,0.01
2023_02_GB_ATL,2023,2,ATL,GB,1,0.44021608584457517,0.43658271505390034,0.1,0.4433508470188306,0.4452975091956944,0.01,0.4435461965562934,0.42472882508284043,0.01,0.4510176057434906,0.44486701181826627,0.01
2023_02_IND_HOU,2023,2,HOU,IND,0,0.5095796773601959,0.5093718471190227,0.1,0.4994004962178556,0.5051259328396307,0.01,0.5222923976795852,0.5552571573854986,0.01,0.5235762145410148,0.5523014559715442,0.01
2023_02_KC_JAX,2023,2,JAX,KC,0,0.44567563395636883,0.4416643470692842,0.1,0.47811959295250195,0.462480636403508,0.01,0.5027932609654837,0.48419092394456104,0.01,0.5210902266177156,0.5171217484746327,0.01
2023_02_LAC_TEN,2023,2,TEN,LAC,1,0.409403091323009,0.4039135266337335,0.1,0.3684232111174745,0.3538131173229896,0.01,0.33135724819796464,0.29852108854027587,0.01,0.332475048447055,0.2958780798443037,0.01
2023_02_LV_BUF,2023,2,BUF,LV,1,0.5911293618486197,0.5937738968862404,0.1,0.6673646720034049,0.6873259317439964,0.01,0.6826529468077817,0.7030831475236831,0.01,0.6838211531729164,0.7112959760833623,0.01
2023_02_MIA_NE,2023,2,NE,MIA,0,0.36188387696064667,0.35437620081013277,0.1,0.4143356102536565,0.37483756859386963,0.01,0.46073617537509776,0.44904279176484824,0.01,0.4899521940069882,0.5120490372002681,0.01
2023_02_MIN_PHI,2023,2,PHI,MIN,1,0.6515225744799245,0.6567039421635077,0.1,0.6483886851399506,0.6380110828720591,0.01,0.6593758813298044,0.6473512480689615,0.01,0.6827198117997394,0.6900198978851289,0.01
2023_02_NO_CAR,2023,2,CAR,NO,0,0.43418944982601476,0.4306196701454423,0.1,0.41189625591844503,0.40535486371155316,0.01,0.3906842925858493,0.3619299624082571,0.01,0.3822505878210532,0.3423742199349159,0.01
2023_02_NYG_ARI,2023,2,ARI,NYG,0,0.5218658522496085,0.5212990968771672,0.1,0.46306018572260516,0.4329063983247398,0.01,0.4939808502117189,0.450967559301586,0.01,0.48660747271612687,0.42547580555918046,0.01
2023_02_NYJ_DAL,2023,2,DAL,NYJ,1,0.6986607720241936,0.7052597553814375,0.1,0.7232802599232369,0.747403238502832,0.01,0.7101834019009393,0.7334356172174926,0.01,0.7109804328697796,0.7383365876733701,0.01
2023_02_SEA_DET,2023,2,DET,SEA,0,0.664482752011706,0.6701810412337201,0.1,0.6280778448766243,0.6309732790103313,0.01,0.6271894415371335,0.6221101440214348,0.01,0.6146459556698732,0.5995045052003029,0.01
2023_02_SF_LA,2023,2,LA,SF,0,0.33946616196669177,0.3325581502401254,0.1,0.3593061565633712,0.3259701354003328,0.01,0.34845572870154584,0.3056910811158636,0.01,0.35437404274588086,0.3226164807255998,0.01
2023_02_WAS_DEN,2023,2,DEN,WAS,0,0.5078759056386593,0.5080309095774088,0.1,0.4825304060750489,0.4926703449001215,0.01,0.506899309301032,0.5207583654135317,0.01,0.49880500469754435,0.5122110856158725,0.01
2023_03_ATL_DET,2023,3,DET,ATL,1,0.5087994325464534,0.5086489610834127,0.1,0.5041432796006519,0.4810593408996067,0.01,0.5002893052624607,0.4557596691902388,0.01,0.5141082362118599,0.4694498411634943,0.01
2023_03_BUF_WAS,2023,3,WAS,BUF,0,0.31103918913036177,0.30253655054171197,0.1,0.3055810216539834,0.292006680602031,0.01,0.29540903929593787,0.29645997441129424,0.01,0.2800996050551033,0.2838186331146237,0.01
2023_03_CAR_SEA,2023,3,SEA,CAR,1,0.6636108897030034,0.6699318860460395,0.1,0.6359955873402617,0.63552279709331,0.01,0.6741609597843229,0.6921512987455082,0.01,0.6683083672177204,0.6883923748234675,0.01
2023_03_CHI_KC,2023,3,KC,CHI,1,0.82672724320336,0.8354950039837551,0.1,0.8043359218202131,0.8007505361288896,0.01,0.7939808515977411,0.7514431783567982,0.01,0.7907279563706814,0.7402767018747604,0.01
2023_03_DAL_ARI,2023,3,ARI,DAL,1,0.2591317423425324,0.2503746566538975,0.1,0.2422583861269861,0.21415595242825666,0.01,0.2351873096507677,0.1909295454325817,0.01,0.23579123032551408,0.19063670131614122,0.01
2023_03_DEN_MIA,2023,3,MIA,DEN,1,0.7260982788782869,0.7339240886335222,0.1,0.6895956152073709,0.690932126494335,0.01,0.6541169767880954,0.6265297779495794,0.01,0.6454511021237742,0.5992674493979148,0.01
2023_03_HOU_JAX,2023,3,JAX,HOU,0,0.6662980351960912,0.6718467688225057,0.1,0.7457385654340856,0.7684372740541919,0.01,0.7530212492803956,0.7865992277859513,0.01,0.7496568013147158,0.785316561829979,0.01
2023_03_IND_BAL,2023,3,BAL,IND,0,0.7302054588375366,0.7382790032915949,0.1,0.7475741562301236,0.7734290639147705,0.01,0.7572981060491981,0.80490214137592,0.01,0.7465478708406044,0.791553050541296,0.01
2023_03_LAC_MIN,2023,3,MIN,LAC,0,0.45831412543228855,0.4551797947358878,0.1,0.41758188667006446,0.4487548635061138,0.01,0.3928939188446068,0.40636223330879795,0.01,0.3774881360084001,0.3906663011028288,0.01
2023_03_LA_CIN,2023,3,CIN,LA,1,0.4909276205120625,0.48938805121886947,0.1,0.5037711614261879,0.5004307647934526,0.01,0.532281841163432,0.5649235141661869,0.01,0.5272548542483224,0.5716052043482066,0.01
2023_03_NE_NYJ,2023,3,NYJ,NE,0,0.41596175344048314,0.4113195582232372,0.1,0.3935337778164368,0.378532103215593,0.01,0.38595617048290587,0.38277497495165685,0.01,0.3811625762112404,0.37057655117854743,0.01
2023_03_NO_GB,2023,3,GB,NO,1,0.5560396893903438,0.5582017081217855,0.1,0.5154123059113636,0.5011573385233824,0.01,0.5469981243904362,0.5504504128420358,0.01,0.5336960853902922,0.5259543025903272,0.01
2023_03_NYG_SF,2023,3,SF,NYG,1,0.7827693564094031,0.7910983249500678,0.1,0.7226895237055231,0.7254087063047632,0.01,0.7569129072836981,0.7603379028071191,0.01,0.7504704953677029,0.7350911326486989,0.01
2023_03_PHI_TB,2023,3,TB,PHI,0,0.45454211272412426,0.45149353478281085,0.1,0.4282675781294485,0.42177227526602873,0.01,0.431021491666043,0.41064896250625,0.01,0.4181252430187777,0.3772522143464688,0.01
2023_03_PIT_LV,2023,3,LV,PIT,0,0.631638520512209,0.6369667741829284,0.1,0.5725299280579728,0.5874457128214542,0.01,0.5113084647717,0.4996889300246395,0.01,0.49220851379134345,0.4473501726831853,0.01
2023_03_TEN_CLE,2023,3,CLE,TEN,1,0.6287652081788747,0.6325583138381,0.1,0.6602606344786589,0.6801228509637074,0.01,0.6555196513857167,0.6584350819070535,0.01,0.6613654290162968,0.6809823004482507,0.01
2023_04_ARI_SF,2023,4,SF,ARI,1,0.7833654155157833,0.791874144857258,0.1,0.7696342103611309,0.798560282362323,0.01,0.7723915882134423,0.807018316600209,0.01,0.7691885814703968,0.7919542061359682,0.01
2023_04_ATL_JAX,2023,4,JAX,ATL,1,0.4817546539889359,0.4798823780361445,0.1,0.5454684883326026,0.5459826335182634,0.01,0.5380425883674147,0.5367130403753839,0.01,0.5483702129885872,0.5521381128387922,0.01
2023_04_BAL_CLE,2023,4,CLE,BAL,0,0.5209222343593888,0.5201181549015569,0.1,0.5213838254401492,0.5347411088537861,0.01,0.5144702268247745,0.5183628117252178,0.01,0.52913982856345,0.5494698207642872,0.01
2023_04_CIN_TEN,2023,4,TEN,CIN,1,0.4024197203487436,0.39731582681035776,0.1,0.4149134324270336,0.43453824640556143,0.01,0.382713266023161,0.3861700605407653,0.01,0.3761751745728021,0.359384394052721,0.01
2023_04_DEN_CHI,2023,4,CHI,DEN,0,0.44958086981338485,0.44631245292791294,0.1,0.4743014641102954,0.48249188209673577,0.01,0.47468062993763893,0.5040137589420547,0.01,0.48900524721805183,0.5278426091266026,0.01
2023_04_DET_GB,2023,4,GB,DET,0,0.5268928694466235,0.5271494469376107,0.1,0.517015093237129,0.5271417948720897,0.01,0.5328245074702097,0.5729678689906175,0.01,0.5318168881113366,0.5750202701864671,0.01
2023_04_KC_NYJ,2023,4,NYJ,KC,0,0.1365480095469846,0.12672765684026982,0.1,0.15482309388527088,0.13055663975134052,0.01,0.17427001339398612,0.1573364728138341,0.01,0.18329803081431417,0.17498535552568847,0.01
2023_04_LA_IND,2023,4,IND,LA,0,0.4002619114367513,0.39453522893092957,0.1,0.39600278182291104,0.37544363618974114,0.01,0.38830245997496005,0.34071401159587134,0.01,0.41129090060169216,0.38144810608530516,0.01
2023_04_LV_LAC,2023,4,LAC,LV,1,0.6872008912062517,0.6938181335165376,0.1,0.6969842721790253,0.7187394053644793,0.01,0.7491911567617472,0.7853772270027893,0.01,0.7356255308523139,0.769017597370185,0.01
2023_04_MIA_BUF,2023,4,BUF,MIA,1,0.4916299166787576,0.4893774782470478,0.1,0.5271347531944123,0.5262532202272043,0.01,0.5918456640641624,0.6207267541897864,0.01,0.6307560850964584,0.6913838266645749,0.01
2023_04_MIN_CAR,2023,4,CAR,MIN,0,0.4499249381555339,0.4466264237735346,0.1,0.4435061545011428,0.40171023813367657,0.01,0.4467290926689986,0.4015338622116141,0.01,0.47912474386617504,0.4532353376374484,0.01
2023_04_NE_DAL,2023,4,DAL,NE,1,0.708762742350002,0.7158328699400098,0.1,0.6828298678474403,0.6881080211403312,0.01,0.7044472174489512,0.7407890767981351,0.01,0.6970956588254008,0.7220597459908997,0.01
2023_04_PIT_HOU,2023,4,HOU,PIT,1,0.5043208827232247,0.5038261867767301,0.1,0.46571624825862395,0.4694648006921189,0.01,0.44177448452913015,0.41734234236465095,0.01,0.41163729780591496,0.3482265624397618,0.01
2023_04_SEA_NYG,2023,4,NYG,SEA,0,0.3365132103135498,0.3289631693490025,0.1,0.3628255728998686,0.36642984081955426,0.01,0.3268191502273924,0.3277032247607461,0.01,0.33705728487478664,0.35268328098154156,0.01
2023_04_TB_NO,2023,4,NO,TB,0,0.5320500357790706,0.5322463190736109,0.1,0.5907922566142981,0.6058051981807494,0.01,0.5626381284278409,0.5695224984505144,0.01,0.5812957399612826,0.5993714611880232,0.01
2023_04_WAS_PHI,2023,4,PHI,WAS,1,0.7873844283165491,0.7963213620103874,0.1,0.7495663484508137,0.7714140735976901,0.01,0.7651330100212186,0.775392499401236,0.01,0.7709423519068144,0.7838841170542931,0.01
2023_05_BAL_PIT,2023,5,PIT,BAL,1,0.26317835582343857,0.2540209432016408,0.1,0.2461450293462362,0.2130555473920284,0.01,0.2740784297085734,0.26905959505187743,0.01,0.2954288957699267,0.3068974175637417,0.01
2023_05_CAR_DET,2023,5,DET,CAR,1,0.7353965469997303,0.7433719524826821,0.1,0.7319743585969799,0.7576521920511524,0.01,0.7267809147281366,0.7596357968863577,0.01,0.7147671980171514,0.7356364498964125,0.01
2023_05_CHI_WAS,2023,5,WAS,CHI,0,0.6422494232808497,0.6464984211088056,0.1,0.6560347411568717,0.6483937557467098,0.01,0.6478049609288584,0.6313687769364099,0.01,0.6505484947955327,0.6477323638396324,0.01
2023_05_CIN_ARI,2023,5,ARI,CIN,0,0.5737216194696874,0.5763640640539085,0.1,0.5291714150532422,0.5348150367140854,0.01,0.5203099148343742,0.5195453468283329,0.01,0.5178615620432222,0.5049151879643758,0.01
2023_05_DAL_SF,2023,5,SF,DAL,1,0.6156537704805513,0.620407366588813,0.1,0.5971581694215183,0.6118561716895227,0.01,0.5755648831719925,0.5708485802003772,0.01,0.5795017156285753,0.563715562671541,0.01
2023_05_GB_LV,2023,5,LV,GB,1,0.4149264263263522,0.41048684655381584,0.1,0.45335927186967956,0.4630594470785142,0.01,0.4038832265087741,0.39761927226342125,0.01,0.4117789867261794,0.40818953602121044,0.01
2023_05_HOU_ATL,2023,5,ATL,HOU,1,0.5037473595356956,0.5029671921419673,0.1,0.5577383357933312,0.5740053243019008,0.01,0.561171788633569,0.5922553852063186,0.01,0.5454378406819747,0.5824331429872475,0.01
2023_05_JAX_BUF,2023,5,BUF,JAX,0,0.8305335451316287,0.8396701275667442,0.1,0.7967290061910396,0.8183767898711206,0.01,0.7966640283171611,0.818586121782457,0.01,0.8067230897137394,0.8318521201993433,0.01
2023_05_KC_MIN,2023,5,MIN,KC,0,0.27019411460961795,0.2610145894568883,0.1,0.30631727023077987,0.295536215908658,0.01,0.32367499302776953,0.29520028413068117,0.01,0.31690868269270295,0.28758865079138607,0.01
2023_05_NO_NE,2023,5,NE,NO,0,0.46209858477684235,0.45942255159044226,0.1,0.4578102315136761,0.43903603901014326,0.01,0.4390349388518924,0.37447479044759807,0.01,0.43067133381489237,0.3648833455077786,0.01
2023_05_NYG_MIA,2023,5,MIA,NYG,1,0.8716118877646107,0.8805323557635619,0.1,0.8189143753725355,0.84125377469008,0.01,0.8153366814544987,0.8333921994701381,0.01,0.7844798839788154,0.7706250724801903,0.01
2023_05_NYJ_DEN,2023,5,DEN,NYJ,0,0.6344390175670213,0.6401020546210554,0.1,0.6117621533891476,0.6359164688078806,0.01,0.6078679519033013,0.638559755026139,0.01,0.5949710134111528,0.6171375947231232,0.01
2023_05_PHI_LA,2023,5,LA,PHI,0,0.41300103446605924,0.40838093551673066,0.1,0.3906773586148653,0.36673581392216387,0.01,0.37436478221926234,0.3299546626328096,0.01,0.3797390870250215,0.3331454693662063,0.01
2023_05_TEN_IND,2023,5,IND,TEN,1,0.4738494467304745,0.4715898041428311,0.1,0.49491154496103734,0.48573119452693336,0.01,0.49656824638125635,0.46590972141867504,0.01,0.5202642089736196,0.5171141876060552,0.01
2023_06_ARI_LA,2023,6,LA,ARI,1,0.6226598636706344,0.6268963081341884,0.1,0.6446242781309395,0.6738184947541851,0.01,0.6286902310671664,0.6668737599945251,0.01,0.6456874361496623,0.6951614737199153,0.01
2023_06_BAL_TEN,2023,6,TEN,BAL,0,0.3998442456410581,0.39521365760290317,0.1,0.3402423743463204,0.32801367233780765,0.01,0.33297263397824817,0.3386590687357241,0.01,0.34035840651818416,0.3429200338082929,0.01
2023_06_CAR_MIA,2023,6,MIA,CAR,1,0.8532636893011858,0.862425342076456,0.1,0.8391283552589194,0.8679894698718207,0.01,0.8110711840706796,0.842333103600899,0.01,0.7863505915968227,0.8004349591648459,0.01
2023_06_DAL_LAC,2023,6,LAC,DAL,0,0.49809212258348295,0.4980700401447602,0.1,0.4943728193200009,0.5096566248881568,0.01,0.49111057343000497,0.5053978298916627,0.01,0.4817856243201375,0.48585483221389114,0.01
2023_06_DEN_KC,2023,6,KC,DEN,1,0.8316388545555526,0.8403849717195426,0.1,0.8218423201059798,0.842497202999609,0.01,0.7950710108961819,0.8144277910768587,0.01,0.8010283549442343,0.8228565193401575,0.01
2023_06_DET_TB,2023,6,TB,DET,0,0.4416446241081628,0.43781210924303243,0.1,0.43152224154769275,0.43896799103822837,0.01,0.4432554125008651,0.48716253369998586,0.01,0.44227632233132036,0.5014476040686037,0.01
2023_06_IND_JAX,2023,6,JAX,IND,1,0.5853790838310998,0.5881576703324115,0.1,0.6264158199512468,0.6308621286874614,0.01,0.6551140667511279,0.6837921617424083,0.01,0.6339805845284343,0.6489696864316592,0.01
2023_06_MIN_CHI,2023,6,CHI,MIN,0,0.43651619970081823,0.4333859651234776,0.1,0.40241729991356995,0.3915261225287867,0.01,0.41819866145362156,0.45769231283489836,0.01,0.43312220701575993,0.48401200229067903,0.01
2023_06_NE_LV,2023,6,LV,NE,1,0.6413685673530016,0.6470150496869892,0.1,0.6328088603041591,0.6460809781668415,0.01,0.6310321919654437,0.6785489578994438,0.01,0.6274453770320736,0.6600990554765531,0.01
2023_06_NO_HOU,2023,6,HOU,NO,1,0.4440371942742048,0.4412667235895948,0.1,0.38442455155452404,0.3570902173264312,0.01,0.38017499884276745,0.32899790306557497,0.01,0.3640306131737448,0.2869764057491795,0.01
2023_06_NYG_BUF,2023,6,BUF,NYG,1,0.8957546607853812,0.9038576334904915,0.1,0.8729589849205671,0.8971743296878871,0.01,0.8856783427621163,0.9139741885199129,0.01,0.885051018927963,0.9105294583148056,0.01
2023_06_PHI_NYJ,2023,6,NYJ,PHI,1,0.22571364666233432,0.2154570315380552,0.1,0.21797504242124946,0.18310043799322884,0.01,0.22410853888444537,0.1880924421995375,0.01,0.2150968595040018,0.168716217064625,0.01
2023_06_SEA_CIN,2023,6,CIN,SEA,1,0.3930054497871459,0.3873116675107035,0.1,0.41045610720294673,0.40685482915611937,0.01,0.42180287769590646,0.43099259967777886,0.01,0.4296734889996699,0.4524796480894975,0.01
2023_06_SF_CLE,2023,6,CLE,SF,1,0.19650196739270093,0.18590481029795133,0.1,0.2346995155664011,0.22240463700970053,0.01,0.20118697074385258,0.17102851435858513,0.01,0.2120955850306893,0.20169239172890624,0.01
2023_06_WAS_ATL,2023,6,ATL,WAS,0,0.5759190130079533,0.5779983227458207,0.1,0.562653056153635,0.5684803029747539,0.01,0.5755322383211109,0.5416871284788676,0.01,0.5620027144166405,0.504070048103851,0.01
2023_07_ARI_SEA,2023,7,SEA,ARI,1,0.7067261336855513,0.7137115228296755,0.1,0.7371107614765973,0.7596266762797882,0.01,0.74080633318704,0.7680514718921779,0.01,0.7481321478825428,0.7791271852787639,0.01
2023_07_ATL_TB,2023,7,TB,ATL,0,0.6072772264693885,0.610892065501791,0.1,0.5553244154944679,0.5621333889205453,0.01,0.5808417603128813,0.6060066020809888,0.01,0.5887400387577167,0.623011399862089,0.01
2023_07_BUF_NE,2023,7,NE,BUF,1,0.13564590805694354,0.12579202126253072,0.1,0.16371944357090984,0.14449432738071094,0.01,0.1552123707102914,0.12955256708660928,0.01,0.15311845288968062,0.13140262890550786,0.01
2023_07_CLE_IND,2023,7,IND,CLE,0,0.47274280299661064,0.47136813057578564,0.1,0.4088096789526115,0.3820666024942343,0.01,0.4275191640541967,0.4051681105955423,0.01,0.4336047098011879,0.40769441270012025,0.01
2023_07_DET_BAL,2023,7,BAL,DET,1,0.43779959085789105,0.43362056460371184,0.1,0.494439211973127,0.5039445864932218,0.01,0.4702154866546435,0.4630193110437189,0.01,0.4628186090570024,0.45170007916032945,0.01
2023_07_GB_DEN,2023,7,DEN,GB,1,0.39410606035905976,0.3891066262643623,0.1,0.40126939279884144,0.40120071859512524,0.01,0.39630436369631133,0.37969771114348905,0.01,0.3795835055909992,0.35536860740762855,0.01
2023_07_JAX_NO,2023,7,NO,JAX,0,0.5564598936967553,0.5576085479935823,0.1,0.5536526839550123,0.5745595759491523,0.01,0.537389710986395,0.558538531523653,0.01,0.5443944228907095,0.5784972280878969,0.01
2023_07_LAC_KC,2023,7,KC,LAC,1,0.694387061065843,0.7008029229167442,0.1,0.6902567467471471,0.704962328087206,0.01,0.6499618936161612,0.6453219325211054,0.01,0.6593549854469867,0.6603974134289723,0.01
2023_07_LV_CHI,2023,7,CHI,LV,1,0.4490836968690934,0.4462330449440794,0.1,0.4581918327902914,0.4723017048384805,0.01,0.46695222803474457,0.4967619594067687,0.01,0.4691139669396397,0.5023876631003086,0.01
2023_07_MIA_PHI,2023,7,PHI,MIA,1,0.3852075927457121,0.3790779198923672,0.1,0.4267286694002509,0.4308623491257565,0.01,0.4675017670645646,0.5090214234786553,0.01,0.49925989783718294,0.5823600394348717,0.01
2023_07_PIT_LA,2023,7,LA,PIT,0,0.7069842283728203,0.7144993603970887,0.1,0.7075730520999364,0.7367199995645912,0.01,0.6814015363236785,0.6953845520550391,0.01,0.6686150719505837,0.6715882561550138,0.01
2023_07_SF_MIN,2023,7,MIN,SF,1,0.22647077013019948,0.21669409868835499,0.1,0.2521108956006964,0.23253162355317128,0.01,0.22530241685105873,0.1786268073318677,0.01,0.21366371051136682,0.16527936982010266,0.01
2023_07_WAS_NYG,2023,7,NYG,WAS,1,0.4150226602318147,0.4105833781953742,0.1,0.43094516685099693,0.4060892625141094,0.01,0.4199174222590166,0.35556945449229915,0.01,0.43447351429324316,0.36946938014939973,0.01
2023_08_ATL_TEN,2023,8,TEN,ATL,1,0.5181634816933233,0.5182536717530294,0.1,0.45685294710201474,0.4538079640134788,0.01,0.44916226810248966,0.4484097004858419,0.01,0.46335683630153335,0.46462011840711054,0.01
2023_08_BAL_ARI,2023,8,ARI,BAL,0,0.26093661865616175,0.2520522542015318,0.1,0.21685881759715966,0.1750934185952675,0.01,0.24449217890797903,0.21258572795481837,0.01,0.2529902307516271,0.23246998580622932,0.01
2023_08_CHI_LAC,2023,8,LAC,CHI,1,0.6585265751037639,0.664197534932492,0.1,0.6220126560451713,0.6210641425422642,0.01,0.6390005783624124,0.6490590323131974,0.01,0.641199751821654,0.6548962034478276,0.01
2023_08_CIN_SF,2023,8,SF,CIN,0,0.8004366750566878,0.8094040166524129,0.1,0.7904480849925729,0.8193945757804585,0.01,0.7790189543170386,0.8149223847420713,0.01,0.7726004120255459,0.799120540040399,0.01
2023_08_CLE_SEA,2023,8,SEA,CLE,1,0.6697933692469809,0.6765645586583078,0.1,0.6423262644332753,0.633325104812098,0.01,0.6588640268977696,0.6207640468480653,0.01,0.6349853188860137,0.5569973246535189,0.01
2023_08_HOU_CAR,2023,8,CAR,HOU,1,0.4240536037723792,0.4201023562558588,0.1,0.46619032943457017,0.44713995617095675,0.01,0.46633947693309696,0.43862887606803774,0.01,0.4797474078507802,0.47005988907440155,0.01
2023_08_JAX_PIT,2023,8,PIT,JAX,0,0.4210476598366038,0.4167532271972184,0.1,0.3975366547409725,0.37940778780310436,0.01,0.40084145900996676,0.39010383849178565,0.01,0.4195004704670924,0.42414763262497435,0.01
2023_08_KC_DEN,2023,8,DEN,KC,1,0.18881039833977703,0.17899433448304305,0.1,0.20043185473835312,0.17461921280063347,0.01,0.22003491852634763,0.18774803257813116,0.01,0.20921495468524615,0.1718533444758157,0.01
2023_08_LA_DAL,2023,8,DAL,LA,1,0.594402099351102,0.5967984264471656,0.1,0.5995575025702933,0.6017750885212321,0.01,0.6313999435187438,0.6696301562146633,0.01,0.6386110029808268,0.6806843701570123,0.01
2023_08_LV_DET,2023,8,DET,LV,1,0.7249371901635524,0.7325415223116974,0.1,0.7116425250944034,0.7339806981193893,0.01,0.7465669328717532,0.7701351640115397,0.01,0.7441481824159832,0.7680932607348415,0.01
2023_08_MIN_GB,2023,8,GB,MIN,0,0.5269294094725884,0.527331496216715,0.1,0.5219932797620317,0.5085092242377123,0.01,0.5264125116316483,0.5500748080463775,0.01,0.5540890625518461,0.5895521115940557,0.01
2023_08_NE_MIA,2023,8,MIA,NE,1,0.8516983861836505,0.8610453317087653,0.1,0.82036960062214,0.8394363063493059,0.01,0.7933677846770584,0.8144637104633151,0.01,0.7772193755973514,0.7747290363107368,0.01
2023_08_NO_IND,2023,8,IND,NO,0,0.4312683917792865,0.4276913550408503,0.1,0.40155065269592266,0.38294755564288796,0.01,0.3763374969455029,0.33013037860265343,0.01,0.38955366829735594,0.34609086833346636,0.01
2023_08_NYJ_NYG,2023,8,NYG,NYJ,0,0.5071053795350409,0.506817982103291,0.1,0.5450786596832677,0.5496211536806689,0.01,0.5157013659415547,0.48940600530687206,0.01,0.5402580443178744,0.5425334020080956,0.01
2023_08_PHI_WAS,2023,8,WAS,PHI,0,0.2709051391101348,0.2616234491459999,0.1,0.2815584562107956,0.24986759802214026,0.01,0.30080092199572495,0.297917764509248,0.01,0.29560161212289976,0.30088280909784004,0.01
2023_08_TB_BUF,2023,8,BUF,TB,1,0.780546806216666,0.7895083466808369,0.1,0.7962173541010378,0.8101856235589888,0.01,0.7828684012578213,0.7714603045746564,0.01,0.7925157881298859,0.7869304205986438,0.01
2023_09_ARI_CLE,2023,9,CLE,ARI,1,0.6052109303077171,0.6078184828794994,0.1,0.6512406807254252,0.6922082086056549,0.01,0.6304252774655092,0.6946258152710904,0.01,0.6594327965976223,0.7486993256137924,0.01
2023_09_BUF_CIN,2023,9,CIN,BUF,1,0.26586720990088697,0.25640842072003,0.1,0.2763335055020197,0.2415668040735382,0.01,0.3134462016503588,0.2927307528381421,0.01,0.31853891948535173,0.3074788903900392,0.01
2023_09_CHI_NO,2023,9,NO,CHI,1,0.6651615985343199,0.6702931296871427,0.1,0.6612623516354224,0.6737502774003911,0.01,0.6781570750735819,0.694807980715982,0.01,0.6909407280444875,0.7291308299257797,0.01
2023_09_DAL_PHI,2023,9,PHI,DAL,1,0.535313002748815,0.5366078916852025,0.1,0.5473253268841799,0.5679491789241623,0.01,0.5058396494498151,0.49563737670835045,0.01,0.509606947259715,0.5038636331036545,0.01
2023_09_IND_CAR,2023,9,CAR,IND,0,0.44301349775460075,0.4398355183460504,0.1,0.45970911076768767,0.43598293454520354,0.01,0.47294421195728026,0.4335005168545603,0.01,0.45448879192086133,0.3949025883194144,0.01
2023_09_LAC_NYJ,2023,9,NYJ,LAC,0,0.3023754071898413,0.2931125303840474,0.1,0.34857649472070995,0.3231704518833155,0.01,0.3458356338882131,0.30455957693857744,0.01,0.3379848493393174,0.2894284705102842,0.01
2023_09_LA_GB,2023,9,GB,LA,1,0.45357964783463806,0.45065430902639664,0.1,0.4603569211453076,0.455224512673381,0.01,0.4666087408047848,0.4933399689819958,0.01,0.4698555635651717,0.49082617761071534,0.01
2023_09_MIA_KC,2023,9,KC,MIA,1,0.48778868977500056,0.48583763232555083,0.1,0.5072667884661193,0.5069480974255286,0.01,0.5270465518251731,0.5580229040590309,0.01,0.5543948527464406,0.6134421082984578,0.01
2023_09_MIN_ATL,2023,9,ATL,MIN,0,0.40914749911254006,0.40422321880042605,0.1,0.4672324123004825,0.4628372979671882,0.01,0.46952562360987854,0.500503056376975,0.01,0.4907684286166139,0.5353249814805551,0.01
2023_09_NYG_LV,2023,9,LV,NYG,1,0.5577592340870229,0.5596474725895179,0.1,0.5580440163938986,0.5581563807230739,0.01,0.5425428730111858,0.5575147169992856,0.01,0.5212304563993662,0.5046137397843367,0.01
2023_09_SEA_BAL,2023,9,BAL,SEA,1,0.5750191004910572,0.5768720325816659,0.1,0.5840516457300204,0.6094746736100014,0.01,0.5678666190837514,0.5683829816880636,0.01,0.5476320270280268,0.5323543432050353,0.01
2023_09_TB_HOU,2023,9,HOU,TB,1,0.5007886689337538,0.4999041113180293,0.1,0.5109244430735086,0.505155736873019,0.01,0.48988998747993884,0.4444882967261878,0.01,0.49652946447824725,0.43862912084842426,0.01
2023_09_TEN_PIT,2023,9,PIT,TEN,1,0.454268639935133,0.45096989898338785,0.1,0.479433549960475,0.4468303347828012,0.01,0.5239562966333177,0.5115853173890161,0.01,0.5391053750390792,0.5476024233939415,0.01
2023_09_WAS_NE,2023,9,NE,WAS,0,0.4434659002027954,0.4397511161372776,0.1,0.45588465086146557,0.44701555863208176,0.01,0.4474950089760058,0.38235152219452434,0.01,0.4433194064873214,0.36444911952562226,0.01
2023_10_ATL_ARI,2023,10,ARI,ATL,1,0.38899687490331925,0.38359767425938224,0.1,0.3570483507431391,0.316463465905091,0.01,0.36731708443522143,0.31015901656174005,0.01,0.3648366875352543,0.30395391755149326,0.01
2023_10_CAR_CHI,2023,10,CHI,CAR,1,0.6092060542314331,0.6131618895209651,0.1,0.620816376412232,0.6548622587808648,0.01,0.6078225188024403,0.6670205523478551,0.01,0.6000163929216645,0.6540955710526903,0.01
2023_10_CLE_BAL,2023,10,BAL,CLE,0,0.7236848793297644,0.7317002537800086,0.1,0.7150521365977736,0.7325846746018756,0.01,0.7099897853416814,0.6904626165936406,0.01,0.6704552578050035,0.5996459077587868,0.01
2023_10_DEN_BUF,2023,10,BUF,DEN,0,0.8242681891580252,0.8332211003896792,0.1,0.8318473301281178,0.851640070111649,0.01,0.8182348348557127,0.8237455080529599,0.01,0.8302534304887997,0.8437949015049938,0.01
2023_10_DET_LAC,2023,10,LAC,DET,0,0.4881654720838426,0.48687470108685665,0.1,0.4556564158584869,0.45321325709453686,0.01,0.4615658295265653,0.48877864232660223,0.01,0.47221967078966565,0.5076556637429962,0.01
2023_10_GB_PIT,2023,10,PIT,GB,1,0.45042469634633275,0.4470164858087872,0.1,0.44658386555360297,0.4213845202897845,0.01,0.47207486202473725,0.44227378624235153,0.01,0.49528844446016895,0.4860039586262424,0.01
2023_10_HOU_CIN,2023,10,CIN,HOU,0,0.5609658034103472,0.5626364745438845,0.1,0.5992744800649712,0.5826152590761267,0.01,0.6375596844347007,0.6346360838153416,0.01,0.6455683748553008,0.6640004632422023,0.01
2023_10_IND_NE,2023,10,NE,IND,0,0.41599406498151204,0.4114644273139736,0.1,0.47402132154651155,0.4750444610329534,0.01,0.4770497938210847,0.47680144366023997,0.01,0.45608829753145197,0.4461631015392259,0.01
2023_10_NO_MIN,2023,10,MIN,NO,1,0.5205567206683622,0.5208954092598522,0.1,0.4804149419927432,0.47737952784174664,0.01,0.4490180728371646,0.3936695230599007,0.01,0.4077760845607034,0.3182557113939476,0.01
2023_10_NYG_DAL,2023,10,DAL,NYG,1,0.8227169117140967,0.8317320960581664,0.1,0.7942841231561492,0.8184699917601577,0.01,0.8086581239339813,0.84615603230449,0.01,0.8037572323264398,0.8330357247027947,0.01
2023_10_NYJ_LV,2023,10,LV,NYJ,1,0.6174393815214729,0.622030491282445,0.1,0.619808439342903,0.6321118408480964,0.01,0.5932410540441443,0.6086106817606373,0.01,0.5962385685671093,0.6133878820575213,0.01
2023_10_SF_JAX,2023,10,JAX,SF,0,0.297844148824395,0.2889618054129096,0.1,0.31432994953375626,0.2936718618582217,0.01,0.32435800752457206,0.29480019855400325,0.01,0.3360829895021007,0.31817779619893666,0.01
2023_10_TEN_TB,2023,10,TB,TEN,1,0.5556198111320747,0.5570475101861913,0.1,0.538525183096197,0.5323762787776288,0.01,0.5760638898607845,0.6007934567659939,0.01,0.5673908397252652,0.5995643937079996,0.01
2023_10_WAS_SEA,2023,10,SEA,WAS,1,0.6359934383669648,0.6407205785770612,0.1,0.6141482158781495,0.599550781478755,0.01,0.6087194989867282,0.5432619631267068,0.01,0.6071867665529346,0.5171045593240077,0.01
2023_11_ARI_HOU,2023,11,HOU,ARI,1,0.7085407709498984,0.7157743518650673,0.1,0.6728477602536521,0.7078972311664202,0.01,0.6741076807623403,0.7189585364233156,0.01,0.673141749382257,0.7095283906475072,0.01
2023_11_CHI_DET,2023,11,DET,CHI,1,0.725659059475591,0.7332811766880882,0.1,0.6919443772661256,0.6923421378357305,0.01,0.7150077904612795,0.7006356713745485,0.01,0.7118211599925125,0.6927344156883845,0.01
2023_11_CIN_BAL,2023,11,BAL,CIN,1,0.6520755260149064,0.6569622909109947,0.1,0.6765214416749507,0.7095103893142751,0.01,0.6265606940041533,0.6182442705634924,0.01,0.5980333965604514,0.5575142711708523,0.01
2023_11_DAL_CAR,2023,11,CAR,DAL,0,0.1978160305198256,0.18790815372043274,0.1,0.20244068174257707,0.16782904636615217,0.01,0.19650632068450122,0.14476801485821578,0.01,0.18911043064254665,0.13419751621746343,0.01
2023_11_LAC_GB,2023,11,GB,LAC,1,0.4512517135507201,0.44792651231763486,0.1,0.4910983054006839,0.4933185471766139,0.01,0.4754929167443204,0.4782982489599645,0.01,0.45717873750172583,0.4486504578824734,0.01
2023_11_LV_MIA,2023,11,MIA,LV,1,0.8032451536898079,0.812552312929312,0.1,0.766922612860561,0.7969331193590752,0.01,0.7504506847480896,0.7747786436958929,0.01,0.7320376333893105,0.7425494252704056,0.01
2023_11_MIN_DEN,2023,11,DEN,MIN,1,0.3743636202290851,0.36862431577185123,0.1,0.37986043645202733,0.35336105886746144,0.01,0.40037770861869615,0.4013876879754804,0.01,0.40929545205463236,0.41145897405658416,0.01
2023_11_NYG_WAS,2023,11,WAS,NYG,0,0.6863607027188857,0.6931151974380021,0.1,0.6751264047307064,0.7095003300475267,0.01,0.6785380944853607,0.7455298278924737,0.01,0.6634434541070712,0.7287105751217371,0.01
2023_11_NYJ_BUF,2023,11,BUF,NYJ,1,0.8588240185605625,0.8681241663226109,0.1,0.8572262787631486,0.8864790889464743,0.01,0.8468933000909092,0.8766533589547765,0.01,0.8508723568478473,0.8856117923795425,0.01
2023_11_PHI_KC,2023,11,KC,PHI,0,0.5603942152029553,0.56177609732261,0.1,0.5535638655769068,0.5508802619828022,0.01,0.5458316193091256,0.551256424267876,0.01,0.5413838267567352,0.5399767024989438,0.01
2023_11_PIT_CLE,2023,11,CLE,PIT,1,0.5964016738792288,0.5987999898509897,0.1,0.6039949976311012,0.6279584490831231,0.01,0.5718225298839781,0.5883370788205938,0.01,0.5706305332429183,0.5962686831831981,0.01
2023_11_SEA_LA,2023,11,LA,SEA,1,0.46091998983524757,0.4583070541957935,0.1,0.44956870065858673,0.45361698920780635,0.01,0.4414437588269965,0.43889196915131407,0.01,0.4347039499478112,0.43730932115264093,0.01
2023_11_TB_SF,2023,11,SF,TB,1,0.7736594557286057,0.7822492636080273,0.1,0.8108710205549011,0.8318091280256628,0.01,0.8095071882885477,0.8238780352667816,0.01,0.8133972161742988,0.8250043051548527,0.01
2023_11_TEN_JAX,2023,11,JAX,TEN,1,0.5470127112349894,0.5477407133066206,0.1,0.6001176544926891,0.587820168294908,0.01,0.6261817825166505,0.6126306465183391,0.01,0.6384935944642631,0.6386931830917205,0.01
2023_12_BAL_LAC,2023,12,LAC,BAL,0,0.43325373525894867,0.4301857544090884,0.1,0.3766912887597765,0.3527293722087121,0.01,0.3973572921086497,0.4104745998760505,0.01,0.41826968277152393,0.4445303131547074,0.01
2023_12_BUF_PHI,2023,12,PHI,BUF,1,0.44839260028061856,0.44528948416156583,0.1,0.43688748291583906,0.4369000269894799,0.01,0.42422711852515654,0.4253643691145173,0.01,0.4312677837495771,0.43630063347290227,0.01
2023_12_CAR_TEN,2023,12,TEN,CAR,1,0.6406130530472326,0.6456844793455367,0.1,0.614674561999339,0.656888757581856,0.01,0.6073071173377933,0.6666632242907573,0.01,0.6102312348369916,0.6684589374343054,0.01
2023_12_CHI_MIN,2023,12,MIN,CHI,0,0.6514710364532437,0.6565447638225038,0.1,0.6275584397516816,0.6414788836222034,0.01,0.626903230334969,0.6127278218503537,0.01,0.5961710197059025,0.5665080546900659,0.01
2023_12_CLE_DEN,2023,12,DEN,CLE,1,0.44544922984000385,0.4434490620677876,0.1,0.41093298666573363,0.3878124184656339,0.01,0.43712743600233395,0.41180925113572153,0.01,0.4006659459976086,0.3391136518329408,0.01
2023_12_GB_DET,2023,12,DET,GB,0,0.6445935352058423,0.6497369567778952,0.1,0.6405025479656921,0.636543372255561,0.01,0.6496737751016156,0.6134834868742337,0.01,0.6679541489185723,0.6405712978092136,0.01
2023_12_JAX_HOU,2023,12,HOU,JAX,0,0.5474061613553598,0.5487976426516359,0.1,0.4952038808252501,0.5038976315264412,0.01,0.47418152049443174,0.47421201324942336,0.01,0.46578818009827055,0.45331167454585114,0.01
2023_12_KC_LV,2023,12,LV,KC,0,0.24853293970564933,0.2388285310973338,0.1,0.27800619512114755,0.24816609613723023,0.01,0.28524830942596385,0.25564453632758327,0.01,0.2828396047542044,0.2488110240166674,0.01
2023_12_LA_ARI,2023,12,ARI,LA,0,0.3788968833769644,0.3728545800947899,0.1,0.37812099572821395,0.343084536312846,0.01,0.39002223307274725,0.34816131876427137,0.01,0.3994244100127038,0.3593397768325425,0.01
2023_12_MIA_NYJ,2023,12,NYJ,MIA,0,0.17169286890776003,0.16110303280728067,0.1,0.2003068307735288,0.16712775014095022,0.01,0.22743064337591398,0.19789562214337392,0.01,0.24071825504990968,0.22028628524145508,0.01
2023_12_NE_NYG,2023,12,NYG,NE,1,0.4720346883186008,0.46987239370592,0.1,0.44519114214974176,0.41786550444839604,0.01,0.454167602297554,0.42694425703169214,0.01,0.4730749870533774,0.4590805625833501,0.01
2023_12_NO_ATL,2023,12,ATL,NO,1,0.41959582430975756,0.4154376843800851,0.1,0.42766484114732983,0.4131863098208841,0.01,0.40183842376898576,0.36091738498346926,0.01,0.392104984333418,0.3361769838815428,0.01
2023_12_PIT_CIN,2023,12,CIN,PIT,0,0.6147878285571691,0.6190921961552531,0.1,0.6049864288679687,0.6070007179592327,0.01,0.6062815330727326,0.6016704543751685,0.01,0.597928751789023,0.5924412362225747,0.01
2023_12_SF_SEA,2023,12,SEA,SF,0,0.28987407185838965,0.2812075271863735,0.1,0.28663253309631226,0.25719867188893697,0.01,0.27874674183925974,0.24028408374672633,0.01,0.2837536973301824,0.2524812803150839,0.01
2023_12_TB_IND,2023,12,IND,TB,1,0.47308534958160786,0.4707372569113411,0.1,0.49748415932451956,0.48632665241689443,0.01,0.4845885276905847,0.44978445197945954,0.01,0.5101953426168473,0.4964637285945714,0.01
2023_12_WAS_DAL,2023,12,DAL,WAS,1,0.7789033334395359,0.7872950963958893,0.1,0.746910844326923,0.7572309952791797,0.01,0.7564679071661481,0.7529347686268728,0.01,0.7661422665964884,0.7585984913182673,0.01
2023_13_ARI_PIT,2023,13,PIT,ARI,0,0.6603473751030668,0.6657100808728984,0.1,0.666324145977253,0.6982272211628227,0.01,0.6819073813663591,0.7347763133824547,0.01,0.6956917311766085,0.7550232658660667,0.01
2023_13_ATL_NYJ,2023,13,NYJ,ATL,0,0.3449918324892825,0.33735141842824107,0.1,0.3532474647486274,0.321541692020721,0.01,0.3705315763064035,0.34196159657774067,0.01,0.3562724351904493,0.31245216000323756,0.01
2023_13_CAR_TB,2023,13,TB,CAR,1,0.6877249177838125,0.6943240665889343,0.1,0.656486472322412,0.6838479910021212,0.01,0.6710571391148535,0.7292765834671076,0.01,0.6650052738308609,0.7229154661531875,0.01
2023_13_CIN_JAX,2023,13,JAX,CIN,0,0.4999398525050148,0.49867050139602304,0.1,0.5241943835484729,0.5310724774784298,0.01,0.5021737765391882,0.49123460347781933,0.01,0.5042847605573968,0.4858048093222421,0.01
2023_13_CLE_LA,2023,13,LA,CLE,1,0.5708412183039063,0.5739803534877683,0.1,0.5459980164659648,0.5427381940863155,0.01,0.5392005543854175,0.5130249046402093,0.01,0.512063788441633,0.4599469123795972,0.01
2023_13_DEN_HOU,2023,13,HOU,DEN,1,0.5934861349485966,0.5964494461639835,0.1,0.5728190025071263,0.5847135804278605,0.01,0.5562144258712058,0.5497424982995429,0.01,0.5701368168128088,0.5693363913047412,0.01
2023_13_DET_NO,2023,13,NO,DET,0,0.4513231633520181,0.4477391523103028,0.1,0.4762739264064733,0.4868689143334533,0.01,0.4998681592809738,0.5557614537598488,0.01,0.5225193089047262,0.6111428952292776,0.01
2023_13_IND_TEN,2023,13,TEN,IND,0,0.5099572115773618,0.509749008149341,0.1,0.5119358666195584,0.5351826722431908,0.01,0.4990110491833538,0.529138752323059,0.01,0.48599855232230205,0.49633242438220354,0.01
2023_13_KC_GB,2023,13,GB,KC,1,0.3608826160508356,0.3543945377440498,0.1,0.3548246497809391,0.3379512988801857,0.01,0.37559758847984204,0.3819681390981558,0.01,0.3414395568269165,0.3295115747509059,0.01
2023_13_LAC_NE,2023,13,NE,LAC,0,0.3498337705193596,0.3422895654164744,0.1,0.43284160826012114,0.43138197925448163,0.01,0.4272857021669944,0.4247168863796256,0.01,0.4239456649624629,0.4389311602005678,0.01
2023_13_MIA_WAS,2023,13,WAS,MIA,0,0.243846869586346,0.23415958861652222,0.1,0.2906645437269716,0.27693657417950834,0.01,0.3177125727214106,0.3413640397531676,0.01,0.3235821217361276,0.37090289351494654,0.01
2023_13_SEA_DAL,2023,13,DAL,SEA,1,0.7337887360130962,0.7413086771750348,0.1,0.7033612940797311,0.7249601349979206,0.01,0.7024251205118082,0.7239780030846025,0.01,0.6986812165358242,0.7148359504366492,0.01
2023_13_SF_PHI,2023,13,PHI,SF,0,0.3780121949379987,0.3723956508792794,0.1,0.3828638435072016,0.3833971788475516,0.01,0.3503323003656459,0.3413532119234841,0.01,0.3601801509047165,0.3627728589596066,0.01
2023_14_BUF_KC,2023,14,KC,BUF,0,0.4683514031874078,0.4660089203950672,0.1,0.46409192448359265,0.463937029178272,0.01,0.44189752977405494,0.4416732529165963,0.01,0.4421992485172232,0.43258477589096783,0.01
2023_14_CAR_NO,2023,14,NO,CAR,1,0.712415455886219,0.7195197976100021,0.1,0.7231656670625345,0.7549136908819164,0.01,0.7442828393446475,0.8036065815778236,0.01,0.7519202291811307,0.8222804846590307,0.01
2023_14_DEN_LAC,2023,14,LAC,DEN,0,0.6303526645398387,0.6349834116135572,0.1,0.5972824328120584,0.5973823188221316,0.01,0.5860922796051953,0.5682034956858314,0.01,0.6060836707996544,0.5936322960118134,0.01
2023_14_DET_CHI,2023,14,CHI,DET,1,0.3536341679004526,0.3466341302018139,0.1,0.38124867513410227,0.3830965599651925,0.01,0.3775614566458547,0.3986022975615333,0.01,0.39290190154054516,0.4298985285160122,0.01
2023_14_GB_NYG,2023,14,NYG,GB,1,0.2863779547039696,0.27713786913453353,0.1,0.3109162091241623,0.27054408518003137,0.01,0.3264524566227689,0.26262547487481747,0.01,0.370473644488394,0.33704211266244866,0.01
2023_14_HOU_NYJ,2023,14,NYJ,HOU,1,0.2912716922264308,0.28195953094193155,0.1,0.3446709207588888,0.31393677878342247,0.01,0.33818608667054023,0.30586468590812,0.01,0.3307840528224343,0.2925379483483529,0.01
2023_14_IND_CIN,2023,14,CIN,IND,1,0.5991440400323955,0.6028484180469819,0.1,0.6059554656794177,0.6112590700046443,0.01,0.6297578521626224,0.6493144979696961,0.01,0.626216538908727,0.6481502960020582,0.01
2023_14_JAX_CLE,2023,14,CLE,JAX,1,0.480431631067924,0.4778649501317849,0.1,0.4971470274064607,0.5092073201764935,0.01,0.48022076274126557,0.5044158640097435,0.01,0.4761737587706456,0.5094397695874257,0.01
2023_14_LA_BAL,2023,14,BAL,LA,1,0.6539840250932534,0.6589614688358104,0.1,0.6690423892789997,0.6908950724369379,0.01,0.666534664851726,0.6748180200105842,0.01,0.6606750595022122,0.6556873146640914,0.01
2023_14_MIN_LV,2023,14,LV,MIN,0,0.38504584234066674,0.37934617401165244,0.1,0.4038076040415121,0.37449127683628786,0.01,0.40071511490294975,0.3866955106701574,0.01,0.43101313511145495,0.429973865947141,0.01
2023_14_NE_PIT,2023,14,PIT,NE,0,0.6231554347131558,0.6275598543070819,0.1,0.5941257033991602,0.6031319414924454,0.01,0.6273933359396912,0.657344946421032,0.01,0.6455707512411666,0.6805387722921069,0.01
2023_14_PHI_DAL,2023,14,DAL,PHI,1,0.6328822373838189,0.6368979979853358,0.1,0.6148899140551811,0.6122872718762408,0.01,0.6412440137319532,0.6399433523428325,0.01,0.633380402999381,0.6242919111309905,0.01
2023_14_SEA_SF,2023,14,SF,SEA,1,0.784714241714495,0.7933940970995502,0.1,0.7832007165009063,0.8123723478765492,0.01,0.7865156388780034,0.8204896678163899,0.01,0.7831480973550001,0.8110541959257651,0.01
2023_14_TB_ATL,2023,14,ATL,TB,0,0.48899541599356355,0.4873093535766735,0.1,0.5507726068534946,0.558791102608439,0.01,0.5370005993060143,0.5356212889159002,0.01,0.5440187316450564,0.5482911341726214,0.01
2023_14_TEN_MIA,2023,14,MIA,TEN,0,0.771818102101215,0.7804470092787673,0.1,0.7693338259768514,0.7824957383382497,0.01,0.7544457536334653,0.757772250965876,0.01,0.748444322576616,0.7454217850723456,0.01
2023_15_ATL_CAR,2023,15,CAR,ATL,1,0.38164103214207923,0.37590045341898576,0.1,0.37278822171908943,0.3379820365773416,0.01,0.3835141262125869,0.3276630827603847,0.01,0.3929074929696285,0.3391367098216635,0.01
2023_15_BAL_JAX,2023,15,JAX,BAL,0,0.35545400523425646,0.3488484371104302,0.1,0.3496342383514985,0.31716114261010764,0.01,0.37217896354125724,0.3590887513943751,0.01,0.4011367273728132,0.4125518910354297,0.01
2023_15_CHI_CLE,2023,15,CLE,CHI,1,0.5340272808987088,0.5337048611648711,0.1,0.5591564031055282,0.5642742974794299,0.01,0.5548992687990022,0.5657417658066124,0.01,0.5697212823885636,0.6035449150141972,0.01
2023_15_DAL_BUF,2023,15,BUF,DAL,1,0.5197937247675364,0.5201410921828642,0.1,0.5427092571445762,0.5478393371128522,0.01,0.5258064924565565,0.524358352644265,0.01,0.5192658809856011,0.5159748985909258,0.01
2023_15_DEN_DET,2023,15,DET,DEN,1,0.6667747669207605,0.6728926016282522,0.1,0.667034234947774,0.6788511020103797,0.01,0.6639869183669411,0.6692934446234962,0.01,0.6630807666579779,0.6648367493710439,0.01
2023_15_HOU_TEN,2023,15,TEN,HOU,0,0.5231213517076514,0.5233689479101169,0.1,0.5383214948785193,0.5488156805478678,0.01,0.5066837319095201,0.5116515039673872,0.01,0.5141759245153529,0.5217699928063283,0.01
2023_15_KC_NE,2023,15,NE,KC,0,0.24326788149804257,0.23317059555566153,0.1,0.2636126604387412,0.23474804258696183,0.01,0.27806822841348294,0.23819303604426423,0.01,0.27520318027072554,0.24397419412969856,0.01
2023_15_LAC_LV,2023,15,LV,LAC,1,0.3965999887363616,0.39100360672256324,0.1,0.4393009685845961,0.42644053289681794,0.01,0.419152376042995,0.412409081047143,0.01,0.4160682981569303,0.4123170717339914,0.01
2023_15_MIN_CIN,2023,15,CIN,MIN,1,0.5459521927697708,0.5475071384853203,0.1,0.5236225559302091,0.5026460229923572,0.01,0.5565458192339127,0.5570797291607573,0.01,0.5953472975117715,0.6244473539369585,0.01
2023_15_NYG_NO,2023,15,NO,NYG,1,0.713770671962979,0.7210163308760618,0.1,0.719849988374125,0.749850171710897,0.01,0.718777668027574,0.7644750937004265,0.01,0.7129608869609168,0.7563711763771895,0.01
2023_15_NYJ_MIA,2023,15,MIA,NYJ,1,0.8522668322287543,0.8616679570872758,0.1,0.8372500262863212,0.8667643782937985,0.01,0.8223976234951301,0.8519053466873084,0.01,0.8172268706744557,0.8441809843642273,0.01
2023_15_PHI_SEA,2023,15,SEA,PHI,1,0.4171423764119595,0.4124869851168308,0.1,0.421708366323104,0.39592247272339365,0.01,0.4464073098291149,0.43292914519968345,0.01,0.4413231994088679,0.4288567798512423,0.01
2023_15_PIT_IND,2023,15,IND,PIT,1,0.541599981261015,0.5425697338797494,0.1,0.5093777817153262,0.5008591580696496,0.01,0.483176945055568,0.45940331474919505,0.01,0.47226594657497667,0.444758656856785,0.01
2023_15_SF_ARI,2023,15,ARI,SF,0,0.12955995616737526,0.12008799603060676,0.1,0.12565782507795328,0.09423095387931163,0.01,0.12653319290246623,0.0864758109538175,0.01,0.12801608728094777,0.09010078119421082,0.01
2023_15_TB_GB,2023,15,GB,TB,0,0.5859338920046567,0.5888856408679031,0.1,0.6066978531352163,0.6204230628696196,0.01,0.6011265718169676,0.6308453997056837,0.01,0.5739679283657707,0.5883050036147549,0.01
2023_15_WAS_LA,2023,15,LA,WAS,1,0.6690903439462706,0.6749838578306532,0.1,0.6325410133691903,0.6424967915566577,0.01,0.63310577422954,0.6106147783727526,0.01,0.6367470140269831,0.6100702933859344,0.01
2023_16_ARI_CHI,2023,16,CHI,ARI,1,0.6285140961844281,0.6327478778783862,0.1,0.6420081205019038,0.6719419978432656,0.01,0.6447675526648442,0.6909220414561867,0.01,0.6378891899380921,0.6789938904782289,0.01
2023_16_BAL_SF,2023,16,SF,BAL,0,0.6928677437112333,0.6999181763188438,0.1,0.6717746255064532,0.6831017028565198,0.01,0.6901255206988484,0.7193776885855099,0.01,0.7079476647726864,0.7470934805117333,0.01
2023_16_BUF_LAC,2023,16,LAC,BUF,0,0.25990475564027093,0.2504933718863779,0.1,0.2501601467031992,0.22183299475094773,0.01,0.24968537519718847,0.21258521844077446,0.01,0.2504464610736339,0.20479445494025209,0.01
2023_16_CIN_PIT,2023,16,PIT,CIN,1,0.389587513417809,0.3835342281448279,0.1,0.42652425290390084,0.4265700667432021,0.01,0.42317303675632156,0.42157603776702746,0.01,0.42800132257403817,0.427138800144091,0.01
2023_16_CLE_HOU,2023,16,HOU,CLE,0,0.5369777548632095,0.5383975456366343,0.1,0.4793405829349075,0.4719471643776396,0.01,0.48985448496680223,0.4617396545536079,0.01,0.47268431170922415,0.41714838066190096,0.01
2023_16_DAL_MIA,2023,16,MIA,DAL,1,0.5356161491684223,0.5364945173274204,0.1,0.5368120354445437,0.5515120488748648,0.01,0.5054872287805774,0.5085640608389377,0.01,0.4816233976137326,0.46177209040667133,0.01
2023_16_DET_MIN,2023,16,MIN,DET,0,0.43002028106582985,0.4256747379856024,0.1,0.4480902830492265,0.452479201176105,0.01,0.4343532467422618,0.431318109623763,0.01,0.42337727517674767,0.4222636398710589,0.01
2023_16_GB_CAR,2023,16,CAR,GB,0,0.3150908806391412,0.30659873172085067,0.1,0.3356956685073567,0.2983839033603711,0.01,0.3369637879572806,0.2602050891672353,0.01,0.36233343236793886,0.29340417679033076,0.01
2023_16_IND_ATL,2023,16,ATL,IND,1,0.5030351291182981,0.5021444147352615,0.1,0.5376120952652956,0.5495483600924888,0.01,0.5076762056424007,0.511252732040334,0.01,0.49202042491718156,0.4747339144939252,0.01
2023_16_JAX_TB,2023,16,TB,JAX,1,0.5573255123504155,0.559045604403472,0.1,0.5140092655420572,0.5238192795635112,0.01,0.5014604973962762,0.5135363235045469,0.01,0.4952509690512853,0.4991548750314841,0.01
2023_16_LV_KC,2023,16,KC,LV,0,0.7639034523695836,0.7725877052298794,0.1,0.7558431990253877,0.787024251195741,0.01,0.7445185726120566,0.7755885057894306,0.01,0.748799630353793,0.7816350082272309,0.01
2023_16_NE_DEN,2023,16,DEN,NE,0,0.5892910598869884,0.592652164663652,0.1,0.5507624436991776,0.5552560947047445,0.01,0.5640839676559368,0.5862404027939174,0.01,0.5501272928122541,0.5515957142589576,0.01
2023_16_NO_LA,2023,16,LA,NO,1,0.5153455213413058,0.5155861884610835,0.1,0.48071058524419685,0.47505248954709917,0.01,0.4643421054507284,0.42877305316076264,0.01,0.44217613683602486,0.38659611464910837,0.01
2023_16_NYG_PHI,2023,16,PHI,NYG,1,0.7936294082626782,0.8029089697348778,0.1,0.7833592813605427,0.8189069880676471,0.01,0.7531940765821928,0.7913889351554813,0.01,0.7477969215316932,0.775699615459862,0.01
2023_16_SEA_TEN,2023,16,TEN,SEA,0,0.4710547852197205,0.4686809001198214,0.1,0.4453297723922726,0.44688705754706565,0.01,0.4146063518501831,0.39163289513163047,0.01,0.3970937804563173,0.35146303602300416,0.01
2023_16_WAS_NYJ,2023,16,NYJ,WAS,1,0.4127277381029146,0.4071454965178486,0.1,0.39867041236985973,0.3668381379523942,0.01,0.3985349817505951,0.32908752370797084,0.01,0.410534963978635,0.3297071504799632,0.01
2023_17_ARI_PHI,2023,17,PHI,ARI,0,0.7842360624748382,0.7931377542282412,0.1,0.8004796823124154,0.839185549964324,0.01,0.7779953346808539,0.8229086912247825,0.01,0.7808299256620124,0.8255379613650946,0.01
2023_17_ATL_CHI,2023,17,CHI,ATL,1,0.5168043750550969,0.5167966810791126,0.1,0.4880459235049405,0.4858418706909216,0.01,0.5124238146574028,0.5309657614201257,0.01,0.5233296050832735,0.5524733516085077,0.01
2023_17_CAR_JAX,2023,17,JAX,CAR,1,0.6513347990401179,0.6566374154974071,0.1,0.6528272881252195,0.6655268440163385,0.01,0.6617763382225884,0.6903849658294894,0.01,0.6769925090074177,0.7195063076712347,0.01
2023_17_CIN_KC,2023,17,KC,CIN,1,0.6481510974072727,0.6530791794773999,0.1,0.6603684368103669,0.6847397802935162,0.01,0.6118715378865306,0.6191159731365069,0.01,0.6101280869335586,0.6077463025231838,0.01
2023_17_DET_DAL,2023,17,DAL,DET,1,0.6008388329379177,0.603772270085347,0.1,0.5902323766047146,0.595185380637394,0.01,0.5870725069483889,0.5873606831209669,0.01,0.6163180040243597,0.6400537628823938,0.01
2023_17_GB_MIN,2023,17,MIN,GB,0,0.4930512278826444,0.4913437333793111,0.1,0.5115202359814546,0.5083661805589584,0.01,0.494633650270646,0.46046828758783503,0.01,0.49691583414216345,0.4640362266704306,0.01
2023_17_LAC_DEN,2023,17,DEN,LAC,1,0.496565178199445,0.49533472275576296,0.1,0.5163586567771565,0.523004844089327,0.01,0.52097003008744,0.5380490798202565,0.01,0.4947444740273038,0.5010646513445328,0.01
2023_17_LA_NYG,2023,17,NYG,LA,0,0.3019708299181925,0.2932656745049212,0.1,0.31536330456100103,0.2815002629572674,0.01,0.3321156981682689,0.30410372480740233,0.01,0.3626968623077939,0.3604598903434211,0.01
2023_17_LV_IND,2023,17,IND,LV,1,0.5546768472338008,0.5562384762352841,0.1,0.536578990207178,0.5464949294829703,0.01,0.5589602205256244,0.5705454840192343,0.01,0.5655105334139658,0.592896407570423,0.01
2023_17_MIA_BAL,2023,17,BAL,MIA,1,0.47883224501201116,0.4765396948220207,0.1,0.5047657176499964,0.5071348175040089,0.01,0.523478262306612,0.5241037507186763,0.01,0.5084085784661565,0.4983749491718409,0.01
2023_17_NE_BUF,2023,17,BUF,NE,1,0.8300538405034705,0.839408037617274,0.1,0.812116386161138,0.8368675471283735,0.01,0.8134586043712287,0.8498675992901216,0.01,0.817123833226965,0.8507459872988746,0.01
2023_17_NO_TB,2023,17,TB,NO,0,0.5208924239457282,0.5212110458274505,0.1,0.4503554397807549,0.4348716431473632,0.01,0.44480246147378183,0.41586812665188394,0.01,0.4333522094890879,0.3853248926665511,0.01
2023_17_NYJ_CLE,2023,17,CLE,NYJ,1,0.7128731118190199,0.7201344314891082,0.1,0.7140702743146693,0.7488645091434265,0.01,0.7146071968896593,0.7717977102467121,0.01,0.7255812245358205,0.7990808601753908,0.01
2023_17_PIT_SEA,2023,17,SEA,PIT,0,0.597453012807404,0.6011631817294261,0.1,0.5751808949743681,0.5773357899946263,0.01,0.5569451994799495,0.5588847063084824,0.01,0.5478993731821701,0.5436975234427275,0.01
2023_17_SF_WAS,2023,17,WAS,SF,0,0.17175577350321555,0.16169133827535825,0.1,0.19097982539291175,0.16261424065730806,0.01,0.18825579992689265,0.17091233329044864,0.01,0.17779792922893226,0.16475522928711733,0.01
2023_17_TEN_HOU,2023,17,HOU,TEN,1,0.49694475685929457,0.49565120062018964,0.1,0.4936107068349997,0.48675596982028163,0.01,0.52906523196458,0.5388049050907835,0.01,0.5350755318126549,0.553262780193664,0.01
2023_18_ATL_NO,2023,18,NO,ATL,1,0.5986035492161195,0.6017965888311173,0.1,0.5923159226992609,0.5985691854675246,0.01,0.6363308527599634,0.6735244292220423,0.01,0.6604568843420769,0.7234432649565097,0.01
2023_18_BUF_MIA,2023,18,MIA,BUF,0,0.4672249475407271,0.46498577971950095,0.1,0.45738645416194534,0.45854209661646356,0.01,0.4427298575192309,0.4409655705304571,0.01,0.43825288266732193,0.430428135396317,0.01
2023_18_CHI_GB,2023,18,GB,CHI,1,0.6231125110274445,0.6277491963047772,0.1,0.618285931403222,0.6278279060809873,0.01,0.6015043159341589,0.6095882640646091,0.01,0.5722546543983101,0.560332394228291,0.01
2023_18_CLE_CIN,2023,18,CIN,CLE,1,0.5667279435620441,0.569807272704852,0.1,0.5286250293139557,0.5131979613260987,0.01,0.5523875210871332,0.5347631816350846,0.01,0.5529095688725207,0.5303642236783799,0.01
2023_18_DAL_WAS,2023,18,WAS,DAL,0,0.23540106816953751,0.22579182421387287,0.1,0.27164286680687216,0.250439334855397,0.01,0.2550904161223173,0.2495131811306528,0.01,0.23681816841038184,0.22869136171421575,0.01
2023_18_DEN_LV,2023,18,LV,DEN,1,0.5189607186538565,0.5186411172398858,0.1,0.5171662036833958,0.5039132629156006,0.01,0.4997180749676218,0.47994295470617326,0.01,0.5191489807409534,0.5087220584139677,0.01
2023_18_HOU_IND,2023,18,IND,HOU,0,0.5233665959575035,0.5235011680685878,0.1,0.528945042748013,0.521771133192273,0.01,0.5200236451557115,0.5074080012332709,0.01,0.5283810820137812,0.5316650811270888,0.01
2023_18_JAX_TEN,2023,18,TEN,JAX,1,0.4754519395041974,0.47365191946756774,0.1,0.4572363163380213,0.46888233741147034,0.01,0.4291188795062448,0.4276688846570077,0.01,0.42167073354999335,0.40671705351252707,0.01
2023_18_KC_LAC,2023,18,LAC,KC,0,0.32350351923784054,0.3157717443125752,0.1,0.30865522874174267,0.28250705456594594,0.01,0.33670292109104116,0.30669342120372867,0.01,0.3360437025187284,0.3029771908801091,0.01
2023_18_LA_SF,2023,18,SF,LA,0,0.7588812824001847,0.7671993754444865,0.1,0.7629236929530663,0.786218906598242,0.01,0.7686891641695182,0.8025583161521277,0.01,0.7847330327019301,0.8197161648532084,0.01
2023_18_MIN_DET,2023,18,DET,MIN,1,0.6492339485818407,0.6547489840533113,0.1,0.6373965483881684,0.6418328023178657,0.01,0.6640626730022937,0.6805075156578246,0.01,0.6680777860598756,0.6813887068008073,0.01
2023_18_NYJ_NE,2023,18,NE,NYJ,0,0.6060763963785173,0.6099762437597611,0.1,0.6071135097774994,0.6205189548777111,0.01,0.588669389732712,0.5846192785475369,0.01,0.5860659587560223,0.5943493545635867,0.01
2023_18_PHI_NYG,2023,18,NYG,PHI,1,0.24301312454434482,0.23287969628148197,0.1,0.2433643170905199,0.20308131900975235,0.01,0.27683589528520797,0.23304886282893167,0.01,0.27543270732465985,0.24087299309004542,0.01
2023_18_PIT_BAL,2023,18,BAL,PIT,0,0.7338894813963582,0.7416216953527752,0.1,0.7319443014061912,0.7571623670992023,0.01,0.7154717572270178,0.7332987515757621,0.01,0.6897546890102929,0.688281543448646,0.01
2023_18_SEA_ARI,2023,18,ARI,SEA,0,0.36666991491590767,0.3601984377880837,0.1,0.35844226873457724,0.3322837527830214,0.01,0.36446190250157817,0.33132049215746023,0.01,0.36831274863799685,0.3367885955060941,0.01
2023_18_TB_CAR,2023,18,CAR,TB,0,0.33333506424375037,0.32570616522305845,0.1,0.38311936420619613,0.35874856994651144,0.01,0.38111229501490035,0.3331265179012147,0.01,0.3670385535158433,0.3097660046411165,0.01
2024_01_ARI_BUF,2024,1,BUF,ARI,1,0.7487279228913936,0.7546710775447454,0.1,0.772496099436651,0.7893075861481545,0.01,0.7733143410758335,0.787566768635086,0.01,0.7750131130649003,0.788707053437956,0.01
2024_01_BAL_KC,2024,1,KC,BAL,1,0.4596915834399858,0.45756814528080725,0.1,0.4400169616609778,0.425143006163633,0.01,0.40378197562331225,0.3848937764584452,0.01,0.4237931478855855,0.417780835118662,0.01
2024_01_CAR_NO,2024,1,NO,CAR,1,0.7234796211818394,0.7290153559819555,0.1,0.7174121271944823,0.7268269599676597,0.01,0.7440536070460982,0.7796250419389673,0.01,0.7603115962762975,0.8051548913150695,0.01
2024_01_DAL_CLE,2024,1,CLE,DAL,0,0.34032160303855763,0.3340768683373399,0.1,0.3573891695473007,0.36025723018988737,0.01,0.347612789990778,0.35894912033671766,0.01,0.34635498285198474,0.36199756100017016,0.01
2024_01_DEN_SEA,2024,1,SEA,DEN,1,0.5842274080831602,0.5862819099183004,0.1,0.5733116390840326,0.5765007970642723,0.01,0.5580101480949362,0.5583422919435433,0.01,0.564682528184984,0.5689257565251978,0.01
2024_01_GB_PHI,2024,1,PHI,GB,1,0.5023450098574648,0.5016147202036906,0.1,0.5298439492326453,0.5348144054424079,0.01,0.521836746400518,0.520799036111456,0.01,0.5450195942180001,0.5537722218824284,0.01
2024_01_HOU_IND,2024,1,IND,HOU,0,0.5118869690321747,0.5114343899561598,0.1,0.5106769115384487,0.5035224409967519,0.01,0.5105547050902968,0.5010172390284572,0.01,0.5186270705513519,0.5189901251880953,0.01
2024_01_JAX_MIA,2024,1,MIA,JAX,1,0.6797249473473447,0.6845632315711908,0.1,0.6815305715687426,0.6911973256876591,0.01,0.670690182847974,0.6897115310172199,0.01,0.6738501667085336,0.6960540001856759,0.01
2024_01_LA_DET,2024,1,DET,LA,1,0.5631505220473425,0.5643065255022146,0.1,0.5606204778393511,0.5579770251296085,0.01,0.5901835918509875,0.5977535166145451,0.01,0.596387682111566,0.6015297157648606,0.01
2024_01_LV_LAC,2024,1,LAC,LV,1,0.5161907345571953,0.5160584288880772,0.1,0.5081229090844761,0.515688900528243,0.01,0.5218952102386331,0.5327334084044693,0.01,0.5264817341706778,0.5416905085394909,0.01
2024_01_MIN_NYG,2024,1,NYG,MIN,0,0.408316251696483,0.4042705573798038,0.1,0.4002811621644179,0.38920967495756476,0.01,0.4341959718607102,0.4304028728492464,0.01,0.44293916842853026,0.44658515550920985,0.01
2024_01_NE_CIN,2024,1,CIN,NE,0,0.6522511151021458,0.6566247401465004,0.1,0.6269002928027448,0.6257354212910021,0.01,0.6600877867228682,0.682559489134289,0.01,0.6570775278367311,0.6727118065894866,0.01
2024_01_NYJ_SF,2024,1,SF,NYJ,1,0.8372334994486862,0.8444208098265958,0.1,0.8399966572648256,0.8561880396344761,0.01,0.828709844931893,0.8437888111022603,0.01,0.830467523463505,0.845176795619097,0.01
2024_01_PIT_ATL,2024,1,ATL,PIT,0,0.5066852318782551,0.5059603944551131,0.1,0.5125714835327314,0.5070523965666922,0.01,0.4661533542730265,0.45111960199295886,0.01,0.4590009430706923,0.4394039577486622,0.01
2024_01_TEN_CHI,2024,1,CHI,TEN,1,0.5521553123210254,0.5528301491882979,0.1,0.5758604008170399,0.5854347931989861,0.01,0.6150921607409849,0.6408564975256043,0.01,0.6195832842679795,0.6504232428534565,0.01
2024_01_WAS_TB,2024,1,TB,WAS,1,0.6591568845555208,0.6630845790362501,0.1,0.605462022840144,0.5968259801048159,0.01,0.6207705697452024,0.6114256889132158,0.01,0.6339475275833263,0.6282214448114126,0.01
2024_02_ATL_PHI,2024,2,PHI,ATL,0,0.6726079029580505,0.6778153278268433,0.1,0.647568406332235,0.650920313957719,0.01,0.6596638192087508,0.680456736319991,0.01,0.6700904076826466,0.6994235902990279,0.01
2024_02_BUF_MIA,2024,2,MIA,BUF,0,0.48330441544646446,0.481628969416594,0.1,0.4268318891573342,0.4200415405445774,0.01,0.4273257002271101,0.4310253876280568,0.01,0.4344280915530265,0.4538489604276839,0.01
2024_02_CHI_HOU,2024,2,HOU,CHI,1,0.610527895003131,0.6136633176816259,0.1,0.5916141302784064,0.5938531640009515,0.01,0.5793725409534658,0.5878586668119493,0.01,0.5780442340657763,0.5914610216360583,0.01
2024_02_CIN_KC,2024,2,KC,CIN,1,0.6878541169639788,0.6926967022321723,0.1,0.6386433081220696,0.6387267201063314,0.01,0.592410065235488,0.5882734104334539,0.01,0.5995732739045644,0.6007623374614293,0.01
2024_02_CLE_JAX,2024,2,JAX,CLE,0,0.5428836856640238,0.5439981514421667,0.1,0.5521080920748441,0.5764918156907013,0.01,0.57169750402563,0.5928315297879165,0.01,0.5698281155320936,0.5880110665858744,0.01
2024_02_IND_GB,2024,2,GB,IND,1,0.6413336743494004,0.6450722327288504,0.1,0.6316308150974975,0.6307985316239169,0.01,0.6372082574241335,0.6513097493466824,0.01,0.6231128120752744,0.6285252851907974,0.01
2024_02_LAC_CAR,2024,2,CAR,LAC,0,0.2767282382709261,0.2698281332156385,0.1,0.2981506037168109,0.28338060062502546,0.01,0.2706908842305776,0.2449492056693299,0.01,0.2563421740364802,0.22416345342454436,0.01
2024_02_LA_ARI,2024,2,ARI,LA,1,0.4033482201864007,0.3995373217617242,0.1,0.3415751626536686,0.31557876274342506,0.01,0.37101848577400826,0.3547855345029173,0.01,0.386729585115025,0.37787526986999176,0.01
2024_02_LV_BAL,2024,2,BAL,LV,0,0.74004598384485,0.7463187844750512,0.1,0.7782936773320549,0.7974089447008785,0.01,0.8078830963238074,0.8355080238603392,0.01,0.7975931841196044,0.8192416946549838,0.01
2024_02_NO_DAL,2024,2,DAL,NO,0,0.503835963207299,0.5032059849252624,0.1,0.5075377176369117,0.5100020702543187,0.01,0.48269201302351045,0.4717279290436346,0.01,0.48055739906206746,0.4636506581442262,0.01
2024_02_NYG_WAS,2024,2,WAS,NYG,1,0.6578707586289674,0.6624959572591382,0.1,0.6585252914906217,0.6842453088732874,0.01,0.6149513250700429,0.6333459356266671,0.01,0.6021452502021842,0.6165169677871841,0.01
2024_02_NYJ_TEN,2024,2,TEN,NYJ,0,0.6220679586029552,0.6252146296951879,0.1,0.6055197032928354,0.6090697925569263,0.01,0.5552211823098898,0.5319615329018644,0.01,0.5530311716654928,0.5255258530208153,0.01
2024_02_PIT_DEN,2024,2,DEN,PIT,0,0.41336204462242854,0.40999845510706656,0.1,0.4126307937077867,0.38871113693784726,0.01,0.38808840264053307,0.3616999971455541,0.01,0.37876171138515863,0.3453070768723459,0.01
2024_02_SEA_NE,2024,2,NE,SEA,0,0.4190762373344133,0.4152193331009005,0.1,0.4249576207372939,0.4151674778111436,0.01,0.3914758042419255,0.34851187308239423,0.01,0.3885187173227655,0.34334808410446954,0.01
2024_02_SF_MIN,2024,2,MIN,SF,1,0.4084683856734185,0.4042767390245038,0.1,0.4015799867022209,0.4000558768664434,0.01,0.3733598658121968,0.3671361154626621,0.01,0.36966238647799193,0.3681093432842095,0.01
2024_02_TB_DET,2024,2,DET,TB,0,0.5573746016841082,0.5583056690488911,0.1,0.5962345307384801,0.6286106910848388,0.01,0.6169863055968802,0.6665345872578238,0.01,0.6023271539935473,0.6507459528553606,0.01
2024_03_BAL_DAL,2024,3,DAL,BAL,0,0.4486062114062116,0.44603821086597456,0.1,0.41310980551785864,0.3769299076837321,0.01,0.41447737268511353,0.4089877797883908,0.01,0.43753960686907656,0.45315069016485593,0.01
2024_03_CAR_LV,2024,3,LV,CAR,0,0.7460835716227389,0.751973112842748,0.1,0.7245077837913234,0.7637544894851039,0.01,0.7051669527655103,0.7333694260292831,0.01,0.7215624137550573,0.7551361638979477,0.01
2024_03_CHI_IND,2024,3,IND,CHI,1,0.5854506429275635,0.5879988955773933,0.1,0.5560122384223708,0.5866861237851116,0.01,0.5219715307904212,0.563318502003773,0.01,0.516133838816514,0.560146236267058,0.01
2024_03_DEN_TB,2024,3,TB,DEN,0,0.7139863695116209,0.719747926632281,0.1,0.682821395161167,0.6853824820800863,0.01,0.6733678266289738,0.6629715849817243,0.01,0.6866659557735681,0.6802813478238193,0.01
2024_03_DET_ARI,2024,3,ARI,DET,0,0.5072439049539379,0.5068151492012658,0.1,0.4409198284992285,0.4243636227670713,0.01,0.43921352839341116,0.41717076639511586,0.01,0.45146774728455225,0.4440546578664045,0.01
2024_03_GB_TEN,2024,3,TEN,GB,0,0.3635562734302143,0.3580077616256549,0.1,0.3912855899985427,0.3959842752692507,0.01,0.33164558280327544,0.2970297774907348,0.01,0.34208318275416055,0.30487445308366107,0.01
2024_03_HOU_MIN,2024,3,MIN,HOU,1,0.5482957714710496,0.548981353304579,0.1,0.5722860274627399,0.5831162385216028,0.01,0.5369916709807345,0.5278061156583251,0.01,0.5329884490718867,0.5159115802544393,0.01
2024_03_JAX_BUF,2024,3,BUF,JAX,1,0.7946271756686816,0.8013680321797116,0.1,0.796775280224496,0.8020766278110658,0.01,0.8062821169640159,0.8141450490621102,0.01,0.8052810328297567,0.8114790664061824,0.01
2024_03_KC_ATL,2024,3,ATL,KC,0,0.40105858531322974,0.3967554429595235,0.1,0.44919964268865004,0.45978712201986055,0.01,0.4608197486085976,0.48302878564024204,0.01,0.44128166652193196,0.4463921060584491,0.01
2024_03_LAC_PIT,2024,3,PIT,LAC,1,0.46686635817648764,0.4647866587413002,0.1,0.45162293859368735,0.4178115391615429,0.01,0.4786186004561403,0.4579870990190194,0.01,0.4902525234213706,0.47553647454286596,0.01
2024_03_MIA_SEA,2024,3,SEA,MIA,1,0.5401760700977903,0.540540896601995,0.1,0.5346674465400838,0.5240541294599295,0.01,0.5340042870956908,0.5015287984064496,0.01,0.5254071625847223,0.4762498834233645,0.01
2024_03_NE_NYJ,2024,3,NYJ,NE,1,0.4799689388145622,0.4782995152106115,0.1,0.48131995296618096,0.4712860656465267,0.01,0.530002028523147,0.5575273801234809,0.01,0.5304352165736436,0.5588565704576894,0.01
2024_03_NYG_CLE,2024,3,CLE,NYG,0,0.6657346366405823,0.6694604176026123,0.1,0.6588877629611296,0.6572354032366949,0.01,0.610170235625648,0.589865870676748,0.01,0.6231865756519,0.6059517826973372,0.01
2024_03_PHI_NO,2024,3,NO,PHI,0,0.7427343027290547,0.7480495565036289,0.1,0.7127050080394687,0.7185308399218393,0.01,0.7632979520104589,0.7837956630591508,0.01,0.7575879609252797,0.7832502944461753,0.01
2024_03_SF_LA,2024,3,LA,SF,1,0.32032669384311874,0.31441508330439744,0.1,0.3343860998392936,0.32338798080174425,0.01,0.32205269835137734,0.3217328256486801,0.01,0.3052969262193973,0.3020106175544315,0.01
2024_03_WAS_CIN,2024,3,CIN,WAS,0,0.5694083149815075,0.5703027457839056,0.1,0.6057930099308625,0.6014790961819588,0.01,0.6324356851843205,0.6078646569656733,0.01,0.6334521580531921,0.6031871450581946,0.01
2024_04_BUF_BAL,2024,4,BAL,BUF,1,0.3759433773409964,0.3711416642699288,0.1,0.42090258253423,0.42598401652855833,0.01,0.42241807139545134,0.4155788747892171,0.01,0.41524261823290487,0.40101227636058473,0.01
2024_04_CIN_CAR,2024,4,CAR,CIN,0,0.28707356321142047,0.27974598007054946,0.1,0.27172279221778617,0.2511089097265015,0.01,0.2574208892431811,0.22549976965697346,0.01,0.2543358526246307,0.22084276799252844,0.01
2024_04_CLE_LV,2024,4,LV,CLE,1,0.5054019791850937,0.505077874137311,0.1,0.4699361090816289,0.5035592524781404,0.01,0.46000231121573526,0.48119001319559496,0.01,0.462463315451585,0.47918092967482767,0.01
2024_04_DAL_NYG,2024,4,NYG,DAL,0,0.41410026786370874,0.41001413839297,0.1,0.40319245300075807,0.41972302144148826,0.01,0.3955277647387896,0.3962351996000986,0.01,0.3858826029211351,0.388974649974939,0.01
2024_04_DEN_NYJ,2024,4,NYJ,DEN,0,0.5941468378970753,0.5963492205511384,0.1,0.6101467664143498,0.6253042895986936,0.01,0.6180932024504562,0.6540957029564682,0.01,0.6311241614916003,0.6816798824223489,0.01
2024_04_JAX_HOU,2024,4,HOU,JAX,1,0.672334173149862,0.6764950534014927,0.1,0.6170379863234936,0.6296493887580057,0.01,0.6194331790712083,0.6289655756421867,0.01,0.6147180067165076,0.6256424824113759,0.01
2024_04_KC_LAC,2024,4,LAC,KC,0,0.4598358545528488,0.45716903876544157,0.1,0.4345398305221937,0.4276376910618985,0.01,0.4945895993879064,0.5211039825093724,0.01,0.48585578714215555,0.5095314698616507,0.01
2024_04_LA_CHI,2024,4,CHI,LA,1,0.484727857589793,0.48214385830760903,0.1,0.47203068390204367,0.44523351508879405,0.01,0.49853712333575595,0.4755522682967824,0.01,0.5171127329750138,0.5091796069927292,0.01
2024_04_MIN_GB,2024,4,GB,MIN,0,0.5589187839527483,0.5602997552139988,0.1,0.4805269521138036,0.44131601344141824,0.01,0.5134716846014542,0.49287808185759646,0.01,0.5030724934797777,0.4826515271622718,0.01
2024_04_NE_SF,2024,4,SF,NE,1,0.8008568586575596,0.8077702670176788,0.1,0.8064079313461362,0.8219391152771938,0.01,0.8252361952844236,0.8557930402706916,0.01,0.8256526446128744,0.8550505075006095,0.01
2024_04_NO_ATL,2024,4,ATL,NO,1,0.27213130357570336,0.26515581997504184,0.1,0.3115577845803238,0.30134546545171587,0.01,0.2583403458869348,0.22052041086867757,0.01,0.25651244418191377,0.20800565707696203,0.01
2024_04_PHI_TB,2024,4,TB,PHI,1,0.4376053025107315,0.4343233702700447,0.1,0.4057307362888039,0.37302359091404375,0.01,0.41963555020110327,0.3581163112108472,0.01,0.4257504034575009,0.35732826255423716,0.01
2024_04_PIT_IND,2024,4,IND,PIT,1,0.43030041572510197,0.427586860481684,0.1,0.42901520910075386,0.44920760484433875,0.01,0.4000809518141196,0.43441199122197144,0.01,0.3993114186006802,0.4418926810741102,0.01
2024_04_SEA_DET,2024,4,DET,SEA,1,0.5572651894675301,0.5584543132402384,0.1,0.5798062095243157,0.5913133502472269,0.01,0.609484916206186,0.6280171966480497,0.01,0.5898034067242012,0.5969301610141656,0.01
2024_04_TEN_MIA,2024,4,MIA,TEN,0,0.6172586925577531,0.6202720651306262,0.1,0.620125430247698,0.6550774003294079,0.01,0.6669369343440203,0.7236609788181269,0.01,0.6699314669747053,0.7326655103012975,0.01
2024_04_WAS_ARI,2024,4,ARI,WAS,0,0.5106076519093553,0.5094404081689741,0.1,0.4711418425987607,0.4591117342754946,0.01,0.4875027872057517,0.4438314930120019,0.01,0.500510593406811,0.4618547291914583,0.01
2024_05_ARI_SF,2024,5,SF,ARI,0,0.7785380559107303,0.7846646062634378,0.1,0.7960511937052396,0.811825987902748,0.01,0.7880697748400141,0.8107782164544559,0.01,0.7863556513831967,0.8065845379154936,0.01
2024_05_BAL_CIN,2024,5,CIN,BAL,0,0.3703601948135107,0.365799696744757,0.1,0.34776094387063466,0.32176165628042985,0.01,0.35933113499799146,0.34151788133575994,0.01,0.3674297564700121,0.3551576976473258,0.01
2024_05_BUF_HOU,2024,5,HOU,BUF,1,0.32421885387331284,0.31787990189171755,0.1,0.3111727933973057,0.3057969234279493,0.01,0.29783061825060175,0.2831236538472821,0.01,0.2983574619593074,0.2811512397333043,0.01
2024_05_CAR_CHI,2024,5,CHI,CAR,1,0.6638983643068904,0.6675913044615449,0.1,0.6556447799938535,0.6455851189087414,0.01,0.6758367798848908,0.6806574689230664,0.01,0.6879889023177648,0.7027078059764224,0.01
2024_05_CLE_WAS,2024,5,WAS,CLE,1,0.7324364032851995,0.7393781021801441,0.1,0.7198762613381736,0.7439477718382983,0.01,0.7128415753963575,0.74643455880637,0.01,0.7103607561712468,0.7362358832723334,0.01
2024_05_DAL_PIT,2024,5,PIT,DAL,0,0.5169340685285938,0.5159751461775784,0.1,0.5198033997037425,0.5293734835342974,0.01,0.5174402146670614,0.5037191714090193,0.01,0.5149778391080533,0.4944588719362169,0.01
2024_05_GB_LA,2024,5,LA,GB,0,0.4009913246839673,0.3974016386356314,0.1,0.4916038706100905,0.5150357202547953,0.01,0.4573114644825546,0.4680256350604753,0.01,0.45016429614598796,0.44828324218507704,0.01
2024_05_IND_JAX,2024,5,JAX,IND,1,0.39056349771222665,0.3864451660480691,0.1,0.4445055735786267,0.4291998925708632,0.01,0.4575552173693225,0.4278727594619739,0.01,0.4689152595770518,0.43904807116216354,0.01
2024_05_LV_DEN,2024,5,DEN,LV,1,0.6095559893783935,0.6118650555953947,0.1,0.6158736375789362,0.6095734695205118,0.01,0.6287077122387518,0.6261072673932068,0.01,0.612580668231921,0.5988399916994169,0.01
2024_05_MIA_NE,2024,5,NE,MIA,0,0.41769358241021465,0.4142022159395344,0.1,0.4084508938295966,0.3858670572905023,0.01,0.3768938459246965,0.31895576966163214,0.01,0.375526736250567,0.31287687388111335,0.01
2024_05_NO_KC,2024,5,KC,NO,1,0.4344397754368664,0.4315793469187244,0.1,0.4854672650984529,0.49575995275841955,0.01,0.4151620954161675,0.3757288308705119,0.01,0.41415052936314156,0.36824345028422556,0.01
2024_05_NYG_SEA,2024,5,SEA,NYG,0,0.6934023854602882,0.6984606738455111,0.1,0.7309751112533196,0.7477505784043539,0.01,0.7008399621529211,0.7021347013707758,0.01,0.7034757258286107,0.6967250716347717,0.01
2024_05_NYJ_MIN,2024,5,MIN,NYJ,1,0.6690343581159753,0.6736328278376512,0.1,0.6761457128141403,0.7004216145803915,0.01,0.6773323894451045,0.69961583647578,0.01,0.6765016960348603,0.6937849617778655,0.01
2024_05_TB_ATL,2024,5,ATL,TB,1,0.4282759087200043,0.42490858396661424,0.1,0.459442679174762,0.4648090296377791,0.01,0.4397160441413387,0.4536515496296568,0.01,0.4396860535184601,0.45698351373982254,0.01
2024_06_ARI_GB,2024,6,GB,ARI,1,0.6501914814748971,0.6536168766878675,0.1,0.6144834859492944,0.609240604769633,0.01,0.6131846891169166,0.6140813157405525,0.01,0.6066682756313363,0.6112408338768222,0.01
2024_06_ATL_CAR,2024,6,CAR,ATL,0,0.3171636619027011,0.31086093067721465,0.1,0.34877383398585693,0.33056701277292927,0.01,0.38987856177151775,0.38613256085010905,0.01,0.38235331365222724,0.376356779575507,0.01
2024_06_BUF_NYJ,2024,6,NYJ,BUF,0,0.27038092206990694,0.26255583137482913,0.1,0.31799076018142475,0.3080106093829889,0.01,0.2957140118465695,0.279784928065038,0.01,0.29645241744773126,0.27665162313802566,0.01
2024_06_CIN_NYG,2024,6,NYG,CIN,0,0.3704851767531637,0.36480761285632946,0.1,0.3764088900011837,0.37262312950716314,0.01,0.36973043168701397,0.34949051657302266,0.01,0.3710434645173749,0.35230978716586125,0.01
2024_06_CLE_PHI,2024,6,PHI,CLE,1,0.701978419229837,0.7080012149794289,0.1,0.7075089005016028,0.7400687060555673,0.01,0.6850838700913492,0.7104867302865359,0.01,0.6925107337990323,0.7132535633539667,0.01
2024_06_DET_DAL,2024,6,DAL,DET,0,0.44922939423012287,0.44674882856998605,0.1,0.4246523112139304,0.3992696807971073,0.01,0.439097607288033,0.44275964330588746,0.01,0.46427189833402105,0.495577233786214,0.01
2024_06_HOU_NE,2024,6,NE,HOU,0,0.315700436345142,0.30930945308782676,0.1,0.36624394024266094,0.35427325593112724,0.01,0.3577835256114258,0.32147345933240296,0.01,0.3606474185962673,0.320840084492346,0.01
2024_06_IND_TEN,2024,6,TEN,IND,0,0.39309806739513053,0.3882282320940937,0.1,0.439548430060003,0.4193338165980653,0.01,0.38831668330023816,0.33029913429105084,0.01,0.4001879741333658,0.34263754084135384,0.01
2024_06_JAX_CHI,2024,6,CHI,JAX,1,0.6278061426461811,0.6301414995063573,0.1,0.6127943924660763,0.6220222047367514,0.01,0.6425521282034665,0.6543604123215958,0.01,0.6321419230793761,0.6410223566481141,0.01
2024_06_LAC_DEN,2024,6,DEN,LAC,0,0.5084714167690231,0.5076406593704241,0.1,0.5353559157695366,0.5429611017328069,0.01,0.5240148527623915,0.5176842946713376,0.01,0.5269317135908156,0.5182091827830786,0.01
2024_06_PIT_LV,2024,6,LV,PIT,0,0.35301691797387097,0.34761896469046527,0.1,0.3571685480596591,0.34261883363755286,0.01,0.30001780619943186,0.26434456152572344,0.01,0.30300566233514337,0.2674157308902589,0.01
2024_06_SF_SEA,2024,6,SEA,SF,0,0.3792861088829192,0.3745986683856049,0.1,0.40145308806404456,0.39125764827727216,0.01,0.38303674495010304,0.3593978550585536,0.01,0.38228918785828536,0.3637129590611256,0.01
2024_06_TB_NO,2024,6,NO,TB,0,0.6300897975825673,0.632995175635068,0.1,0.6178438040034766,0.6269582281950248,0.01,0.6450899927299955,0.6765780838320332,0.01,0.6355818366760702,0.671970993567647,0.01
2024_06_WAS_BAL,2024,6,BAL,WAS,1,0.6191995281242442,0.6218194337720311,0.1,0.6729677996683607,0.6911734071974153,0.01,0.7058774828941028,0.7209627432320848,0.01,0.7061240769089628,0.7215753574732493,0.01
2024_07_BAL_TB,2024,7,TB,BAL,0,0.40812847173138883,0.40405902397771476,0.1,0.36327834218823396,0.3480684624814099,0.01,0.3431199968833654,0.3088733013581732,0.01,0.35756007738576606,0.3249835782873196,0.01
2024_07_CAR_WAS,2024,7,WAS,CAR,1,0.8362416426636275,0.8432926927536009,0.1,0.806584202546234,0.8227916943485025,0.01,0.7929200825408954,0.8064511238728845,0.01,0.7898872431099081,0.8020604783313474,0.01
2024_07_CIN_CLE,2024,7,CLE,CIN,0,0.3007077387593287,0.29326186503997753,0.1,0.3288237150916497,0.3094795792481782,0.01,0.3202292300319034,0.3048271223845333,0.01,0.31724736825681626,0.3059911347430432,0.01
2024_07_DEN_NO,2024,7,NO,DEN,0,0.613157182902131,0.6163181122328781,0.1,0.5817100802338815,0.5805202839416117,0.01,0.6022848345467358,0.6160832491943978,0.01,0.6013402679191026,0.6161873542311764,0.01
2024_07_DET_MIN,2024,7,MIN,DET,0,0.3889917654788426,0.3841123445231092,0.1,0.4189151396911668,0.41718564661753066,0.01,0.42363434564612096,0.42343932157118935,0.01,0.44307159685822095,0.46067172923575544,0.01
2024_07_HOU_GB,2024,7,GB,HOU,1,0.6110341789166222,0.6139442986018037,0.1,0.5881405543225585,0.57783696135049,0.01,0.6053132772667034,0.6005439424536837,0.01,0.5981361725881028,0.592493681167217,0.01
2024_07_KC_SF,2024,7,SF,KC,0,0.6322873613534266,0.6357468485461049,0.1,0.5811456496800128,0.5677681337989093,0.01,0.6300550422054328,0.6467087414163697,0.01,0.6353278375235485,0.6536743454865692,0.01
2024_07_LAC_ARI,2024,7,ARI,LAC,1,0.45510998185390716,0.4535975304169639,0.1,0.4555325871581721,0.4509819582809892,0.01,0.46304818468358266,0.44425955348283774,0.01,0.4758223253216365,0.46220048874951064,0.01
2024_07_LV_LA,2024,7,LA,LV,1,0.665324494700264,0.6701757070769878,0.1,0.6932127178306806,0.7053500687079673,0.01,0.717370530864397,0.742479481871694,0.01,0.694161777074057,0.7093170495056944,0.01
2024_07_MIA_IND,2024,7,IND,MIA,1,0.6383134940106844,0.6421578965568422,0.1,0.5814387211595328,0.5728383417744877,0.01,0.5859087500876705,0.6019321320472494,0.01,0.5718198617596691,0.5805099732746228,0.01
2024_07_NE_JAX,2024,7,JAX,NE,1,0.646706906933616,0.6510827834947084,0.1,0.6152595710450168,0.6072468760827012,0.01,0.6320406502914788,0.6616203642699214,0.01,0.6290618559349501,0.6588664822106052,0.01
2024_07_NYJ_PIT,2024,7,PIT,NYJ,1,0.620743832632561,0.6239224520814027,0.1,0.6168119361633863,0.629815905810419,0.01,0.6597614112467062,0.6780260980323877,0.01,0.6582793785336749,0.6724587363543454,0.01
2024_07_PHI_NYG,2024,7,NYG,PHI,0,0.3768894371170402,0.37158181734267187,0.1,0.3528171629879153,0.3353373035836746,0.01,0.3813677148649716,0.3559307049455615,0.01,0.38464755656800464,0.36816562461023655,0.01
2024_07_SEA_ATL,2024,7,ATL,SEA,0,0.5529849316393486,0.5538194613089827,0.1,0.53597084726518,0.549326418094712,0.01,0.537419525664772,0.5521544761599055,0.01,0.5400927483526528,0.5567112559166878,0.01
2024_07_TEN_BUF,2024,7,BUF,TEN,1,0.8031188321673357,0.810259907526222,0.1,0.7804590976769314,0.7965468723886118,0.01,0.8243641724755234,0.8533805966692718,0.01,0.8180546930615836,0.8491773893146827,0.01
2024_08_ARI_MIA,2024,8,MIA,ARI,0,0.4764024789550364,0.47382133290104234,0.1,0.5230125091320355,0.5374111353853254,0.01,0.5002967663191197,0.5180809012827212,0.01,0.5024040263319675,0.5273832111828333,0.01
2024_08_ATL_TB,2024,8,TB,ATL,0,0.6015559189461793,0.6040933349231958,0.1,0.5789511035138004,0.5703595755568274,0.01,0.5876203659488074,0.5764276226353396,0.01,0.5882554382604596,0.5711325376837619,0.01
2024_08_BAL_CLE,2024,8,CLE,BAL,1,0.18673796712942267,0.17832312146819504,0.1,0.17382623855434076,0.15225314399134826,0.01,0.16521340305465773,0.14403841934855846,0.01,0.16146859753744147,0.14525768335882622,0.01
2024_08_BUF_SEA,2024,8,SEA,BUF,0,0.31685289520121535,0.3105413059450235,0.1,0.33658784805358144,0.31796978285827704,0.01,0.3016794548700214,0.26207571176340166,0.01,0.30645364885690496,0.2628783571431117,0.01
2024_08_CAR_DEN,2024,8,DEN,CAR,1,0.7857229350560794,0.7917724607022619,0.1,0.7757191389268394,0.7981012944342615,0.01,0.7810181331391028,0.7904203713014957,0.01,0.782590504828462,0.7925145668002421,0.01
2024_08_CHI_WAS,2024,8,WAS,CHI,1,0.6608862088351943,0.6658848753455634,0.1,0.646162476318344,0.6572571380909724,0.01,0.6049596296988436,0.6012821492182859,0.01,0.5950014741151177,0.5783803292702046,0.01
2024_08_DAL_SF,2024,8,SF,DAL,1,0.7406717714754861,0.7464743903177353,0.1,0.7326804548768265,0.7558482384990058,0.01,0.7286039565204381,0.7365937603988061,0.01,0.7152886786405741,0.7059662759974372,0.01
2024_08_GB_JAX,2024,8,JAX,GB,0,0.32888264257312955,0.3234035444610061,0.1,0.3998333761845796,0.4048415044298364,0.01,0.39080888660603735,0.4056123067358455,0.01,0.39610700983060354,0.4058399967201568,0.01
2024_08_IND_HOU,2024,8,HOU,IND,1,0.5655826227032422,0.5666347038639404,0.1,0.5710004443007584,0.572780351913428,0.01,0.5785424154305234,0.5600237811901941,0.01,0.5894085248735424,0.5769560753817888,0.01
2024_08_KC_LV,2024,8,LV,KC,0,0.23867595758642665,0.2309084020218104,0.1,0.21787578786066497,0.19004419078867693,0.01,0.221460115518887,0.19433892501483738,0.01,0.22845624364887698,0.20567404643576445,0.01
2024_08_MIN_LA,2024,8,LA,MIN,1,0.40685999108462406,0.4035274718557097,0.1,0.4527739891055196,0.4487856558615703,0.01,0.4477197979336244,0.4346086564530967,0.01,0.41933239857638727,0.391143259309874,0.01
2024_08_NO_LAC,2024,8,LAC,NO,1,0.5762942546091535,0.5777125829767278,0.1,0.5561849719379247,0.5590540052586888,0.01,0.5540424141746495,0.5645976751425927,0.01,0.553171911096428,0.5655490945491988,0.01
2024_08_NYG_PIT,2024,8,PIT,NYG,1,0.7325469808347757,0.7382431219740647,0.1,0.7086955997248359,0.7150336046484527,0.01,0.7454811786431222,0.7686850031877501,0.01,0.7488783420751548,0.772180935694786,0.01
2024_08_NYJ_NE,2024,8,NE,NYJ,1,0.3703356240971397,0.3656768919811952,0.1,0.3849492057551662,0.3752319548843714,0.01,0.3839982906586869,0.34333254941021674,0.01,0.38392224329778135,0.33579901185817285,0.01
2024_08_PHI_CIN,2024,8,CIN,PHI,0,0.5035530670140911,0.5028750771198184,0.1,0.46042356437487486,0.4342557614546577,0.01,0.508598162307199,0.49402115382933665,0.01,0.5042085074839814,0.4913685110777485,0.01
2024_08_TEN_DET,2024,8,DET,TEN,1,0.8220574371675594,0.8290658715225219,0.1,0.8115472059498742,0.8306842125146887,0.01,0.8428901267765464,0.8668676845840958,0.01,0.8317607965064724,0.8487272388302164,0.01
2024_09_CHI_ARI,2024,9,ARI,CHI,1,0.5000317470865685,0.5000692705869556,0.1,0.4919072034834491,0.48809672560787587,0.01,0.4775508671427499,0.4495802529886736,0.01,0.48195008338695594,0.4470241976617651,0.01
2024_09_DAL_ATL,2024,9,ATL,DAL,1,0.6312966613834093,0.6345011557422103,0.1,0.6394068493578988,0.6729625759907997,0.01,0.6246618879636305,0.6379092882646428,0.01,0.6163358713344584,0.6221167920106603,0.01
2024_09_DEN_BAL,2024,9,BAL,DEN,1,0.7297551667762413,0.736341325759048,0.1,0.739301816046199,0.7423567766801934,0.01,0.7361778281231145,0.7498480616651553,0.01,0.7286899833073018,0.7384219800061506,0.01
2024_09_DET_GB,2024,9,GB,DET,0,0.43385631627530685,0.43086953689679625,0.1,0.3827580599149146,0.35206067404295904,0.01,0.37662116708651744,0.3432235436439721,0.01,0.3858849420723565,0.3686764327507504,0.01
2024_09_HOU_NYJ,2024,9,NYJ,HOU,1,0.4541512244882424,0.4516935628227459,0.1,0.48731851712849755,0.4848770175006955,0.01,0.44898954939051827,0.43869688428936277,0.01,0.4412015515816114,0.4295792665771244,0.01
2024_09_IND_MIN,2024,9,MIN,IND,1,0.6042635571992635,0.6065545130589323,0.1,0.6622062707738431,0.6769600758545824,0.01,0.6714921874541503,0.6654416224138283,0.01,0.6788414045743594,0.6717420600064471,0.01
2024_09_JAX_PHI,2024,9,PHI,JAX,1,0.7138659610713963,0.7191145547540341,0.1,0.7016588746955802,0.7213421520906441,0.01,0.6727150773211721,0.6726050585596616,0.01,0.6655396811574102,0.6599455741924262,0.01
2024_09_LAC_CLE,2024,9,CLE,LAC,0,0.37231010229001726,0.3673831865051194,0.1,0.4084948486288626,0.4001103945724804,0.01,0.3791966353828335,0.36122384123106493,0.01,0.37943859092847937,0.36794041675793193,0.01
2024_09_LA_SEA,2024,9,SEA,LA,0,0.5430832447245998,0.543590681993576,0.1,0.4892951928502951,0.4736149174509799,0.01,0.46973291034728953,0.4496118700367521,0.01,0.4900905901688089,0.47671586630953544,0.01
2024_09_LV_CIN,2024,9,CIN,LV,1,0.7572053713621725,0.7639726946786377,0.1,0.7093071890860755,0.7052515630827393,0.01,0.7361178389159794,0.7565455885437772,0.01,0.7243982969082675,0.7450163265628634,0.01
2024_09_MIA_BUF,2024,9,BUF,MIA,1,0.8358789557458536,0.842862532979551,0.1,0.7979419233705095,0.8019285034319044,0.01,0.8115070360674211,0.8195228531743921,0.01,0.8050680812668621,0.8112141728390894,0.01
2024_09_NE_TEN,2024,9,TEN,NE,1,0.572958251914807,0.5741000400815484,0.1,0.5920510387792463,0.602869006655591,0.01,0.5597338414728567,0.5745785403945028,0.01,0.5590263770810955,0.5720559179079812,0.01
2024_09_NO_CAR,2024,9,CAR,NO,1,0.29972423190316716,0.2933522527478574,0.1,0.3328517037967007,0.3228857350364685,0.01,0.2998369694984139,0.29392563732486265,0.01,0.2998668036802993,0.2924205366299454,0.01
2024_09_TB_KC,2024,9,KC,TB,1,0.5936480075387378,0.5953471640141493,0.1,0.6391109105351716,0.6608970409582049,0.01,0.6280006345163718,0.6356303437203485,0.01,0.621320878552145,0.62374856428123,0.01
2024_09_WAS_NYG,2024,9,NYG,WAS,0,0.24593857690010457,0.23805909720667665,0.1,0.2666415973598322,0.2517145376239577,0.01,0.2782850055354028,0.2556866546788818,0.01,0.28871068745144185,0.27576832763982073,0.01
2024_10_ATL_NO,2024,10,NO,ATL,1,0.463972455381262,0.4615391790496198,0.1,0.44315378123943805,0.42282246947277996,0.01,0.503157819595707,0.5025101706671896,0.01,0.499170111172582,0.4991398581798753,0.01
2024_10_BUF_IND,2024,10,IND,BUF,0,0.259391769801724,0.25174565325759996,0.1,0.2463854400378646,0.22872387931447977,0.01,0.2452078923135146,0.23746053924771662,0.01,0.2492466422266276,0.24468172784707606,0.01
2024_10_CIN_BAL,2024,10,BAL,CIN,1,0.7159077125774629,0.7214592348381779,0.1,0.759675074123294,0.7783984005945802,0.01,0.7590701033196426,0.7816610034663557,0.01,0.7552326920320941,0.7736383296830857,0.01
2024_10_DEN_KC,2024,10,KC,DEN,1,0.6780223880397586,0.6830126388184944,0.1,0.7097743819720821,0.7322812666358958,0.01,0.673641668478947,0.6810495758432168,0.01,0.6720688874932229,0.6727654940557712,0.01
2024_10_DET_HOU,2024,10,HOU,DET,0,0.3308011971407788,0.3246753981270538,0.1,0.3208234586056596,0.3033556974348105,0.01,0.32984610497242606,0.3290337026300219,0.01,0.34706714861295507,0.37257373798566445,0.01
2024_10_MIA_LA,2024,10,LA,MIA,0,0.5887318173023128,0.5908713191589714,0.1,0.5952420981444361,0.5947573523672008,0.01,0.6021596020554048,0.5932672534018895,0.01,0.5767908373524959,0.5510129661103992,0.01
2024_10_MIN_JAX,2024,10,JAX,MIN,0,0.3757050162712496,0.37170108518363365,0.1,0.36238773787562506,0.34492542334456483,0.01,0.34525013527734655,0.34086563337497744,0.01,0.3458850677816155,0.33971677658702787,0.01
2024_10_NE_CHI,2024,10,CHI,NE,0,0.696084564756528,0.7008067966790553,0.1,0.6795310277650523,0.6907992637665407,0.01,0.7203698508758772,0.7621037491058383,0.01,0.7169873701825834,0.7633396926240876,0.01
2024_10_NYG_CAR,2024,10,CAR,NYG,1,0.3897636770188843,0.3854971842747347,0.1,0.4219004157195769,0.41709418735721726,0.01,0.40769948134957407,0.4203157931615012,0.01,0.4053202853779329,0.41350510297496934,0.01
2024_10_NYJ_ARI,2024,10,ARI,NYJ,1,0.5458753266721051,0.5472418849119804,0.1,0.5376387939196894,0.5355958820404666,0.01,0.5640771273201739,0.5403879568951857,0.01,0.5696125984583219,0.5375084707034229,0.01
2024_10_PHI_DAL,2024,10,DAL,PHI,0,0.3356525761843446,0.32991494880571787,0.1,0.34582889926592175,0.3139504525515119,0.01,0.36456645244086283,0.35160376577954666,0.01,0.3810599646116266,0.38154403503376205,0.01
2024_10_PIT_WAS,2024,10,WAS,PIT,0,0.6454073925682097,0.6497671523337285,0.1,0.6419610124116634,0.6511843185990881,0.01,0.5816214636187863,0.577283731950457,0.01,0.5626852861759437,0.5440725333505554,0.01
2024_10_SF_TB,2024,10,TB,SF,0,0.4156999664886772,0.41240581089957756,0.1,0.4056057051937474,0.394420794027003,0.01,0.3766344190033898,0.3532932590847556,0.01,0.38412093647845136,0.36560309006604497,0.01
2024_10_TEN_LAC,2024,10,LAC,TEN,1,0.7046150406636352,0.7097922670151728,0.1,0.6407155851804913,0.6374359429087533,0.01,0.7016153116494729,0.7256418123543699,0.01,0.679904873473024,0.7035113768156263,0.01
2024_11_ATL_DEN,2024,11,DEN,ATL,1,0.46884876969186656,0.46629323280241436,0.1,0.44826309023283634,0.4335197598353482,0.01,0.4833238088523629,0.47017413656121,0.01,0.4772184259471944,0.4587751047247905,0.01
2024_11_BAL_PIT,2024,11,PIT,BAL,1,0.33240225693620873,0.32582468177763346,0.1,0.289668282078186,0.27488794311187736,0.01,0.32267235215634354,0.3136930071902009,0.01,0.3450807327096042,0.35209659710953006,0.01
2024_11_CIN_LAC,2024,11,LAC,CIN,1,0.542204854861742,0.5419133215535377,0.1,0.5290084051606793,0.5221481138878051,0.01,0.5444423661605902,0.5431571234663799,0.01,0.5357119683291967,0.5333227651261065,0.01
2024_11_CLE_NO,2024,11,NO,CLE,1,0.6516684805543206,0.6558562927484771,0.1,0.6254021776811425,0.6394856399340985,0.01,0.6675388750757784,0.6809984534568326,0.01,0.6806169777834445,0.6941126138529923,0.01
2024_11_GB_CHI,2024,11,CHI,GB,0,0.36134079488438015,0.3557476384699412,0.1,0.41263482259166284,0.41155336194153697,0.01,0.4396944072244823,0.4503027176280214,0.01,0.4425783408777659,0.4559147618294552,0.01
2024_11_HOU_DAL,2024,11,DAL,HOU,0,0.39718422460338426,0.3934925166595853,0.1,0.45390659080494944,0.4456911460248871,0.01,0.4210963176146637,0.40211101467751964,0.01,0.4260570423265431,0.4058005057292604,0.01
2024_11_IND_NYJ,2024,11,NYJ,IND,0,0.5236122024262436,0.5234327979653177,0.1,0.5762399403409606,0.5893993103214523,0.01,0.5477748788920908,0.549110332078174,0.01,0.552022244932722,0.559871428060817,0.01
2024_11_JAX_DET,2024,11,DET,JAX,1,0.7943104576828476,0.8006192522711506,0.1,0.7864672896483489,0.8049922072770024,0.01,0.7843353959840696,0.7900697178399584,0.01,0.7770082344682648,0.7734691930069018,0.01
2024_11_KC_BUF,2024,11,BUF,KC,1,0.6611940210435229,0.6654538944757475,0.1,0.6025427527342587,0.593524899484416,0.01,0.6535657110247267,0.6762724197274446,0.01,0.6497913058962828,0.681095175083664,0.01
2024_11_LA_NE,2024,11,NE,LA,0,0.4001744730489934,0.39592228199549284,0.1,0.3676318230198911,0.33810402959932306,0.01,0.33302398802152067,0.28398588307611095,0.01,0.35631183097619207,0.3149462788506549,0.01
2024_11_LV_MIA,2024,11,MIA,LV,1,0.6939802504303542,0.6990547701453061,0.1,0.7019434711617512,0.7199822521980542,0.01,0.7138405569670522,0.7495022239064556,0.01,0.7146181248852261,0.7551643654038126,0.01
2024_11_MIN_TEN,2024,11,TEN,MIN,0,0.3258787439933344,0.31995904786887047,0.1,0.31813686762219484,0.2987004244653307,0.01,0.2690020630205446,0.23287520495055392,0.01,0.27374449603270085,0.23599780652079236,0.01
2024_11_SEA_SF,2024,11,SF,SEA,0,0.7506804979909503,0.7567862977360597,0.1,0.7520578342148011,0.7629661443892949,0.01,0.770794148074576,0.789544322899122,0.01,0.7724305339019519,0.7915543893470113,0.01
2024_11_WAS_PHI,2024,11,PHI,WAS,1,0.528305616639787,0.5278670616396371,0.1,0.5443584399471387,0.5507423813513713,0.01,0.5354916477620983,0.5332115572118101,0.01,0.5428107382862245,0.5474585431972231,0.01
2024_12_ARI_SEA,2024,12,SEA,ARI,1,0.4619181745446246,0.4594890461759329,0.1,0.4700549237570926,0.4729824719147264,0.01,0.44503678255730733,0.4516106264072728,0.01,0.4345618348886197,0.43586415235917864,0.01
2024_12_BAL_LAC,2024,12,LAC,BAL,0,0.3357187486228774,0.3293342363804051,0.1,0.2821569459453221,0.2604461544677525,0.01,0.2973501240359121,0.2815068223080704,0.01,0.2995524471440587,0.2871117183485527,0.01
2024_12_DAL_WAS,2024,12,WAS,DAL,0,0.7737650332454595,0.7803925376825936,0.1,0.7468585638518577,0.7672923637732427,0.01,0.7316048652297974,0.7485778607690948,0.01,0.7090667693673064,0.7076049389196691,0.01
2024_12_DEN_LV,2024,12,LV,DEN,0,0.29672804073620435,0.2902205540805391,0.1,0.2995813984958303,0.28361120761229547,0.01,0.2820351038554995,0.2514415474478732,0.01,0.2908132613253606,0.260344082943482,0.01
2024_12_DET_IND,2024,12,IND,DET,0,0.2407897505358974,0.233210626031103,0.1,0.21383078451998538,0.18975600637858828,0.01,0.21927863719810903,0.20612620616155503,0.01,0.21953686667307074,0.2127779773175867,0.01
2024_12_KC_CAR,2024,12,CAR,KC,0,0.20840248552123922,0.20062143991555487,0.1,0.20140398268660628,0.17226103018695196,0.01,0.22015076173805648,0.20721483324189663,0.01,0.22212027311907387,0.21638386247802627,0.01
2024_12_MIN_CHI,2024,12,CHI,MIN,0,0.4121660964050511,0.408580859370519,0.1,0.38665836682540816,0.3678325170359241,0.01,0.40540481079556506,0.3903778175632982,0.01,0.4127627837407846,0.4060484675257643,0.01
2024_12_NE_MIA,2024,12,MIA,NE,1,0.6546807283276228,0.6586213613811172,0.1,0.6588548040915029,0.6814323614281023,0.01,0.6817136590255941,0.7208468105168933,0.01,0.6919100782440178,0.7390671801075895,0.01
2024_12_PHI_LA,2024,12,LA,PHI,0,0.36727873749713313,0.3623527593187686,0.1,0.40614894077401636,0.40424942367683464,0.01,0.4280689408519055,0.41850687209762466,0.01,0.4252002979527968,0.4107893179575752,0.01
2024_12_PIT_CLE,2024,12,CLE,PIT,1,0.3494113755498606,0.34391873928283295,0.1,0.3821924185499399,0.3705520363789108,0.01,0.33348843111508675,0.31365431448358966,0.01,0.30997317742843267,0.2846727575312837,0.01
2024_12_SF_GB,2024,12,GB,SF,1,0.44524955153430573,0.44253299848719607,0.1,0.3921902017307693,0.36783720993601526,0.01,0.3927029583674192,0.37187584388156464,0.01,0.3971998630767178,0.3870065282259477,0.01
2024_12_TB_NYG,2024,12,NYG,TB,0,0.34633168259427116,0.3403538185733977,0.1,0.36816770147153094,0.3551943099854423,0.01,0.3876963244041304,0.378494698970666,0.01,0.38690959911586575,0.3878086564355498,0.01
2024_12_TEN_HOU,2024,12,HOU,TEN,0,0.6841974742127284,0.6888638814464676,0.1,0.6475332616341221,0.6508466652353667,0.01,0.7108656261458253,0.7408413988557534,0.01,0.7097489245637992,0.7469344820638417,0.01
2024_13_ARI_MIN,2024,13,MIN,ARI,1,0.5956307545471603,0.5971483971604988,0.1,0.6216678801209595,0.6362571512638778,0.01,0.6349575955138317,0.6691175804918296,0.01,0.6242408473236644,0.656049265750437,0.01
2024_13_CHI_DET,2024,13,DET,CHI,1,0.7933468871233871,0.8000560879888948,0.1,0.7993476035233239,0.8209082209774846,0.01,0.7701760991932229,0.7782679148710311,0.01,0.7652324765399274,0.7596210196425928,0.01
2024_13_CLE_DEN,2024,13,DEN,CLE,1,0.6941194122265038,0.6990112796996579,0.1,0.6745636818377561,0.6950549537779769,0.01,0.6866257688423024,0.6910387579695091,0.01,0.700430385674566,0.7031983435818016,0.01
2024_13_HOU_JAX,2024,13,JAX,HOU,0,0.3644690795124399,0.3601453237485797,0.1,0.39552393765519456,0.3868737784852594,0.01,0.37025371614174046,0.35895473585513576,0.01,0.36782981915011126,0.3485926687292977,0.01
2024_13_IND_NE,2024,13,NE,IND,0,0.4303134617033136,0.42719678997909305,0.1,0.48767562516927815,0.48941811424672854,0.01,0.45791368758616724,0.42202090584247304,0.01,0.45910735853502166,0.4207541109199847,0.01
2024_13_LAC_ATL,2024,13,ATL,LAC,0,0.4953497904413907,0.4946735763858055,0.1,0.5596023644436402,0.5803390039201567,0.01,0.5106829919854818,0.5096643147990072,0.01,0.5229724032213826,0.5248669290579512,0.01
2024_13_LA_NO,2024,13,NO,LA,0,0.5475503309847303,0.5480038100862903,0.1,0.49966275410015765,0.4747418131874523,0.01,0.5094612506247721,0.49601758634255555,0.01,0.5231238426470373,0.5182467983353081,0.01
2024_13_LV_KC,2024,13,KC,LV,1,0.817179198914731,0.8241606643907986,0.1,0.8355004455654726,0.856639287463091,0.01,0.8276300730526177,0.8524139533898343,0.01,0.8213267587017713,0.8421462906885886,0.01
2024_13_MIA_GB,2024,13,GB,MIA,1,0.664242126291574,0.6686065385462721,0.1,0.6038012311948533,0.5869918909216091,0.01,0.6072368885981232,0.5968347269151447,0.01,0.6024853022161953,0.593817253843187,0.01
2024_13_NYG_DAL,2024,13,DAL,NYG,1,0.5492725838137379,0.5500813270766495,0.1,0.5599796465802415,0.5606830557243596,0.01,0.5766528924137464,0.5995020076446639,0.01,0.5918815550131069,0.6257009738706596,0.01
2024_13_PHI_BAL,2024,13,BAL,PHI,0,0.6094125837292088,0.6123799987935089,0.1,0.634799203689964,0.6324030772342426,0.01,0.6424644867236222,0.6442163437154048,0.01,0.6420706694132128,0.6445589782741304,0.01
2024_13_PIT_CIN,2024,13,CIN,PIT,0,0.5582403131440618,0.559962090537044,0.1,0.5450226706593903,0.54932575078869,0.01,0.5049981506049773,0.4965258126963186,0.01,0.49074253265447815,0.4742585782319327,0.01
2024_13_SEA_NYJ,2024,13,NYJ,SEA,0,0.49558426315773657,0.49419998286391853,0.1,0.5014868651333562,0.49813494859488705,0.01,0.5116366494661478,0.5279575127148725,0.01,0.5229658352377448,0.5545236342646086,0.01
2024_13_SF_BUF,2024,13,BUF,SF,1,0.6126038753285765,0.6154189744333765,0.1,0.5794160025029692,0.5820192483414507,0.01,0.6098991478866137,0.6275172764722257,0.01,0.6029208248406712,0.6252223839583856,0.01
2024_13_TB_CAR,2024,13,CAR,TB,0,0.2488234542249497,0.24123031014892934,0.1,0.27621223292765873,0.257594574419684,0.01,0.29256989449468757,0.28768195036945887,0.01,0.2938016873556623,0.2944185696169875,0.01
2024_13_TEN_WAS,2024,13,WAS,TEN,1,0.7286126607537575,0.7349089844561149,0.1,0.7176583952062371,0.7331865544120926,0.01,0.7332102351401214,0.7587370737780904,0.01,0.7035713883143616,0.7137712548854177,0.01
2024_14_ATL_MIN,2024,14,MIN,ATL,1,0.6091979821481549,0.6113789043386371,0.1,0.6049079543508615,0.6099168869979793,0.01,0.6605616767657234,0.6785780637623696,0.01,0.6567637226525098,0.6735248014322351,0.01
2024_14_BUF_LA,2024,14,LA,BUF,1,0.2859103893764448,0.27901079171416265,0.1,0.34266536285659466,0.34715654983327626,0.01,0.32234882676250926,0.3095016585697577,0.01,0.319531811611213,0.30099430458624793,0.01
2024_14_CAR_PHI,2024,14,PHI,CAR,1,0.8398968596702933,0.8466146498252078,0.1,0.8176320875150394,0.8393983547946191,0.01,0.8081469926015825,0.8281103214166926,0.01,0.797969445614718,0.8128704662575988,0.01
2024_14_CHI_SF,2024,14,SF,CHI,1,0.6773456042574963,0.6822364779521073,0.1,0.6874699123842839,0.7024281833811675,0.01,0.6526587244550442,0.6478445520674961,0.01,0.6420722839973633,0.6196733292795785,0.01
2024_14_CIN_DAL,2024,14,DAL,CIN,0,0.3625889582671159,0.3570441753050029,0.1,0.4208046878381373,0.41415190244032885,0.01,0.4255885735374501,0.4236199044156231,0.01,0.450178865199106,0.46469767781113447,0.01
2024_14_CLE_PIT,2024,14,PIT,CLE,1,0.6996585042894468,0.704808020405645,0.1,0.6656790167435822,0.6756088408290171,0.01,0.7122091984032707,0.7249294293766579,0.01,0.7298589364604826,0.7446969907974846,0.01
2024_14_GB_DET,2024,14,DET,GB,1,0.6485890288669727,0.6521920517471631,0.1,0.6947998806526424,0.7215887911830748,0.01,0.6932509024806451,0.7193906696223261,0.01,0.6917457258385705,0.7116951695260669,0.01
2024_14_JAX_TEN,2024,14,TEN,JAX,0,0.5307026050024214,0.5301430933412429,0.1,0.527535032781222,0.526558085419854,0.01,0.5010621277936336,0.4719545203236963,0.01,0.5092880677603271,0.4828988909163092,0.01
2024_14_LAC_KC,2024,14,KC,LAC,1,0.6117222351436138,0.6148178272170612,0.1,0.6748108186498419,0.6992176752945986,0.01,0.6197058880604985,0.6192462728578617,0.01,0.6213992353543579,0.6098641894806012,0.01
2024_14_LV_TB,2024,14,TB,LV,1,0.7643627335634168,0.7710486564504673,0.1,0.7491198701481282,0.7531232644968003,0.01,0.741377837408687,0.7547828550452825,0.01,0.7376850618589414,0.7469768464175245,0.01
2024_14_NO_NYG,2024,14,NYG,NO,0,0.37655054480756567,0.3717596789622018,0.1,0.409447579449543,0.40126856583235576,0.01,0.38507918386036327,0.3600899910838151,0.01,0.38380046894965525,0.3563772677735138,0.01
2024_14_NYJ_MIA,2024,14,MIA,NYJ,1,0.6175693796277062,0.6206720421823492,0.1,0.6177643849644486,0.6353261506503611,0.01,0.6328382906339709,0.6364911801045033,0.01,0.643170914335019,0.6440756790902964,0.01
2024_14_SEA_ARI,2024,14,ARI,SEA,0,0.5637306742278746,0.5652161306727357,0.1,0.5605813384878069,0.5529523223797651,0.01,0.5765585964656228,0.5628465529494717,0.01,0.5986056844445592,0.5949981754275736,0.01
2024_15_ATL_LV,2024,15,LV,ATL,0,0.3633600656516467,0.3578793565503219,0.1,0.3392953091397049,0.32258658772491466,0.01,0.3649843973037759,0.3356262173546136,0.01,0.3618787814753664,0.32768123627885093,0.01
2024_15_BAL_NYG,2024,15,NYG,BAL,0,0.18242783764863824,0.17435105855953872,0.1,0.18839444824981272,0.16829653032600858,0.01,0.1895974649411939,0.16278686465675604,0.01,0.20260811256419353,0.18127181990241353,0.01
2024_15_BUF_DET,2024,15,DET,BUF,0,0.5109550620957839,0.5100180322596484,0.1,0.5538232911494877,0.5620463533868978,0.01,0.5203023224757739,0.5100512997562292,0.01,0.5283124100132097,0.5113777463136415,0.01
2024_15_CHI_MIN,2024,15,MIN,CHI,1,0.6661718633116123,0.6703419199847899,0.1,0.6815422813341526,0.7032414850214688,0.01,0.6619062496302942,0.670575852155216,0.01,0.6582205971163352,0.659371439150365,0.01
2024_15_CIN_TEN,2024,15,TEN,CIN,0,0.3506308715781902,0.34455122507322405,0.1,0.3782207079082161,0.36938274127752885,0.01,0.3565948303166004,0.34034270894605034,0.01,0.37415608313498944,0.36656842190953975,0.01
2024_15_DAL_CAR,2024,15,CAR,DAL,0,0.4583233952331147,0.4561700125167775,0.1,0.45509040960541325,0.4475396319639109,0.01,0.43522255226022094,0.42012025249015905,0.01,0.41347992014605967,0.3836680132640865,0.01
2024_15_GB_SEA,2024,15,SEA,GB,0,0.3931520979623806,0.3887607610353485,0.1,0.43678178786569183,0.4457239237976403,0.01,0.4186100957895024,0.41874407188021634,0.01,0.4039609348304984,0.3907816199958288,0.01
2024_15_IND_DEN,2024,15,DEN,IND,1,0.6224775198964553,0.6252412298306907,0.1,0.6478194682376063,0.6675650369819411,0.01,0.6557903242135743,0.6643561244088882,0.01,0.659305031718368,0.6707149017294425,0.01
2024_15_KC_CLE,2024,15,CLE,KC,0,0.3112653803281891,0.3044444782934709,0.1,0.29475568387326523,0.2642808039335397,0.01,0.31011969289721986,0.30229461171331384,0.01,0.307279549446666,0.3167760419262217,0.01
2024_15_LA_SF,2024,15,SF,LA,0,0.6660232668761431,0.6701872056932533,0.1,0.6350406498014396,0.6234915782058975,0.01,0.624790187818102,0.6103435358263164,0.01,0.6346912665312567,0.6218875371696354,0.01
2024_15_MIA_HOU,2024,15,HOU,MIA,1,0.5414298985369759,0.541512153774547,0.1,0.48848458513301785,0.46004047475598475,0.01,0.5250144889595565,0.5304978197798028,0.01,0.5343409658250561,0.555150677815381,0.01
2024_15_NE_ARI,2024,15,ARI,NE,1,0.6584148884703394,0.662804032783357,0.1,0.6443177847195117,0.6541516589880849,0.01,0.6543055856779952,0.6674852334279701,0.01,0.6677535341473906,0.6871476715656385,0.01
2024_15_NYJ_JAX,2024,15,JAX,NYJ,0,0.4962907323028336,0.49581407972866004,0.1,0.47900246700806126,0.4654662024126174,0.01,0.48717895286345797,0.48248378384573615,0.01,0.4956627196635508,0.49081766734716403,0.01
2024_15_PIT_PHI,2024,15,PHI,PIT,1,0.6540379176879683,0.658298881928337,0.1,0.6660256064256673,0.6930421793253236,0.01,0.6081146223821641,0.6182479928191965,0.01,0.5832989752353901,0.5761119038982828,0.01
2024_15_TB_LAC,2024,15,LAC,TB,0,0.47941583349831496,0.4773189500472453,0.1,0.4447315081317366,0.43627632537971484,0.01,0.502816362190991,0.5176435056919346,0.01,0.4980299262823117,0.520863155771314,0.01
2024_15_WAS_NO,2024,15,NO,WAS,0,0.40673994652010326,0.40240595185499917,0.1,0.39795911212770446,0.37976996903866983,0.01,0.42595014969261336,0.4049171886325798,0.01,0.4471900745425564,0.44174012952157526,0.01
2024_16_ARI_CAR,2024,16,CAR,ARI,1,0.31723166071106,0.310850021154303,0.1,0.3434579509353018,0.33079203680896285,0.01,0.34758714825499704,0.353785889206898,0.01,0.33546815830070315,0.34012442233091583,0.01
2024_16_CLE_CIN,2024,16,CIN,CLE,1,0.7292863400717015,0.7356554723726841,0.1,0.6741218055542307,0.6850439100280787,0.01,0.7088297047007365,0.7192713952318956,0.01,0.7055382855365401,0.704602759855201,0.01
2024_16_DEN_LAC,2024,16,LAC,DEN,1,0.49076984976011967,0.48987779670188786,0.1,0.45991532829347326,0.44301020503309063,0.01,0.4796833179631062,0.4736517112263334,0.01,0.47318824546589616,0.46734878887766523,0.01
2024_16_DET_CHI,2024,16,CHI,DET,0,0.2559687276559941,0.24845308387045617,0.1,0.25110862641188875,0.22817285740266702,0.01,0.2882369439507291,0.2788152049887737,0.01,0.2949888004467442,0.2996794246769224,0.01
2024_16_HOU_KC,2024,16,KC,HOU,1,0.62447040149491,0.6279697616382085,0.1,0.6810413575229716,0.7061629443312973,0.01,0.6311734518607779,0.6242509193573502,0.01,0.6185906684685971,0.5905043519754706,0.01
2024_16_JAX_LV,2024,16,LV,JAX,1,0.44150972724738746,0.4380358022693895,0.1,0.45225322832164355,0.45552144816898466,0.01,0.4529833035365653,0.42060305427463257,0.01,0.4454350681706611,0.40743722540318655,0.01
2024_16_LA_NYJ,2024,16,NYJ,LA,0,0.4621160822500635,0.45964314795315286,0.1,0.4258576481233332,0.4064624096886369,0.01,0.4070488341965228,0.39308302155979113,0.01,0.420445907494991,0.42083317245565394,0.01
2024_16_MIN_SEA,2024,16,SEA,MIN,0,0.4148640677574054,0.4114714976689741,0.1,0.39566952270425637,0.3793524014858704,0.01,0.36135779291752523,0.33055787539843445,0.01,0.34688501755756806,0.30419959852366796,0.01
2024_16_NE_BUF,2024,16,BUF,NE,1,0.8522993522623715,0.8592304653231737,0.1,0.822588758946808,0.837468389944513,0.01,0.852697547229862,0.8835896141036531,0.01,0.8536784924803021,0.8893068916939378,0.01
2024_16_NO_GB,2024,16,GB,NO,1,0.6773387314990647,0.6820007847331989,0.1,0.6527843394826581,0.6560163040286323,0.01,0.6494177077865265,0.6477678274996576,0.01,0.6529255054163375,0.6504466786523652,0.01
2024_16_NYG_ATL,2024,16,ATL,NYG,1,0.6786303578830596,0.6833417351392197,0.1,0.6960607685300649,0.7187732655896255,0.01,0.6674107497019204,0.6933134792406938,0.01,0.6676270994429255,0.6902299605560842,0.01
2024_16_PHI_WAS,2024,16,WAS,PHI,1,0.4614703013611494,0.45958534851290966,0.1,0.4763216005000361,0.47649524580211733,0.01,0.4790507836605346,0.4911121749109018,0.01,0.4705999568584575,0.47873051773929703,0.01
2024_16_PIT_BAL,2024,16,BAL,PIT,1,0.7547260516834565,0.7612922217003466,0.1,0.7770132282096789,0.7953645291271908,0.01,0.7351942000885372,0.7408306957369619,0.01,0.7144467116077798,0.7085513507734358,0.01
2024_16_SF_MIA,2024,16,MIA,SF,1,0.404817050196936,0.4007225713607686,0.1,0.42703947514779944,0.4422034320686398,0.01,0.4248294111745928,0.43427637030720656,0.01,0.4232546459699098,0.4338844886847523,0.01
2024_16_TB_DAL,2024,16,DAL,TB,1,0.3482673631596062,0.3425431953736401,0.1,0.3802827423581212,0.3725270322564172,0.01,0.43065581028975153,0.44631990849121433,0.01,0.4476157852670912,0.4841280495784505,0.01
2024_16_TEN_IND,2024,16,IND,TEN,1,0.5925550009794398,0.5946466667958709,0.1,0.5594877359323924,0.5561226358554912,0.01,0.5790500228635798,0.5853164114981996,0.01,0.5638694213056373,0.5611267607123697,0.01
2024_17_ARI_LA,2024,17,LA,ARI,1,0.5434602052514292,0.5438048294434135,0.1,0.5810914516250854,0.6030849678382988,0.01,0.5978699244463034,0.6367571472631296,0.01,0.5657225604933277,0.5915617091844633,0.01
2024_17_ATL_WAS,2024,17,WAS,ATL,1,0.6358381260303204,0.6395373744216633,0.1,0.6140073022521279,0.6236807102871703,0.01,0.6330924292729497,0.6582528831207166,0.01,0.6044694198946473,0.6136352465811842,0.01
2024_17_BAL_HOU,2024,17,HOU,BAL,0,0.28366329037598986,0.2762479331327154,0.1,0.24537343544251008,0.22428817240245322,0.01,0.2768882638202466,0.2729958998823922,0.01,0.2923385269669449,0.30157165049102325,0.01
2024_17_CAR_TB,2024,17,TB,CAR,1,0.7828363920746476,0.7893806268404737,0.1,0.7719717868352439,0.7912837713600348,0.01,0.7512272902945054,0.7609038055950124,0.01,0.7560414350169384,0.7620169801837537,0.01
2024_17_DAL_PHI,2024,17,PHI,DAL,1,0.7604718457335553,0.7667325353329024,0.1,0.7385199928358934,0.7552647555367351,0.01,0.7202231698284018,0.7391793946357765,0.01,0.6946911343596925,0.6976251150782018,0.01
2024_17_DEN_CIN,2024,17,CIN,DEN,1,0.5706969316697749,0.572851012086159,0.1,0.5480908246106189,0.5394781980387708,0.01,0.5598686387310026,0.5593404750332599,0.01,0.55077326250548,0.5479719800871831,0.01
2024_17_DET_SF,2024,17,SF,DET,0,0.4234769533154703,0.4201316962847832,0.1,0.417239034631274,0.4007302366770833,0.01,0.40516877203103013,0.37799817244093137,0.01,0.40803152526729175,0.3830082447435381,0.01
2024_17_GB_MIN,2024,17,MIN,GB,1,0.4535439103474497,0.45086167265825366,0.1,0.5067657244318614,0.5194442011492771,0.01,0.5229275391862527,0.5450695186118728,0.01,0.5223861571773826,0.5451830395039051,0.01
2024_17_IND_NYG,2024,17,NYG,IND,1,0.38915566441970617,0.3848464566066113,0.1,0.4402803690693176,0.429971919592439,0.01,0.4248257432521945,0.39549213113079607,0.01,0.4355863088437257,0.41618938411461676,0.01
2024_17_KC_PIT,2024,17,PIT,KC,0,0.4233080535077543,0.41966532981887156,0.1,0.37525426891562513,0.34762170451855695,0.01,0.4291781915866936,0.42467449644437233,0.01,0.44288254710624436,0.45564418952457303,0.01
2024_17_LAC_NE,2024,17,NE,LAC,0,0.39965450557072624,0.3956241296297332,0.1,0.45563548080417565,0.4589326124023827,0.01,0.40368113549063794,0.371109942329279,0.01,0.4052931943977198,0.36698690377955356,0.01
2024_17_LV_NO,2024,17,NO,LV,0,0.6644881522322679,0.6689143338909164,0.1,0.6402769361889317,0.6328177300419108,0.01,0.6551614249809016,0.6651071434474632,0.01,0.6585389038216487,0.6752431887733652,0.01
2024_17_MIA_CLE,2024,17,CLE,MIA,0,0.35433822810334836,0.3486179123845699,0.1,0.35950114358207536,0.3239979070629641,0.01,0.3483838434052292,0.3302511343941954,0.01,0.3394697816191533,0.329953233304235,0.01
2024_17_NYJ_BUF,2024,17,BUF,NYJ,1,0.8033452424890769,0.8103525685051004,0.1,0.7862670191091168,0.7994455470485439,0.01,0.8079648505843783,0.82719887825478,0.01,0.8119543606340152,0.8326560701962494,0.01
2024_17_SEA_CHI,2024,17,CHI,SEA,0,0.4816337158888943,0.48003284271554175,0.1,0.4758138856685736,0.4693886905576037,0.01,0.5398167165545201,0.5631242769267797,0.01,0.5600007761498191,0.6043681132400455,0.01
2024_17_TEN_JAX,2024,17,JAX,TEN,1,0.5546489935254433,0.556020970636331,0.1,0.552460436167842,0.5556776261249052,0.01,0.5531104915059427,0.5673747247759413,0.01,0.5474026036135562,0.5577279686755321,0.01
2024_18_BUF_NE,2024,18,NE,BUF,1,0.1690637737248908,0.16110018467309187,0.1,0.20441481851648766,0.18875765456608173,0.01,0.17069952711822187,0.13611240702755456,0.01,0.16928191092059822,0.12934744997610825,0.01
2024_18_CAR_ATL,2024,18,ATL,CAR,0,0.7073491020653919,0.7124495729897707,0.1,0.7275462174682902,0.7523023328027805,0.01,0.7038299078430738,0.7237260961181052,0.01,0.718218941042738,0.7448686713421063,0.01
2024_18_CHI_GB,2024,18,GB,CHI,0,0.7398204822976711,0.7458538551052403,0.1,0.7148983023867118,0.7231228671673352,0.01,0.6910150783284491,0.6830966683848955,0.01,0.6904331873135519,0.6771781573139296,0.01
2024_18_CIN_PIT,2024,18,PIT,CIN,0,0.4357361373534604,0.4322225200783634,0.1,0.4471089444693655,0.43949709069069043,0.01,0.46580324756295594,0.4665784126854083,0.01,0.4831950185781386,0.49351502243559564,0.01
2024_18_CLE_BAL,2024,18,BAL,CLE,1,0.8787753263127034,0.8854990310571429,0.1,0.8727291343294798,0.8907451056153919,0.01,0.8779665500501979,0.8926335729651597,0.01,0.8790932228857371,0.8904962694364882,0.01
2024_18_HOU_TEN,2024,18,TEN,HOU,0,0.4258469480469993,0.422747057217157,0.1,0.46748364581734225,0.4745713656905734,0.01,0.4205938034092548,0.40472450787562997,0.01,0.42452165708892853,0.40250312638959734,0.01
2024_18_JAX_IND,2024,18,IND,JAX,1,0.5671369579682891,0.5680018817169835,0.1,0.5420449870872343,0.541773041814592,0.01,0.5671323841935824,0.5722313359196647,0.01,0.5574307107854455,0.5582073818590803,0.01
2024_18_KC_DEN,2024,18,DEN,KC,1,0.44366719241880126,0.4405468269057818,0.1,0.4074801994535749,0.39195274313134687,0.01,0.42405975563474146,0.4160904856706271,0.01,0.43301257381693753,0.43601738653320815,0.01
2024_18_LAC_LV,2024,18,LV,LAC,0,0.34424794898231803,0.3384817638238752,0.1,0.38812021169717376,0.39148879194437947,0.01,0.36030004632707113,0.3385788204372036,0.01,0.35506373562490173,0.3267650372629795,0.01
2024_18_MIA_NYJ,2024,18,NYJ,MIA,1,0.4261779554828738,0.4228802531066366,0.1,0.41750980138105936,0.39833990391141877,0.01,0.4168718022616879,0.4158462346316762,0.01,0.4128423865543369,0.41882124638513396,0.01
2024_18_MIN_DET,2024,18,DET,MIN,1,0.6710792932295007,0.6758498312509986,0.1,0.6620362526683788,0.670027924248045,0.01,0.6493933575919987,0.6535380344278929,0.01,0.6362089443543761,0.6267888006173898,0.01
2024_18_NO_TB,2024,18,TB,NO,1,0.7012520706393476,0.706655108343865,0.1,0.7029102115162745,0.7203801655285001,0.01,0.6726851740719829,0.6760254882200805,0.01,0.6719797845884261,0.6657234549903638,0.01
2024_18_NYG_PHI,2024,18,PHI,NYG,1,0.8323224394181773,0.839132537359366,0.1,0.8174694059767462,0.8368744754228655,0.01,0.8175670265200687,0.8462127135764768,0.01,0.8039670457478768,0.825893914743062,0.01
2024_18_SEA_LA,2024,18,LA,SEA,0,0.5786026199060397,0.5804750415639108,0.1,0.6024120604566559,0.6215973786563302,0.01,0.63009294692461,0.6561167940498078,0.01,0.6237913894120825,0.649194595134301,0.01
2024_18_SF_ARI,2024,18,ARI,SF,1,0.40591786665580054,0.40209401713628,0.1,0.4064727180514484,0.3993312334277746,0.01,0.4054954780278243,0.3854464412496655,0.01,0.4222014735049133,0.4100752590180147,0.01
2024_18_WAS_DAL,2024,18,DAL,WAS,0,0.33357064381941665,0.3274302443351355,0.1,0.34453429245300377,0.32320431164077396,0.01,0.3738570714402586,0.35271792388670437,0.01,0.40903792582782345,0.4127784402957421,0.01
